seed,config,model,dataset,tokens_trained,layer,expert,count
42,medium,deepseekv4_attnmhc_dnd,tiny_shakespeare,2048,0,0,369
42,medium,deepseekv4_attnmhc_dnd,tiny_shakespeare,2048,0,1,230
42,medium,deepseekv4_attnmhc_dnd,tiny_shakespeare,2048,0,2,393
42,medium,deepseekv4_attnmhc_dnd,tiny_shakespeare,2048,0,3,876
42,medium,deepseekv4_attnmhc_dnd,tiny_shakespeare,2048,0,4,417
42,medium,deepseekv4_attnmhc_dnd,tiny_shakespeare,2048,0,5,684
42,medium,deepseekv4_attnmhc_dnd,tiny_shakespeare,2048,0,6,277
42,medium,deepseekv4_attnmhc_dnd,tiny_shakespeare,2048,0,7,850
42,medium,deepseekv4_attnmhc_dnd,tiny_shakespeare,2048,1,0,395
42,medium,deepseekv4_attnmhc_dnd,tiny_shakespeare,2048,1,1,404
42,medium,deepseekv4_attnmhc_dnd,tiny_shakespeare,2048,1,2,918
42,medium,deepseekv4_attnmhc_dnd,tiny_shakespeare,2048,1,3,496
42,medium,deepseekv4_attnmhc_dnd,tiny_shakespeare,2048,1,4,652
42,medium,deepseekv4_attnmhc_dnd,tiny_shakespeare,2048,1,5,310
42,medium,deepseekv4_attnmhc_dnd,tiny_shakespeare,2048,1,6,524
42,medium,deepseekv4_attnmhc_dnd,tiny_shakespeare,2048,1,7,397
42,medium,deepseekv4_attnmhc_dnd,tiny_shakespeare,2048,2,0,773
42,medium,deepseekv4_attnmhc_dnd,tiny_shakespeare,2048,2,1,565
42,medium,deepseekv4_attnmhc_dnd,tiny_shakespeare,2048,2,2,657
42,medium,deepseekv4_attnmhc_dnd,tiny_shakespeare,2048,2,3,609
42,medium,deepseekv4_attnmhc_dnd,tiny_shakespeare,2048,2,4,637
42,medium,deepseekv4_attnmhc_dnd,tiny_shakespeare,2048,2,5,539
42,medium,deepseekv4_attnmhc_dnd,tiny_shakespeare,2048,2,6,207
42,medium,deepseekv4_attnmhc_dnd,tiny_shakespeare,2048,2,7,109
42,medium,deepseekv4_attnmhc_dnd,tiny_shakespeare,2048,3,0,827
42,medium,deepseekv4_attnmhc_dnd,tiny_shakespeare,2048,3,1,377
42,medium,deepseekv4_attnmhc_dnd,tiny_shakespeare,2048,3,2,488
42,medium,deepseekv4_attnmhc_dnd,tiny_shakespeare,2048,3,3,676
42,medium,deepseekv4_attnmhc_dnd,tiny_shakespeare,2048,3,4,310
42,medium,deepseekv4_attnmhc_dnd,tiny_shakespeare,2048,3,5,720
42,medium,deepseekv4_attnmhc_dnd,tiny_shakespeare,2048,3,6,213
42,medium,deepseekv4_attnmhc_dnd,tiny_shakespeare,2048,3,7,485
42,medium,deepseekv4_attnmhc_dnd,tiny_shakespeare,2048,4,0,550
42,medium,deepseekv4_attnmhc_dnd,tiny_shakespeare,2048,4,1,1032
42,medium,deepseekv4_attnmhc_dnd,tiny_shakespeare,2048,4,2,267
42,medium,deepseekv4_attnmhc_dnd,tiny_shakespeare,2048,4,3,538
42,medium,deepseekv4_attnmhc_dnd,tiny_shakespeare,2048,4,4,513
42,medium,deepseekv4_attnmhc_dnd,tiny_shakespeare,2048,4,5,374
42,medium,deepseekv4_attnmhc_dnd,tiny_shakespeare,2048,4,6,534
42,medium,deepseekv4_attnmhc_dnd,tiny_shakespeare,2048,4,7,288
42,medium,deepseekv4_attnmhc_dnd,tiny_shakespeare,2048,5,0,575
42,medium,deepseekv4_attnmhc_dnd,tiny_shakespeare,2048,5,1,951
42,medium,deepseekv4_attnmhc_dnd,tiny_shakespeare,2048,5,2,377
42,medium,deepseekv4_attnmhc_dnd,tiny_shakespeare,2048,5,3,339
42,medium,deepseekv4_attnmhc_dnd,tiny_shakespeare,2048,5,4,1059
42,medium,deepseekv4_attnmhc_dnd,tiny_shakespeare,2048,5,5,216
42,medium,deepseekv4_attnmhc_dnd,tiny_shakespeare,2048,5,6,283
42,medium,deepseekv4_attnmhc_dnd,tiny_shakespeare,2048,5,7,296
42,medium,deepseekv4_attnmhc_dnd,tiny_shakespeare,204800,0,0,331
42,medium,deepseekv4_attnmhc_dnd,tiny_shakespeare,204800,0,1,241
42,medium,deepseekv4_attnmhc_dnd,tiny_shakespeare,204800,0,2,383
42,medium,deepseekv4_attnmhc_dnd,tiny_shakespeare,204800,0,3,871
42,medium,deepseekv4_attnmhc_dnd,tiny_shakespeare,204800,0,4,402
42,medium,deepseekv4_attnmhc_dnd,tiny_shakespeare,204800,0,5,695
42,medium,deepseekv4_attnmhc_dnd,tiny_shakespeare,204800,0,6,288
42,medium,deepseekv4_attnmhc_dnd,tiny_shakespeare,204800,0,7,885
42,medium,deepseekv4_attnmhc_dnd,tiny_shakespeare,204800,1,0,359
42,medium,deepseekv4_attnmhc_dnd,tiny_shakespeare,204800,1,1,419
42,medium,deepseekv4_attnmhc_dnd,tiny_shakespeare,204800,1,2,1001
42,medium,deepseekv4_attnmhc_dnd,tiny_shakespeare,204800,1,3,513
42,medium,deepseekv4_attnmhc_dnd,tiny_shakespeare,204800,1,4,648
42,medium,deepseekv4_attnmhc_dnd,tiny_shakespeare,204800,1,5,305
42,medium,deepseekv4_attnmhc_dnd,tiny_shakespeare,204800,1,6,482
42,medium,deepseekv4_attnmhc_dnd,tiny_shakespeare,204800,1,7,369
42,medium,deepseekv4_attnmhc_dnd,tiny_shakespeare,204800,2,0,607
42,medium,deepseekv4_attnmhc_dnd,tiny_shakespeare,204800,2,1,507
42,medium,deepseekv4_attnmhc_dnd,tiny_shakespeare,204800,2,2,471
42,medium,deepseekv4_attnmhc_dnd,tiny_shakespeare,204800,2,3,452
42,medium,deepseekv4_attnmhc_dnd,tiny_shakespeare,204800,2,4,505
42,medium,deepseekv4_attnmhc_dnd,tiny_shakespeare,204800,2,5,457
42,medium,deepseekv4_attnmhc_dnd,tiny_shakespeare,204800,2,6,744
42,medium,deepseekv4_attnmhc_dnd,tiny_shakespeare,204800,2,7,353
42,medium,deepseekv4_attnmhc_dnd,tiny_shakespeare,204800,3,0,373
42,medium,deepseekv4_attnmhc_dnd,tiny_shakespeare,204800,3,1,520
42,medium,deepseekv4_attnmhc_dnd,tiny_shakespeare,204800,3,2,708
42,medium,deepseekv4_attnmhc_dnd,tiny_shakespeare,204800,3,3,528
42,medium,deepseekv4_attnmhc_dnd,tiny_shakespeare,204800,3,4,417
42,medium,deepseekv4_attnmhc_dnd,tiny_shakespeare,204800,3,5,487
42,medium,deepseekv4_attnmhc_dnd,tiny_shakespeare,204800,3,6,497
42,medium,deepseekv4_attnmhc_dnd,tiny_shakespeare,204800,3,7,566
42,medium,deepseekv4_attnmhc_dnd,tiny_shakespeare,204800,4,0,470
42,medium,deepseekv4_attnmhc_dnd,tiny_shakespeare,204800,4,1,538
42,medium,deepseekv4_attnmhc_dnd,tiny_shakespeare,204800,4,2,536
42,medium,deepseekv4_attnmhc_dnd,tiny_shakespeare,204800,4,3,526
42,medium,deepseekv4_attnmhc_dnd,tiny_shakespeare,204800,4,4,466
42,medium,deepseekv4_attnmhc_dnd,tiny_shakespeare,204800,4,5,465
42,medium,deepseekv4_attnmhc_dnd,tiny_shakespeare,204800,4,6,590
42,medium,deepseekv4_attnmhc_dnd,tiny_shakespeare,204800,4,7,505
42,medium,deepseekv4_attnmhc_dnd,tiny_shakespeare,204800,5,0,396
42,medium,deepseekv4_attnmhc_dnd,tiny_shakespeare,204800,5,1,660
42,medium,deepseekv4_attnmhc_dnd,tiny_shakespeare,204800,5,2,354
42,medium,deepseekv4_attnmhc_dnd,tiny_shakespeare,204800,5,3,389
42,medium,deepseekv4_attnmhc_dnd,tiny_shakespeare,204800,5,4,316
42,medium,deepseekv4_attnmhc_dnd,tiny_shakespeare,204800,5,5,682
42,medium,deepseekv4_attnmhc_dnd,tiny_shakespeare,204800,5,6,339
42,medium,deepseekv4_attnmhc_dnd,tiny_shakespeare,204800,5,7,960
42,medium,deepseekv4_attnmhc_dnd,tiny_shakespeare,409600,0,0,379
42,medium,deepseekv4_attnmhc_dnd,tiny_shakespeare,409600,0,1,264
42,medium,deepseekv4_attnmhc_dnd,tiny_shakespeare,409600,0,2,348
42,medium,deepseekv4_attnmhc_dnd,tiny_shakespeare,409600,0,3,885
42,medium,deepseekv4_attnmhc_dnd,tiny_shakespeare,409600,0,4,394
42,medium,deepseekv4_attnmhc_dnd,tiny_shakespeare,409600,0,5,683
42,medium,deepseekv4_attnmhc_dnd,tiny_shakespeare,409600,0,6,290
42,medium,deepseekv4_attnmhc_dnd,tiny_shakespeare,409600,0,7,853
42,medium,deepseekv4_attnmhc_dnd,tiny_shakespeare,409600,1,0,362
42,medium,deepseekv4_attnmhc_dnd,tiny_shakespeare,409600,1,1,444
42,medium,deepseekv4_attnmhc_dnd,tiny_shakespeare,409600,1,2,893
42,medium,deepseekv4_attnmhc_dnd,tiny_shakespeare,409600,1,3,495
42,medium,deepseekv4_attnmhc_dnd,tiny_shakespeare,409600,1,4,648
42,medium,deepseekv4_attnmhc_dnd,tiny_shakespeare,409600,1,5,271
42,medium,deepseekv4_attnmhc_dnd,tiny_shakespeare,409600,1,6,573
42,medium,deepseekv4_attnmhc_dnd,tiny_shakespeare,409600,1,7,410
42,medium,deepseekv4_attnmhc_dnd,tiny_shakespeare,409600,2,0,466
42,medium,deepseekv4_attnmhc_dnd,tiny_shakespeare,409600,2,1,506
42,medium,deepseekv4_attnmhc_dnd,tiny_shakespeare,409600,2,2,558
42,medium,deepseekv4_attnmhc_dnd,tiny_shakespeare,409600,2,3,450
42,medium,deepseekv4_attnmhc_dnd,tiny_shakespeare,409600,2,4,472
42,medium,deepseekv4_attnmhc_dnd,tiny_shakespeare,409600,2,5,510
42,medium,deepseekv4_attnmhc_dnd,tiny_shakespeare,409600,2,6,666
42,medium,deepseekv4_attnmhc_dnd,tiny_shakespeare,409600,2,7,468
42,medium,deepseekv4_attnmhc_dnd,tiny_shakespeare,409600,3,0,513
42,medium,deepseekv4_attnmhc_dnd,tiny_shakespeare,409600,3,1,509
42,medium,deepseekv4_attnmhc_dnd,tiny_shakespeare,409600,3,2,500
42,medium,deepseekv4_attnmhc_dnd,tiny_shakespeare,409600,3,3,543
42,medium,deepseekv4_attnmhc_dnd,tiny_shakespeare,409600,3,4,539
42,medium,deepseekv4_attnmhc_dnd,tiny_shakespeare,409600,3,5,506
42,medium,deepseekv4_attnmhc_dnd,tiny_shakespeare,409600,3,6,429
42,medium,deepseekv4_attnmhc_dnd,tiny_shakespeare,409600,3,7,557
42,medium,deepseekv4_attnmhc_dnd,tiny_shakespeare,409600,4,0,502
42,medium,deepseekv4_attnmhc_dnd,tiny_shakespeare,409600,4,1,438
42,medium,deepseekv4_attnmhc_dnd,tiny_shakespeare,409600,4,2,609
42,medium,deepseekv4_attnmhc_dnd,tiny_shakespeare,409600,4,3,545
42,medium,deepseekv4_attnmhc_dnd,tiny_shakespeare,409600,4,4,486
42,medium,deepseekv4_attnmhc_dnd,tiny_shakespeare,409600,4,5,538
42,medium,deepseekv4_attnmhc_dnd,tiny_shakespeare,409600,4,6,483
42,medium,deepseekv4_attnmhc_dnd,tiny_shakespeare,409600,4,7,495
42,medium,deepseekv4_attnmhc_dnd,tiny_shakespeare,409600,5,0,473
42,medium,deepseekv4_attnmhc_dnd,tiny_shakespeare,409600,5,1,550
42,medium,deepseekv4_attnmhc_dnd,tiny_shakespeare,409600,5,2,516
42,medium,deepseekv4_attnmhc_dnd,tiny_shakespeare,409600,5,3,481
42,medium,deepseekv4_attnmhc_dnd,tiny_shakespeare,409600,5,4,560
42,medium,deepseekv4_attnmhc_dnd,tiny_shakespeare,409600,5,5,463
42,medium,deepseekv4_attnmhc_dnd,tiny_shakespeare,409600,5,6,541
42,medium,deepseekv4_attnmhc_dnd,tiny_shakespeare,409600,5,7,512
42,medium,deepseekv4_attnmhc_dnd,tiny_shakespeare,614400,0,0,373
42,medium,deepseekv4_attnmhc_dnd,tiny_shakespeare,614400,0,1,258
42,medium,deepseekv4_attnmhc_dnd,tiny_shakespeare,614400,0,2,379
42,medium,deepseekv4_attnmhc_dnd,tiny_shakespeare,614400,0,3,897
42,medium,deepseekv4_attnmhc_dnd,tiny_shakespeare,614400,0,4,400
42,medium,deepseekv4_attnmhc_dnd,tiny_shakespeare,614400,0,5,693
42,medium,deepseekv4_attnmhc_dnd,tiny_shakespeare,614400,0,6,290
42,medium,deepseekv4_attnmhc_dnd,tiny_shakespeare,614400,0,7,806
42,medium,deepseekv4_attnmhc_dnd,tiny_shakespeare,614400,1,0,346
42,medium,deepseekv4_attnmhc_dnd,tiny_shakespeare,614400,1,1,406
42,medium,deepseekv4_attnmhc_dnd,tiny_shakespeare,614400,1,2,986
42,medium,deepseekv4_attnmhc_dnd,tiny_shakespeare,614400,1,3,500
42,medium,deepseekv4_attnmhc_dnd,tiny_shakespeare,614400,1,4,657
42,medium,deepseekv4_attnmhc_dnd,tiny_shakespeare,614400,1,5,270
42,medium,deepseekv4_attnmhc_dnd,tiny_shakespeare,614400,1,6,516
42,medium,deepseekv4_attnmhc_dnd,tiny_shakespeare,614400,1,7,415
42,medium,deepseekv4_attnmhc_dnd,tiny_shakespeare,614400,2,0,484
42,medium,deepseekv4_attnmhc_dnd,tiny_shakespeare,614400,2,1,551
42,medium,deepseekv4_attnmhc_dnd,tiny_shakespeare,614400,2,2,510
42,medium,deepseekv4_attnmhc_dnd,tiny_shakespeare,614400,2,3,553
42,medium,deepseekv4_attnmhc_dnd,tiny_shakespeare,614400,2,4,487
42,medium,deepseekv4_attnmhc_dnd,tiny_shakespeare,614400,2,5,511
42,medium,deepseekv4_attnmhc_dnd,tiny_shakespeare,614400,2,6,476
42,medium,deepseekv4_attnmhc_dnd,tiny_shakespeare,614400,2,7,524
42,medium,deepseekv4_attnmhc_dnd,tiny_shakespeare,614400,3,0,542
42,medium,deepseekv4_attnmhc_dnd,tiny_shakespeare,614400,3,1,543
42,medium,deepseekv4_attnmhc_dnd,tiny_shakespeare,614400,3,2,529
42,medium,deepseekv4_attnmhc_dnd,tiny_shakespeare,614400,3,3,434
42,medium,deepseekv4_attnmhc_dnd,tiny_shakespeare,614400,3,4,568
42,medium,deepseekv4_attnmhc_dnd,tiny_shakespeare,614400,3,5,475
42,medium,deepseekv4_attnmhc_dnd,tiny_shakespeare,614400,3,6,547
42,medium,deepseekv4_attnmhc_dnd,tiny_shakespeare,614400,3,7,458
42,medium,deepseekv4_attnmhc_dnd,tiny_shakespeare,614400,4,0,536
42,medium,deepseekv4_attnmhc_dnd,tiny_shakespeare,614400,4,1,566
42,medium,deepseekv4_attnmhc_dnd,tiny_shakespeare,614400,4,2,490
42,medium,deepseekv4_attnmhc_dnd,tiny_shakespeare,614400,4,3,547
42,medium,deepseekv4_attnmhc_dnd,tiny_shakespeare,614400,4,4,441
42,medium,deepseekv4_attnmhc_dnd,tiny_shakespeare,614400,4,5,543
42,medium,deepseekv4_attnmhc_dnd,tiny_shakespeare,614400,4,6,607
42,medium,deepseekv4_attnmhc_dnd,tiny_shakespeare,614400,4,7,366
42,medium,deepseekv4_attnmhc_dnd,tiny_shakespeare,614400,5,0,472
42,medium,deepseekv4_attnmhc_dnd,tiny_shakespeare,614400,5,1,431
42,medium,deepseekv4_attnmhc_dnd,tiny_shakespeare,614400,5,2,587
42,medium,deepseekv4_attnmhc_dnd,tiny_shakespeare,614400,5,3,635
42,medium,deepseekv4_attnmhc_dnd,tiny_shakespeare,614400,5,4,533
42,medium,deepseekv4_attnmhc_dnd,tiny_shakespeare,614400,5,5,474
42,medium,deepseekv4_attnmhc_dnd,tiny_shakespeare,614400,5,6,486
42,medium,deepseekv4_attnmhc_dnd,tiny_shakespeare,614400,5,7,478
42,medium,deepseekv4_attnmhc_dnd,tiny_shakespeare,819200,0,0,384
42,medium,deepseekv4_attnmhc_dnd,tiny_shakespeare,819200,0,1,237
42,medium,deepseekv4_attnmhc_dnd,tiny_shakespeare,819200,0,2,389
42,medium,deepseekv4_attnmhc_dnd,tiny_shakespeare,819200,0,3,877
42,medium,deepseekv4_attnmhc_dnd,tiny_shakespeare,819200,0,4,422
42,medium,deepseekv4_attnmhc_dnd,tiny_shakespeare,819200,0,5,650
42,medium,deepseekv4_attnmhc_dnd,tiny_shakespeare,819200,0,6,282
42,medium,deepseekv4_attnmhc_dnd,tiny_shakespeare,819200,0,7,855
42,medium,deepseekv4_attnmhc_dnd,tiny_shakespeare,819200,1,0,392
42,medium,deepseekv4_attnmhc_dnd,tiny_shakespeare,819200,1,1,394
42,medium,deepseekv4_attnmhc_dnd,tiny_shakespeare,819200,1,2,940
42,medium,deepseekv4_attnmhc_dnd,tiny_shakespeare,819200,1,3,528
42,medium,deepseekv4_attnmhc_dnd,tiny_shakespeare,819200,1,4,620
42,medium,deepseekv4_attnmhc_dnd,tiny_shakespeare,819200,1,5,264
42,medium,deepseekv4_attnmhc_dnd,tiny_shakespeare,819200,1,6,528
42,medium,deepseekv4_attnmhc_dnd,tiny_shakespeare,819200,1,7,430
42,medium,deepseekv4_attnmhc_dnd,tiny_shakespeare,819200,2,0,512
42,medium,deepseekv4_attnmhc_dnd,tiny_shakespeare,819200,2,1,452
42,medium,deepseekv4_attnmhc_dnd,tiny_shakespeare,819200,2,2,507
42,medium,deepseekv4_attnmhc_dnd,tiny_shakespeare,819200,2,3,520
42,medium,deepseekv4_attnmhc_dnd,tiny_shakespeare,819200,2,4,555
42,medium,deepseekv4_attnmhc_dnd,tiny_shakespeare,819200,2,5,517
42,medium,deepseekv4_attnmhc_dnd,tiny_shakespeare,819200,2,6,501
42,medium,deepseekv4_attnmhc_dnd,tiny_shakespeare,819200,2,7,532
42,medium,deepseekv4_attnmhc_dnd,tiny_shakespeare,819200,3,0,498
42,medium,deepseekv4_attnmhc_dnd,tiny_shakespeare,819200,3,1,500
42,medium,deepseekv4_attnmhc_dnd,tiny_shakespeare,819200,3,2,562
42,medium,deepseekv4_attnmhc_dnd,tiny_shakespeare,819200,3,3,540
42,medium,deepseekv4_attnmhc_dnd,tiny_shakespeare,819200,3,4,475
42,medium,deepseekv4_attnmhc_dnd,tiny_shakespeare,819200,3,5,463
42,medium,deepseekv4_attnmhc_dnd,tiny_shakespeare,819200,3,6,529
42,medium,deepseekv4_attnmhc_dnd,tiny_shakespeare,819200,3,7,529
42,medium,deepseekv4_attnmhc_dnd,tiny_shakespeare,819200,4,0,558
42,medium,deepseekv4_attnmhc_dnd,tiny_shakespeare,819200,4,1,543
42,medium,deepseekv4_attnmhc_dnd,tiny_shakespeare,819200,4,2,516
42,medium,deepseekv4_attnmhc_dnd,tiny_shakespeare,819200,4,3,535
42,medium,deepseekv4_attnmhc_dnd,tiny_shakespeare,819200,4,4,518
42,medium,deepseekv4_attnmhc_dnd,tiny_shakespeare,819200,4,5,489
42,medium,deepseekv4_attnmhc_dnd,tiny_shakespeare,819200,4,6,504
42,medium,deepseekv4_attnmhc_dnd,tiny_shakespeare,819200,4,7,433
42,medium,deepseekv4_attnmhc_dnd,tiny_shakespeare,819200,5,0,470
42,medium,deepseekv4_attnmhc_dnd,tiny_shakespeare,819200,5,1,557
42,medium,deepseekv4_attnmhc_dnd,tiny_shakespeare,819200,5,2,505
42,medium,deepseekv4_attnmhc_dnd,tiny_shakespeare,819200,5,3,601
42,medium,deepseekv4_attnmhc_dnd,tiny_shakespeare,819200,5,4,430
42,medium,deepseekv4_attnmhc_dnd,tiny_shakespeare,819200,5,5,514
42,medium,deepseekv4_attnmhc_dnd,tiny_shakespeare,819200,5,6,517
42,medium,deepseekv4_attnmhc_dnd,tiny_shakespeare,819200,5,7,502
42,medium,deepseekv4_attnmhc_dnd,tiny_shakespeare,1024000,0,0,344
42,medium,deepseekv4_attnmhc_dnd,tiny_shakespeare,1024000,0,1,251
42,medium,deepseekv4_attnmhc_dnd,tiny_shakespeare,1024000,0,2,366
42,medium,deepseekv4_attnmhc_dnd,tiny_shakespeare,1024000,0,3,865
42,medium,deepseekv4_attnmhc_dnd,tiny_shakespeare,1024000,0,4,429
42,medium,deepseekv4_attnmhc_dnd,tiny_shakespeare,1024000,0,5,739
42,medium,deepseekv4_attnmhc_dnd,tiny_shakespeare,1024000,0,6,259
42,medium,deepseekv4_attnmhc_dnd,tiny_shakespeare,1024000,0,7,843
42,medium,deepseekv4_attnmhc_dnd,tiny_shakespeare,1024000,1,0,373
42,medium,deepseekv4_attnmhc_dnd,tiny_shakespeare,1024000,1,1,401
42,medium,deepseekv4_attnmhc_dnd,tiny_shakespeare,1024000,1,2,922
42,medium,deepseekv4_attnmhc_dnd,tiny_shakespeare,1024000,1,3,499
42,medium,deepseekv4_attnmhc_dnd,tiny_shakespeare,1024000,1,4,667
42,medium,deepseekv4_attnmhc_dnd,tiny_shakespeare,1024000,1,5,292
42,medium,deepseekv4_attnmhc_dnd,tiny_shakespeare,1024000,1,6,523
42,medium,deepseekv4_attnmhc_dnd,tiny_shakespeare,1024000,1,7,419
42,medium,deepseekv4_attnmhc_dnd,tiny_shakespeare,1024000,2,0,513
42,medium,deepseekv4_attnmhc_dnd,tiny_shakespeare,1024000,2,1,503
42,medium,deepseekv4_attnmhc_dnd,tiny_shakespeare,1024000,2,2,563
42,medium,deepseekv4_attnmhc_dnd,tiny_shakespeare,1024000,2,3,503
42,medium,deepseekv4_attnmhc_dnd,tiny_shakespeare,1024000,2,4,468
42,medium,deepseekv4_attnmhc_dnd,tiny_shakespeare,1024000,2,5,503
42,medium,deepseekv4_attnmhc_dnd,tiny_shakespeare,1024000,2,6,556
42,medium,deepseekv4_attnmhc_dnd,tiny_shakespeare,1024000,2,7,487
42,medium,deepseekv4_attnmhc_dnd,tiny_shakespeare,1024000,3,0,520
42,medium,deepseekv4_attnmhc_dnd,tiny_shakespeare,1024000,3,1,513
42,medium,deepseekv4_attnmhc_dnd,tiny_shakespeare,1024000,3,2,532
42,medium,deepseekv4_attnmhc_dnd,tiny_shakespeare,1024000,3,3,481
42,medium,deepseekv4_attnmhc_dnd,tiny_shakespeare,1024000,3,4,512
42,medium,deepseekv4_attnmhc_dnd,tiny_shakespeare,1024000,3,5,519
42,medium,deepseekv4_attnmhc_dnd,tiny_shakespeare,1024000,3,6,527
42,medium,deepseekv4_attnmhc_dnd,tiny_shakespeare,1024000,3,7,492
42,medium,deepseekv4_attnmhc_dnd,tiny_shakespeare,1024000,4,0,559
42,medium,deepseekv4_attnmhc_dnd,tiny_shakespeare,1024000,4,1,528
42,medium,deepseekv4_attnmhc_dnd,tiny_shakespeare,1024000,4,2,504
42,medium,deepseekv4_attnmhc_dnd,tiny_shakespeare,1024000,4,3,505
42,medium,deepseekv4_attnmhc_dnd,tiny_shakespeare,1024000,4,4,539
42,medium,deepseekv4_attnmhc_dnd,tiny_shakespeare,1024000,4,5,435
42,medium,deepseekv4_attnmhc_dnd,tiny_shakespeare,1024000,4,6,493
42,medium,deepseekv4_attnmhc_dnd,tiny_shakespeare,1024000,4,7,533
42,medium,deepseekv4_attnmhc_dnd,tiny_shakespeare,1024000,5,0,455
42,medium,deepseekv4_attnmhc_dnd,tiny_shakespeare,1024000,5,1,567
42,medium,deepseekv4_attnmhc_dnd,tiny_shakespeare,1024000,5,2,521
42,medium,deepseekv4_attnmhc_dnd,tiny_shakespeare,1024000,5,3,521
42,medium,deepseekv4_attnmhc_dnd,tiny_shakespeare,1024000,5,4,559
42,medium,deepseekv4_attnmhc_dnd,tiny_shakespeare,1024000,5,5,493
42,medium,deepseekv4_attnmhc_dnd,tiny_shakespeare,1024000,5,6,436
42,medium,deepseekv4_attnmhc_dnd,tiny_shakespeare,1024000,5,7,544
42,medium,deepseekv4_attnmhc_dnd,tiny_shakespeare,1228800,0,0,379
42,medium,deepseekv4_attnmhc_dnd,tiny_shakespeare,1228800,0,1,241
42,medium,deepseekv4_attnmhc_dnd,tiny_shakespeare,1228800,0,2,401
42,medium,deepseekv4_attnmhc_dnd,tiny_shakespeare,1228800,0,3,887
42,medium,deepseekv4_attnmhc_dnd,tiny_shakespeare,1228800,0,4,347
42,medium,deepseekv4_attnmhc_dnd,tiny_shakespeare,1228800,0,5,695
42,medium,deepseekv4_attnmhc_dnd,tiny_shakespeare,1228800,0,6,301
42,medium,deepseekv4_attnmhc_dnd,tiny_shakespeare,1228800,0,7,845
42,medium,deepseekv4_attnmhc_dnd,tiny_shakespeare,1228800,1,0,382
42,medium,deepseekv4_attnmhc_dnd,tiny_shakespeare,1228800,1,1,391
42,medium,deepseekv4_attnmhc_dnd,tiny_shakespeare,1228800,1,2,938
42,medium,deepseekv4_attnmhc_dnd,tiny_shakespeare,1228800,1,3,510
42,medium,deepseekv4_attnmhc_dnd,tiny_shakespeare,1228800,1,4,642
42,medium,deepseekv4_attnmhc_dnd,tiny_shakespeare,1228800,1,5,279
42,medium,deepseekv4_attnmhc_dnd,tiny_shakespeare,1228800,1,6,540
42,medium,deepseekv4_attnmhc_dnd,tiny_shakespeare,1228800,1,7,414
42,medium,deepseekv4_attnmhc_dnd,tiny_shakespeare,1228800,2,0,484
42,medium,deepseekv4_attnmhc_dnd,tiny_shakespeare,1228800,2,1,544
42,medium,deepseekv4_attnmhc_dnd,tiny_shakespeare,1228800,2,2,429
42,medium,deepseekv4_attnmhc_dnd,tiny_shakespeare,1228800,2,3,486
42,medium,deepseekv4_attnmhc_dnd,tiny_shakespeare,1228800,2,4,533
42,medium,deepseekv4_attnmhc_dnd,tiny_shakespeare,1228800,2,5,539
42,medium,deepseekv4_attnmhc_dnd,tiny_shakespeare,1228800,2,6,541
42,medium,deepseekv4_attnmhc_dnd,tiny_shakespeare,1228800,2,7,540
42,medium,deepseekv4_attnmhc_dnd,tiny_shakespeare,1228800,3,0,523
42,medium,deepseekv4_attnmhc_dnd,tiny_shakespeare,1228800,3,1,537
42,medium,deepseekv4_attnmhc_dnd,tiny_shakespeare,1228800,3,2,544
42,medium,deepseekv4_attnmhc_dnd,tiny_shakespeare,1228800,3,3,488
42,medium,deepseekv4_attnmhc_dnd,tiny_shakespeare,1228800,3,4,540
42,medium,deepseekv4_attnmhc_dnd,tiny_shakespeare,1228800,3,5,511
42,medium,deepseekv4_attnmhc_dnd,tiny_shakespeare,1228800,3,6,512
42,medium,deepseekv4_attnmhc_dnd,tiny_shakespeare,1228800,3,7,441
42,medium,deepseekv4_attnmhc_dnd,tiny_shakespeare,1228800,4,0,567
42,medium,deepseekv4_attnmhc_dnd,tiny_shakespeare,1228800,4,1,464
42,medium,deepseekv4_attnmhc_dnd,tiny_shakespeare,1228800,4,2,500
42,medium,deepseekv4_attnmhc_dnd,tiny_shakespeare,1228800,4,3,548
42,medium,deepseekv4_attnmhc_dnd,tiny_shakespeare,1228800,4,4,455
42,medium,deepseekv4_attnmhc_dnd,tiny_shakespeare,1228800,4,5,551
42,medium,deepseekv4_attnmhc_dnd,tiny_shakespeare,1228800,4,6,475
42,medium,deepseekv4_attnmhc_dnd,tiny_shakespeare,1228800,4,7,536
42,medium,deepseekv4_attnmhc_dnd,tiny_shakespeare,1228800,5,0,533
42,medium,deepseekv4_attnmhc_dnd,tiny_shakespeare,1228800,5,1,497
42,medium,deepseekv4_attnmhc_dnd,tiny_shakespeare,1228800,5,2,503
42,medium,deepseekv4_attnmhc_dnd,tiny_shakespeare,1228800,5,3,538
42,medium,deepseekv4_attnmhc_dnd,tiny_shakespeare,1228800,5,4,535
42,medium,deepseekv4_attnmhc_dnd,tiny_shakespeare,1228800,5,5,540
42,medium,deepseekv4_attnmhc_dnd,tiny_shakespeare,1228800,5,6,461
42,medium,deepseekv4_attnmhc_dnd,tiny_shakespeare,1228800,5,7,489
42,medium,deepseekv4_attnmhc_dnd,tiny_shakespeare,1433600,0,0,399
42,medium,deepseekv4_attnmhc_dnd,tiny_shakespeare,1433600,0,1,248
42,medium,deepseekv4_attnmhc_dnd,tiny_shakespeare,1433600,0,2,382
42,medium,deepseekv4_attnmhc_dnd,tiny_shakespeare,1433600,0,3,899
42,medium,deepseekv4_attnmhc_dnd,tiny_shakespeare,1433600,0,4,395
42,medium,deepseekv4_attnmhc_dnd,tiny_shakespeare,1433600,0,5,669
42,medium,deepseekv4_attnmhc_dnd,tiny_shakespeare,1433600,0,6,271
42,medium,deepseekv4_attnmhc_dnd,tiny_shakespeare,1433600,0,7,833
42,medium,deepseekv4_attnmhc_dnd,tiny_shakespeare,1433600,1,0,384
42,medium,deepseekv4_attnmhc_dnd,tiny_shakespeare,1433600,1,1,408
42,medium,deepseekv4_attnmhc_dnd,tiny_shakespeare,1433600,1,2,937
42,medium,deepseekv4_attnmhc_dnd,tiny_shakespeare,1433600,1,3,491
42,medium,deepseekv4_attnmhc_dnd,tiny_shakespeare,1433600,1,4,652
42,medium,deepseekv4_attnmhc_dnd,tiny_shakespeare,1433600,1,5,284
42,medium,deepseekv4_attnmhc_dnd,tiny_shakespeare,1433600,1,6,516
42,medium,deepseekv4_attnmhc_dnd,tiny_shakespeare,1433600,1,7,424
42,medium,deepseekv4_attnmhc_dnd,tiny_shakespeare,1433600,2,0,547
42,medium,deepseekv4_attnmhc_dnd,tiny_shakespeare,1433600,2,1,453
42,medium,deepseekv4_attnmhc_dnd,tiny_shakespeare,1433600,2,2,498
42,medium,deepseekv4_attnmhc_dnd,tiny_shakespeare,1433600,2,3,523
42,medium,deepseekv4_attnmhc_dnd,tiny_shakespeare,1433600,2,4,500
42,medium,deepseekv4_attnmhc_dnd,tiny_shakespeare,1433600,2,5,518
42,medium,deepseekv4_attnmhc_dnd,tiny_shakespeare,1433600,2,6,498
42,medium,deepseekv4_attnmhc_dnd,tiny_shakespeare,1433600,2,7,559
42,medium,deepseekv4_attnmhc_dnd,tiny_shakespeare,1433600,3,0,503
42,medium,deepseekv4_attnmhc_dnd,tiny_shakespeare,1433600,3,1,502
42,medium,deepseekv4_attnmhc_dnd,tiny_shakespeare,1433600,3,2,541
42,medium,deepseekv4_attnmhc_dnd,tiny_shakespeare,1433600,3,3,506
42,medium,deepseekv4_attnmhc_dnd,tiny_shakespeare,1433600,3,4,505
42,medium,deepseekv4_attnmhc_dnd,tiny_shakespeare,1433600,3,5,520
42,medium,deepseekv4_attnmhc_dnd,tiny_shakespeare,1433600,3,6,502
42,medium,deepseekv4_attnmhc_dnd,tiny_shakespeare,1433600,3,7,517
42,medium,deepseekv4_attnmhc_dnd,tiny_shakespeare,1433600,4,0,525
42,medium,deepseekv4_attnmhc_dnd,tiny_shakespeare,1433600,4,1,508
42,medium,deepseekv4_attnmhc_dnd,tiny_shakespeare,1433600,4,2,507
42,medium,deepseekv4_attnmhc_dnd,tiny_shakespeare,1433600,4,3,475
42,medium,deepseekv4_attnmhc_dnd,tiny_shakespeare,1433600,4,4,523
42,medium,deepseekv4_attnmhc_dnd,tiny_shakespeare,1433600,4,5,506
42,medium,deepseekv4_attnmhc_dnd,tiny_shakespeare,1433600,4,6,540
42,medium,deepseekv4_attnmhc_dnd,tiny_shakespeare,1433600,4,7,512
42,medium,deepseekv4_attnmhc_dnd,tiny_shakespeare,1433600,5,0,575
42,medium,deepseekv4_attnmhc_dnd,tiny_shakespeare,1433600,5,1,435
42,medium,deepseekv4_attnmhc_dnd,tiny_shakespeare,1433600,5,2,558
42,medium,deepseekv4_attnmhc_dnd,tiny_shakespeare,1433600,5,3,453
42,medium,deepseekv4_attnmhc_dnd,tiny_shakespeare,1433600,5,4,504
42,medium,deepseekv4_attnmhc_dnd,tiny_shakespeare,1433600,5,5,553
42,medium,deepseekv4_attnmhc_dnd,tiny_shakespeare,1433600,5,6,528
42,medium,deepseekv4_attnmhc_dnd,tiny_shakespeare,1433600,5,7,490
42,medium,deepseekv4_attnmhc_dnd,tiny_shakespeare,1638400,0,0,392
42,medium,deepseekv4_attnmhc_dnd,tiny_shakespeare,1638400,0,1,260
42,medium,deepseekv4_attnmhc_dnd,tiny_shakespeare,1638400,0,2,386
42,medium,deepseekv4_attnmhc_dnd,tiny_shakespeare,1638400,0,3,876
42,medium,deepseekv4_attnmhc_dnd,tiny_shakespeare,1638400,0,4,400
42,medium,deepseekv4_attnmhc_dnd,tiny_shakespeare,1638400,0,5,681
42,medium,deepseekv4_attnmhc_dnd,tiny_shakespeare,1638400,0,6,291
42,medium,deepseekv4_attnmhc_dnd,tiny_shakespeare,1638400,0,7,810
42,medium,deepseekv4_attnmhc_dnd,tiny_shakespeare,1638400,1,0,371
42,medium,deepseekv4_attnmhc_dnd,tiny_shakespeare,1638400,1,1,399
42,medium,deepseekv4_attnmhc_dnd,tiny_shakespeare,1638400,1,2,891
42,medium,deepseekv4_attnmhc_dnd,tiny_shakespeare,1638400,1,3,490
42,medium,deepseekv4_attnmhc_dnd,tiny_shakespeare,1638400,1,4,659
42,medium,deepseekv4_attnmhc_dnd,tiny_shakespeare,1638400,1,5,294
42,medium,deepseekv4_attnmhc_dnd,tiny_shakespeare,1638400,1,6,562
42,medium,deepseekv4_attnmhc_dnd,tiny_shakespeare,1638400,1,7,430
42,medium,deepseekv4_attnmhc_dnd,tiny_shakespeare,1638400,2,0,496
42,medium,deepseekv4_attnmhc_dnd,tiny_shakespeare,1638400,2,1,501
42,medium,deepseekv4_attnmhc_dnd,tiny_shakespeare,1638400,2,2,549
42,medium,deepseekv4_attnmhc_dnd,tiny_shakespeare,1638400,2,3,475
42,medium,deepseekv4_attnmhc_dnd,tiny_shakespeare,1638400,2,4,586
42,medium,deepseekv4_attnmhc_dnd,tiny_shakespeare,1638400,2,5,497
42,medium,deepseekv4_attnmhc_dnd,tiny_shakespeare,1638400,2,6,522
42,medium,deepseekv4_attnmhc_dnd,tiny_shakespeare,1638400,2,7,470
42,medium,deepseekv4_attnmhc_dnd,tiny_shakespeare,1638400,3,0,546
42,medium,deepseekv4_attnmhc_dnd,tiny_shakespeare,1638400,3,1,515
42,medium,deepseekv4_attnmhc_dnd,tiny_shakespeare,1638400,3,2,487
42,medium,deepseekv4_attnmhc_dnd,tiny_shakespeare,1638400,3,3,502
42,medium,deepseekv4_attnmhc_dnd,tiny_shakespeare,1638400,3,4,532
42,medium,deepseekv4_attnmhc_dnd,tiny_shakespeare,1638400,3,5,486
42,medium,deepseekv4_attnmhc_dnd,tiny_shakespeare,1638400,3,6,502
42,medium,deepseekv4_attnmhc_dnd,tiny_shakespeare,1638400,3,7,526
42,medium,deepseekv4_attnmhc_dnd,tiny_shakespeare,1638400,4,0,485
42,medium,deepseekv4_attnmhc_dnd,tiny_shakespeare,1638400,4,1,519
42,medium,deepseekv4_attnmhc_dnd,tiny_shakespeare,1638400,4,2,559
42,medium,deepseekv4_attnmhc_dnd,tiny_shakespeare,1638400,4,3,436
42,medium,deepseekv4_attnmhc_dnd,tiny_shakespeare,1638400,4,4,558
42,medium,deepseekv4_attnmhc_dnd,tiny_shakespeare,1638400,4,5,527
42,medium,deepseekv4_attnmhc_dnd,tiny_shakespeare,1638400,4,6,484
42,medium,deepseekv4_attnmhc_dnd,tiny_shakespeare,1638400,4,7,528
42,medium,deepseekv4_attnmhc_dnd,tiny_shakespeare,1638400,5,0,537
42,medium,deepseekv4_attnmhc_dnd,tiny_shakespeare,1638400,5,1,537
42,medium,deepseekv4_attnmhc_dnd,tiny_shakespeare,1638400,5,2,526
42,medium,deepseekv4_attnmhc_dnd,tiny_shakespeare,1638400,5,3,570
42,medium,deepseekv4_attnmhc_dnd,tiny_shakespeare,1638400,5,4,482
42,medium,deepseekv4_attnmhc_dnd,tiny_shakespeare,1638400,5,5,444
42,medium,deepseekv4_attnmhc_dnd,tiny_shakespeare,1638400,5,6,497
42,medium,deepseekv4_attnmhc_dnd,tiny_shakespeare,1638400,5,7,503
42,medium,deepseekv4_attnmhc_dnd,tiny_shakespeare,1843200,0,0,335
42,medium,deepseekv4_attnmhc_dnd,tiny_shakespeare,1843200,0,1,229
42,medium,deepseekv4_attnmhc_dnd,tiny_shakespeare,1843200,0,2,356
42,medium,deepseekv4_attnmhc_dnd,tiny_shakespeare,1843200,0,3,883
42,medium,deepseekv4_attnmhc_dnd,tiny_shakespeare,1843200,0,4,408
42,medium,deepseekv4_attnmhc_dnd,tiny_shakespeare,1843200,0,5,697
42,medium,deepseekv4_attnmhc_dnd,tiny_shakespeare,1843200,0,6,317
42,medium,deepseekv4_attnmhc_dnd,tiny_shakespeare,1843200,0,7,871
42,medium,deepseekv4_attnmhc_dnd,tiny_shakespeare,1843200,1,0,381
42,medium,deepseekv4_attnmhc_dnd,tiny_shakespeare,1843200,1,1,368
42,medium,deepseekv4_attnmhc_dnd,tiny_shakespeare,1843200,1,2,935
42,medium,deepseekv4_attnmhc_dnd,tiny_shakespeare,1843200,1,3,501
42,medium,deepseekv4_attnmhc_dnd,tiny_shakespeare,1843200,1,4,621
42,medium,deepseekv4_attnmhc_dnd,tiny_shakespeare,1843200,1,5,310
42,medium,deepseekv4_attnmhc_dnd,tiny_shakespeare,1843200,1,6,557
42,medium,deepseekv4_attnmhc_dnd,tiny_shakespeare,1843200,1,7,423
42,medium,deepseekv4_attnmhc_dnd,tiny_shakespeare,1843200,2,0,524
42,medium,deepseekv4_attnmhc_dnd,tiny_shakespeare,1843200,2,1,526
42,medium,deepseekv4_attnmhc_dnd,tiny_shakespeare,1843200,2,2,464
42,medium,deepseekv4_attnmhc_dnd,tiny_shakespeare,1843200,2,3,468
42,medium,deepseekv4_attnmhc_dnd,tiny_shakespeare,1843200,2,4,628
42,medium,deepseekv4_attnmhc_dnd,tiny_shakespeare,1843200,2,5,524
42,medium,deepseekv4_attnmhc_dnd,tiny_shakespeare,1843200,2,6,487
42,medium,deepseekv4_attnmhc_dnd,tiny_shakespeare,1843200,2,7,475
42,medium,deepseekv4_attnmhc_dnd,tiny_shakespeare,1843200,3,0,538
42,medium,deepseekv4_attnmhc_dnd,tiny_shakespeare,1843200,3,1,510
42,medium,deepseekv4_attnmhc_dnd,tiny_shakespeare,1843200,3,2,492
42,medium,deepseekv4_attnmhc_dnd,tiny_shakespeare,1843200,3,3,505
42,medium,deepseekv4_attnmhc_dnd,tiny_shakespeare,1843200,3,4,469
42,medium,deepseekv4_attnmhc_dnd,tiny_shakespeare,1843200,3,5,484
42,medium,deepseekv4_attnmhc_dnd,tiny_shakespeare,1843200,3,6,505
42,medium,deepseekv4_attnmhc_dnd,tiny_shakespeare,1843200,3,7,593
42,medium,deepseekv4_attnmhc_dnd,tiny_shakespeare,1843200,4,0,530
42,medium,deepseekv4_attnmhc_dnd,tiny_shakespeare,1843200,4,1,567
42,medium,deepseekv4_attnmhc_dnd,tiny_shakespeare,1843200,4,2,559
42,medium,deepseekv4_attnmhc_dnd,tiny_shakespeare,1843200,4,3,442
42,medium,deepseekv4_attnmhc_dnd,tiny_shakespeare,1843200,4,4,493
42,medium,deepseekv4_attnmhc_dnd,tiny_shakespeare,1843200,4,5,481
42,medium,deepseekv4_attnmhc_dnd,tiny_shakespeare,1843200,4,6,462
42,medium,deepseekv4_attnmhc_dnd,tiny_shakespeare,1843200,4,7,562
42,medium,deepseekv4_attnmhc_dnd,tiny_shakespeare,1843200,5,0,549
42,medium,deepseekv4_attnmhc_dnd,tiny_shakespeare,1843200,5,1,616
42,medium,deepseekv4_attnmhc_dnd,tiny_shakespeare,1843200,5,2,489
42,medium,deepseekv4_attnmhc_dnd,tiny_shakespeare,1843200,5,3,481
42,medium,deepseekv4_attnmhc_dnd,tiny_shakespeare,1843200,5,4,490
42,medium,deepseekv4_attnmhc_dnd,tiny_shakespeare,1843200,5,5,529
42,medium,deepseekv4_attnmhc_dnd,tiny_shakespeare,1843200,5,6,468
42,medium,deepseekv4_attnmhc_dnd,tiny_shakespeare,1843200,5,7,474
42,medium,deepseekv4_attnmhc_dnd,tiny_shakespeare,2048000,0,0,387
42,medium,deepseekv4_attnmhc_dnd,tiny_shakespeare,2048000,0,1,247
42,medium,deepseekv4_attnmhc_dnd,tiny_shakespeare,2048000,0,2,372
42,medium,deepseekv4_attnmhc_dnd,tiny_shakespeare,2048000,0,3,895
42,medium,deepseekv4_attnmhc_dnd,tiny_shakespeare,2048000,0,4,401
42,medium,deepseekv4_attnmhc_dnd,tiny_shakespeare,2048000,0,5,669
42,medium,deepseekv4_attnmhc_dnd,tiny_shakespeare,2048000,0,6,285
42,medium,deepseekv4_attnmhc_dnd,tiny_shakespeare,2048000,0,7,840
42,medium,deepseekv4_attnmhc_dnd,tiny_shakespeare,2048000,1,0,350
42,medium,deepseekv4_attnmhc_dnd,tiny_shakespeare,2048000,1,1,398
42,medium,deepseekv4_attnmhc_dnd,tiny_shakespeare,2048000,1,2,938
42,medium,deepseekv4_attnmhc_dnd,tiny_shakespeare,2048000,1,3,526
42,medium,deepseekv4_attnmhc_dnd,tiny_shakespeare,2048000,1,4,656
42,medium,deepseekv4_attnmhc_dnd,tiny_shakespeare,2048000,1,5,284
42,medium,deepseekv4_attnmhc_dnd,tiny_shakespeare,2048000,1,6,522
42,medium,deepseekv4_attnmhc_dnd,tiny_shakespeare,2048000,1,7,422
42,medium,deepseekv4_attnmhc_dnd,tiny_shakespeare,2048000,2,0,558
42,medium,deepseekv4_attnmhc_dnd,tiny_shakespeare,2048000,2,1,526
42,medium,deepseekv4_attnmhc_dnd,tiny_shakespeare,2048000,2,2,492
42,medium,deepseekv4_attnmhc_dnd,tiny_shakespeare,2048000,2,3,503
42,medium,deepseekv4_attnmhc_dnd,tiny_shakespeare,2048000,2,4,516
42,medium,deepseekv4_attnmhc_dnd,tiny_shakespeare,2048000,2,5,463
42,medium,deepseekv4_attnmhc_dnd,tiny_shakespeare,2048000,2,6,538
42,medium,deepseekv4_attnmhc_dnd,tiny_shakespeare,2048000,2,7,500
42,medium,deepseekv4_attnmhc_dnd,tiny_shakespeare,2048000,3,0,537
42,medium,deepseekv4_attnmhc_dnd,tiny_shakespeare,2048000,3,1,541
42,medium,deepseekv4_attnmhc_dnd,tiny_shakespeare,2048000,3,2,464
42,medium,deepseekv4_attnmhc_dnd,tiny_shakespeare,2048000,3,3,501
42,medium,deepseekv4_attnmhc_dnd,tiny_shakespeare,2048000,3,4,537
42,medium,deepseekv4_attnmhc_dnd,tiny_shakespeare,2048000,3,5,519
42,medium,deepseekv4_attnmhc_dnd,tiny_shakespeare,2048000,3,6,528
42,medium,deepseekv4_attnmhc_dnd,tiny_shakespeare,2048000,3,7,469
42,medium,deepseekv4_attnmhc_dnd,tiny_shakespeare,2048000,4,0,514
42,medium,deepseekv4_attnmhc_dnd,tiny_shakespeare,2048000,4,1,579
42,medium,deepseekv4_attnmhc_dnd,tiny_shakespeare,2048000,4,2,497
42,medium,deepseekv4_attnmhc_dnd,tiny_shakespeare,2048000,4,3,461
42,medium,deepseekv4_attnmhc_dnd,tiny_shakespeare,2048000,4,4,518
42,medium,deepseekv4_attnmhc_dnd,tiny_shakespeare,2048000,4,5,484
42,medium,deepseekv4_attnmhc_dnd,tiny_shakespeare,2048000,4,6,488
42,medium,deepseekv4_attnmhc_dnd,tiny_shakespeare,2048000,4,7,555
42,medium,deepseekv4_attnmhc_dnd,tiny_shakespeare,2048000,5,0,501
42,medium,deepseekv4_attnmhc_dnd,tiny_shakespeare,2048000,5,1,506
42,medium,deepseekv4_attnmhc_dnd,tiny_shakespeare,2048000,5,2,465
42,medium,deepseekv4_attnmhc_dnd,tiny_shakespeare,2048000,5,3,528
42,medium,deepseekv4_attnmhc_dnd,tiny_shakespeare,2048000,5,4,546
42,medium,deepseekv4_attnmhc_dnd,tiny_shakespeare,2048000,5,5,514
42,medium,deepseekv4_attnmhc_dnd,tiny_shakespeare,2048000,5,6,522
42,medium,deepseekv4_attnmhc_dnd,tiny_shakespeare,2048000,5,7,514
43,medium,deepseekv4_attnmhc_dnd,tiny_shakespeare,2048,0,0,362
43,medium,deepseekv4_attnmhc_dnd,tiny_shakespeare,2048,0,1,263
43,medium,deepseekv4_attnmhc_dnd,tiny_shakespeare,2048,0,2,357
43,medium,deepseekv4_attnmhc_dnd,tiny_shakespeare,2048,0,3,875
43,medium,deepseekv4_attnmhc_dnd,tiny_shakespeare,2048,0,4,403
43,medium,deepseekv4_attnmhc_dnd,tiny_shakespeare,2048,0,5,704
43,medium,deepseekv4_attnmhc_dnd,tiny_shakespeare,2048,0,6,286
43,medium,deepseekv4_attnmhc_dnd,tiny_shakespeare,2048,0,7,846
43,medium,deepseekv4_attnmhc_dnd,tiny_shakespeare,2048,1,0,363
43,medium,deepseekv4_attnmhc_dnd,tiny_shakespeare,2048,1,1,424
43,medium,deepseekv4_attnmhc_dnd,tiny_shakespeare,2048,1,2,942
43,medium,deepseekv4_attnmhc_dnd,tiny_shakespeare,2048,1,3,507
43,medium,deepseekv4_attnmhc_dnd,tiny_shakespeare,2048,1,4,667
43,medium,deepseekv4_attnmhc_dnd,tiny_shakespeare,2048,1,5,298
43,medium,deepseekv4_attnmhc_dnd,tiny_shakespeare,2048,1,6,482
43,medium,deepseekv4_attnmhc_dnd,tiny_shakespeare,2048,1,7,413
43,medium,deepseekv4_attnmhc_dnd,tiny_shakespeare,2048,2,0,262
43,medium,deepseekv4_attnmhc_dnd,tiny_shakespeare,2048,2,1,852
43,medium,deepseekv4_attnmhc_dnd,tiny_shakespeare,2048,2,2,310
43,medium,deepseekv4_attnmhc_dnd,tiny_shakespeare,2048,2,3,590
43,medium,deepseekv4_attnmhc_dnd,tiny_shakespeare,2048,2,4,297
43,medium,deepseekv4_attnmhc_dnd,tiny_shakespeare,2048,2,5,881
43,medium,deepseekv4_attnmhc_dnd,tiny_shakespeare,2048,2,6,275
43,medium,deepseekv4_attnmhc_dnd,tiny_shakespeare,2048,2,7,629
43,medium,deepseekv4_attnmhc_dnd,tiny_shakespeare,2048,3,0,635
43,medium,deepseekv4_attnmhc_dnd,tiny_shakespeare,2048,3,1,403
43,medium,deepseekv4_attnmhc_dnd,tiny_shakespeare,2048,3,2,274
43,medium,deepseekv4_attnmhc_dnd,tiny_shakespeare,2048,3,3,250
43,medium,deepseekv4_attnmhc_dnd,tiny_shakespeare,2048,3,4,406
43,medium,deepseekv4_attnmhc_dnd,tiny_shakespeare,2048,3,5,768
43,medium,deepseekv4_attnmhc_dnd,tiny_shakespeare,2048,3,6,671
43,medium,deepseekv4_attnmhc_dnd,tiny_shakespeare,2048,3,7,689
43,medium,deepseekv4_attnmhc_dnd,tiny_shakespeare,2048,4,0,244
43,medium,deepseekv4_attnmhc_dnd,tiny_shakespeare,2048,4,1,514
43,medium,deepseekv4_attnmhc_dnd,tiny_shakespeare,2048,4,2,382
43,medium,deepseekv4_attnmhc_dnd,tiny_shakespeare,2048,4,3,394
43,medium,deepseekv4_attnmhc_dnd,tiny_shakespeare,2048,4,4,801
43,medium,deepseekv4_attnmhc_dnd,tiny_shakespeare,2048,4,5,331
43,medium,deepseekv4_attnmhc_dnd,tiny_shakespeare,2048,4,6,602
43,medium,deepseekv4_attnmhc_dnd,tiny_shakespeare,2048,4,7,828
43,medium,deepseekv4_attnmhc_dnd,tiny_shakespeare,2048,5,0,691
43,medium,deepseekv4_attnmhc_dnd,tiny_shakespeare,2048,5,1,547
43,medium,deepseekv4_attnmhc_dnd,tiny_shakespeare,2048,5,2,426
43,medium,deepseekv4_attnmhc_dnd,tiny_shakespeare,2048,5,3,360
43,medium,deepseekv4_attnmhc_dnd,tiny_shakespeare,2048,5,4,409
43,medium,deepseekv4_attnmhc_dnd,tiny_shakespeare,2048,5,5,715
43,medium,deepseekv4_attnmhc_dnd,tiny_shakespeare,2048,5,6,519
43,medium,deepseekv4_attnmhc_dnd,tiny_shakespeare,2048,5,7,429
43,medium,deepseekv4_attnmhc_dnd,tiny_shakespeare,204800,0,0,336
43,medium,deepseekv4_attnmhc_dnd,tiny_shakespeare,204800,0,1,263
43,medium,deepseekv4_attnmhc_dnd,tiny_shakespeare,204800,0,2,381
43,medium,deepseekv4_attnmhc_dnd,tiny_shakespeare,204800,0,3,868
43,medium,deepseekv4_attnmhc_dnd,tiny_shakespeare,204800,0,4,399
43,medium,deepseekv4_attnmhc_dnd,tiny_shakespeare,204800,0,5,684
43,medium,deepseekv4_attnmhc_dnd,tiny_shakespeare,204800,0,6,317
43,medium,deepseekv4_attnmhc_dnd,tiny_shakespeare,204800,0,7,848
43,medium,deepseekv4_attnmhc_dnd,tiny_shakespeare,204800,1,0,369
43,medium,deepseekv4_attnmhc_dnd,tiny_shakespeare,204800,1,1,415
43,medium,deepseekv4_attnmhc_dnd,tiny_shakespeare,204800,1,2,946
43,medium,deepseekv4_attnmhc_dnd,tiny_shakespeare,204800,1,3,490
43,medium,deepseekv4_attnmhc_dnd,tiny_shakespeare,204800,1,4,641
43,medium,deepseekv4_attnmhc_dnd,tiny_shakespeare,204800,1,5,304
43,medium,deepseekv4_attnmhc_dnd,tiny_shakespeare,204800,1,6,530
43,medium,deepseekv4_attnmhc_dnd,tiny_shakespeare,204800,1,7,401
43,medium,deepseekv4_attnmhc_dnd,tiny_shakespeare,204800,2,0,499
43,medium,deepseekv4_attnmhc_dnd,tiny_shakespeare,204800,2,1,553
43,medium,deepseekv4_attnmhc_dnd,tiny_shakespeare,204800,2,2,501
43,medium,deepseekv4_attnmhc_dnd,tiny_shakespeare,204800,2,3,477
43,medium,deepseekv4_attnmhc_dnd,tiny_shakespeare,204800,2,4,530
43,medium,deepseekv4_attnmhc_dnd,tiny_shakespeare,204800,2,5,476
43,medium,deepseekv4_attnmhc_dnd,tiny_shakespeare,204800,2,6,540
43,medium,deepseekv4_attnmhc_dnd,tiny_shakespeare,204800,2,7,520
43,medium,deepseekv4_attnmhc_dnd,tiny_shakespeare,204800,3,0,695
43,medium,deepseekv4_attnmhc_dnd,tiny_shakespeare,204800,3,1,525
43,medium,deepseekv4_attnmhc_dnd,tiny_shakespeare,204800,3,2,492
43,medium,deepseekv4_attnmhc_dnd,tiny_shakespeare,204800,3,3,516
43,medium,deepseekv4_attnmhc_dnd,tiny_shakespeare,204800,3,4,432
43,medium,deepseekv4_attnmhc_dnd,tiny_shakespeare,204800,3,5,308
43,medium,deepseekv4_attnmhc_dnd,tiny_shakespeare,204800,3,6,610
43,medium,deepseekv4_attnmhc_dnd,tiny_shakespeare,204800,3,7,518
43,medium,deepseekv4_attnmhc_dnd,tiny_shakespeare,204800,4,0,382
43,medium,deepseekv4_attnmhc_dnd,tiny_shakespeare,204800,4,1,523
43,medium,deepseekv4_attnmhc_dnd,tiny_shakespeare,204800,4,2,617
43,medium,deepseekv4_attnmhc_dnd,tiny_shakespeare,204800,4,3,340
43,medium,deepseekv4_attnmhc_dnd,tiny_shakespeare,204800,4,4,645
43,medium,deepseekv4_attnmhc_dnd,tiny_shakespeare,204800,4,5,664
43,medium,deepseekv4_attnmhc_dnd,tiny_shakespeare,204800,4,6,495
43,medium,deepseekv4_attnmhc_dnd,tiny_shakespeare,204800,4,7,430
43,medium,deepseekv4_attnmhc_dnd,tiny_shakespeare,204800,5,0,399
43,medium,deepseekv4_attnmhc_dnd,tiny_shakespeare,204800,5,1,481
43,medium,deepseekv4_attnmhc_dnd,tiny_shakespeare,204800,5,2,254
43,medium,deepseekv4_attnmhc_dnd,tiny_shakespeare,204800,5,3,593
43,medium,deepseekv4_attnmhc_dnd,tiny_shakespeare,204800,5,4,678
43,medium,deepseekv4_attnmhc_dnd,tiny_shakespeare,204800,5,5,647
43,medium,deepseekv4_attnmhc_dnd,tiny_shakespeare,204800,5,6,459
43,medium,deepseekv4_attnmhc_dnd,tiny_shakespeare,204800,5,7,585
43,medium,deepseekv4_attnmhc_dnd,tiny_shakespeare,409600,0,0,336
43,medium,deepseekv4_attnmhc_dnd,tiny_shakespeare,409600,0,1,245
43,medium,deepseekv4_attnmhc_dnd,tiny_shakespeare,409600,0,2,351
43,medium,deepseekv4_attnmhc_dnd,tiny_shakespeare,409600,0,3,861
43,medium,deepseekv4_attnmhc_dnd,tiny_shakespeare,409600,0,4,426
43,medium,deepseekv4_attnmhc_dnd,tiny_shakespeare,409600,0,5,731
43,medium,deepseekv4_attnmhc_dnd,tiny_shakespeare,409600,0,6,288
43,medium,deepseekv4_attnmhc_dnd,tiny_shakespeare,409600,0,7,858
43,medium,deepseekv4_attnmhc_dnd,tiny_shakespeare,409600,1,0,361
43,medium,deepseekv4_attnmhc_dnd,tiny_shakespeare,409600,1,1,395
43,medium,deepseekv4_attnmhc_dnd,tiny_shakespeare,409600,1,2,993
43,medium,deepseekv4_attnmhc_dnd,tiny_shakespeare,409600,1,3,518
43,medium,deepseekv4_attnmhc_dnd,tiny_shakespeare,409600,1,4,631
43,medium,deepseekv4_attnmhc_dnd,tiny_shakespeare,409600,1,5,300
43,medium,deepseekv4_attnmhc_dnd,tiny_shakespeare,409600,1,6,495
43,medium,deepseekv4_attnmhc_dnd,tiny_shakespeare,409600,1,7,403
43,medium,deepseekv4_attnmhc_dnd,tiny_shakespeare,409600,2,0,499
43,medium,deepseekv4_attnmhc_dnd,tiny_shakespeare,409600,2,1,482
43,medium,deepseekv4_attnmhc_dnd,tiny_shakespeare,409600,2,2,447
43,medium,deepseekv4_attnmhc_dnd,tiny_shakespeare,409600,2,3,512
43,medium,deepseekv4_attnmhc_dnd,tiny_shakespeare,409600,2,4,498
43,medium,deepseekv4_attnmhc_dnd,tiny_shakespeare,409600,2,5,576
43,medium,deepseekv4_attnmhc_dnd,tiny_shakespeare,409600,2,6,540
43,medium,deepseekv4_attnmhc_dnd,tiny_shakespeare,409600,2,7,542
43,medium,deepseekv4_attnmhc_dnd,tiny_shakespeare,409600,3,0,466
43,medium,deepseekv4_attnmhc_dnd,tiny_shakespeare,409600,3,1,506
43,medium,deepseekv4_attnmhc_dnd,tiny_shakespeare,409600,3,2,429
43,medium,deepseekv4_attnmhc_dnd,tiny_shakespeare,409600,3,3,526
43,medium,deepseekv4_attnmhc_dnd,tiny_shakespeare,409600,3,4,601
43,medium,deepseekv4_attnmhc_dnd,tiny_shakespeare,409600,3,5,532
43,medium,deepseekv4_attnmhc_dnd,tiny_shakespeare,409600,3,6,567
43,medium,deepseekv4_attnmhc_dnd,tiny_shakespeare,409600,3,7,469
43,medium,deepseekv4_attnmhc_dnd,tiny_shakespeare,409600,4,0,564
43,medium,deepseekv4_attnmhc_dnd,tiny_shakespeare,409600,4,1,592
43,medium,deepseekv4_attnmhc_dnd,tiny_shakespeare,409600,4,2,612
43,medium,deepseekv4_attnmhc_dnd,tiny_shakespeare,409600,4,3,557
43,medium,deepseekv4_attnmhc_dnd,tiny_shakespeare,409600,4,4,582
43,medium,deepseekv4_attnmhc_dnd,tiny_shakespeare,409600,4,5,406
43,medium,deepseekv4_attnmhc_dnd,tiny_shakespeare,409600,4,6,491
43,medium,deepseekv4_attnmhc_dnd,tiny_shakespeare,409600,4,7,292
43,medium,deepseekv4_attnmhc_dnd,tiny_shakespeare,409600,5,0,452
43,medium,deepseekv4_attnmhc_dnd,tiny_shakespeare,409600,5,1,589
43,medium,deepseekv4_attnmhc_dnd,tiny_shakespeare,409600,5,2,668
43,medium,deepseekv4_attnmhc_dnd,tiny_shakespeare,409600,5,3,543
43,medium,deepseekv4_attnmhc_dnd,tiny_shakespeare,409600,5,4,512
43,medium,deepseekv4_attnmhc_dnd,tiny_shakespeare,409600,5,5,371
43,medium,deepseekv4_attnmhc_dnd,tiny_shakespeare,409600,5,6,396
43,medium,deepseekv4_attnmhc_dnd,tiny_shakespeare,409600,5,7,565
43,medium,deepseekv4_attnmhc_dnd,tiny_shakespeare,614400,0,0,359
43,medium,deepseekv4_attnmhc_dnd,tiny_shakespeare,614400,0,1,226
43,medium,deepseekv4_attnmhc_dnd,tiny_shakespeare,614400,0,2,362
43,medium,deepseekv4_attnmhc_dnd,tiny_shakespeare,614400,0,3,892
43,medium,deepseekv4_attnmhc_dnd,tiny_shakespeare,614400,0,4,413
43,medium,deepseekv4_attnmhc_dnd,tiny_shakespeare,614400,0,5,710
43,medium,deepseekv4_attnmhc_dnd,tiny_shakespeare,614400,0,6,284
43,medium,deepseekv4_attnmhc_dnd,tiny_shakespeare,614400,0,7,850
43,medium,deepseekv4_attnmhc_dnd,tiny_shakespeare,614400,1,0,391
43,medium,deepseekv4_attnmhc_dnd,tiny_shakespeare,614400,1,1,399
43,medium,deepseekv4_attnmhc_dnd,tiny_shakespeare,614400,1,2,919
43,medium,deepseekv4_attnmhc_dnd,tiny_shakespeare,614400,1,3,505
43,medium,deepseekv4_attnmhc_dnd,tiny_shakespeare,614400,1,4,633
43,medium,deepseekv4_attnmhc_dnd,tiny_shakespeare,614400,1,5,285
43,medium,deepseekv4_attnmhc_dnd,tiny_shakespeare,614400,1,6,536
43,medium,deepseekv4_attnmhc_dnd,tiny_shakespeare,614400,1,7,428
43,medium,deepseekv4_attnmhc_dnd,tiny_shakespeare,614400,2,0,534
43,medium,deepseekv4_attnmhc_dnd,tiny_shakespeare,614400,2,1,473
43,medium,deepseekv4_attnmhc_dnd,tiny_shakespeare,614400,2,2,603
43,medium,deepseekv4_attnmhc_dnd,tiny_shakespeare,614400,2,3,504
43,medium,deepseekv4_attnmhc_dnd,tiny_shakespeare,614400,2,4,509
43,medium,deepseekv4_attnmhc_dnd,tiny_shakespeare,614400,2,5,424
43,medium,deepseekv4_attnmhc_dnd,tiny_shakespeare,614400,2,6,521
43,medium,deepseekv4_attnmhc_dnd,tiny_shakespeare,614400,2,7,528
43,medium,deepseekv4_attnmhc_dnd,tiny_shakespeare,614400,3,0,477
43,medium,deepseekv4_attnmhc_dnd,tiny_shakespeare,614400,3,1,426
43,medium,deepseekv4_attnmhc_dnd,tiny_shakespeare,614400,3,2,527
43,medium,deepseekv4_attnmhc_dnd,tiny_shakespeare,614400,3,3,558
43,medium,deepseekv4_attnmhc_dnd,tiny_shakespeare,614400,3,4,513
43,medium,deepseekv4_attnmhc_dnd,tiny_shakespeare,614400,3,5,561
43,medium,deepseekv4_attnmhc_dnd,tiny_shakespeare,614400,3,6,513
43,medium,deepseekv4_attnmhc_dnd,tiny_shakespeare,614400,3,7,521
43,medium,deepseekv4_attnmhc_dnd,tiny_shakespeare,614400,4,0,481
43,medium,deepseekv4_attnmhc_dnd,tiny_shakespeare,614400,4,1,441
43,medium,deepseekv4_attnmhc_dnd,tiny_shakespeare,614400,4,2,592
43,medium,deepseekv4_attnmhc_dnd,tiny_shakespeare,614400,4,3,575
43,medium,deepseekv4_attnmhc_dnd,tiny_shakespeare,614400,4,4,451
43,medium,deepseekv4_attnmhc_dnd,tiny_shakespeare,614400,4,5,517
43,medium,deepseekv4_attnmhc_dnd,tiny_shakespeare,614400,4,6,536
43,medium,deepseekv4_attnmhc_dnd,tiny_shakespeare,614400,4,7,503
43,medium,deepseekv4_attnmhc_dnd,tiny_shakespeare,614400,5,0,660
43,medium,deepseekv4_attnmhc_dnd,tiny_shakespeare,614400,5,1,483
43,medium,deepseekv4_attnmhc_dnd,tiny_shakespeare,614400,5,2,437
43,medium,deepseekv4_attnmhc_dnd,tiny_shakespeare,614400,5,3,497
43,medium,deepseekv4_attnmhc_dnd,tiny_shakespeare,614400,5,4,600
43,medium,deepseekv4_attnmhc_dnd,tiny_shakespeare,614400,5,5,327
43,medium,deepseekv4_attnmhc_dnd,tiny_shakespeare,614400,5,6,592
43,medium,deepseekv4_attnmhc_dnd,tiny_shakespeare,614400,5,7,500
43,medium,deepseekv4_attnmhc_dnd,tiny_shakespeare,819200,0,0,374
43,medium,deepseekv4_attnmhc_dnd,tiny_shakespeare,819200,0,1,247
43,medium,deepseekv4_attnmhc_dnd,tiny_shakespeare,819200,0,2,378
43,medium,deepseekv4_attnmhc_dnd,tiny_shakespeare,819200,0,3,874
43,medium,deepseekv4_attnmhc_dnd,tiny_shakespeare,819200,0,4,383
43,medium,deepseekv4_attnmhc_dnd,tiny_shakespeare,819200,0,5,683
43,medium,deepseekv4_attnmhc_dnd,tiny_shakespeare,819200,0,6,275
43,medium,deepseekv4_attnmhc_dnd,tiny_shakespeare,819200,0,7,882
43,medium,deepseekv4_attnmhc_dnd,tiny_shakespeare,819200,1,0,389
43,medium,deepseekv4_attnmhc_dnd,tiny_shakespeare,819200,1,1,409
43,medium,deepseekv4_attnmhc_dnd,tiny_shakespeare,819200,1,2,937
43,medium,deepseekv4_attnmhc_dnd,tiny_shakespeare,819200,1,3,508
43,medium,deepseekv4_attnmhc_dnd,tiny_shakespeare,819200,1,4,648
43,medium,deepseekv4_attnmhc_dnd,tiny_shakespeare,819200,1,5,278
43,medium,deepseekv4_attnmhc_dnd,tiny_shakespeare,819200,1,6,517
43,medium,deepseekv4_attnmhc_dnd,tiny_shakespeare,819200,1,7,410
43,medium,deepseekv4_attnmhc_dnd,tiny_shakespeare,819200,2,0,513
43,medium,deepseekv4_attnmhc_dnd,tiny_shakespeare,819200,2,1,514
43,medium,deepseekv4_attnmhc_dnd,tiny_shakespeare,819200,2,2,462
43,medium,deepseekv4_attnmhc_dnd,tiny_shakespeare,819200,2,3,559
43,medium,deepseekv4_attnmhc_dnd,tiny_shakespeare,819200,2,4,478
43,medium,deepseekv4_attnmhc_dnd,tiny_shakespeare,819200,2,5,552
43,medium,deepseekv4_attnmhc_dnd,tiny_shakespeare,819200,2,6,510
43,medium,deepseekv4_attnmhc_dnd,tiny_shakespeare,819200,2,7,508
43,medium,deepseekv4_attnmhc_dnd,tiny_shakespeare,819200,3,0,523
43,medium,deepseekv4_attnmhc_dnd,tiny_shakespeare,819200,3,1,489
43,medium,deepseekv4_attnmhc_dnd,tiny_shakespeare,819200,3,2,499
43,medium,deepseekv4_attnmhc_dnd,tiny_shakespeare,819200,3,3,548
43,medium,deepseekv4_attnmhc_dnd,tiny_shakespeare,819200,3,4,535
43,medium,deepseekv4_attnmhc_dnd,tiny_shakespeare,819200,3,5,540
43,medium,deepseekv4_attnmhc_dnd,tiny_shakespeare,819200,3,6,525
43,medium,deepseekv4_attnmhc_dnd,tiny_shakespeare,819200,3,7,437
43,medium,deepseekv4_attnmhc_dnd,tiny_shakespeare,819200,4,0,525
43,medium,deepseekv4_attnmhc_dnd,tiny_shakespeare,819200,4,1,502
43,medium,deepseekv4_attnmhc_dnd,tiny_shakespeare,819200,4,2,516
43,medium,deepseekv4_attnmhc_dnd,tiny_shakespeare,819200,4,3,599
43,medium,deepseekv4_attnmhc_dnd,tiny_shakespeare,819200,4,4,504
43,medium,deepseekv4_attnmhc_dnd,tiny_shakespeare,819200,4,5,500
43,medium,deepseekv4_attnmhc_dnd,tiny_shakespeare,819200,4,6,537
43,medium,deepseekv4_attnmhc_dnd,tiny_shakespeare,819200,4,7,413
43,medium,deepseekv4_attnmhc_dnd,tiny_shakespeare,819200,5,0,522
43,medium,deepseekv4_attnmhc_dnd,tiny_shakespeare,819200,5,1,581
43,medium,deepseekv4_attnmhc_dnd,tiny_shakespeare,819200,5,2,541
43,medium,deepseekv4_attnmhc_dnd,tiny_shakespeare,819200,5,3,486
43,medium,deepseekv4_attnmhc_dnd,tiny_shakespeare,819200,5,4,506
43,medium,deepseekv4_attnmhc_dnd,tiny_shakespeare,819200,5,5,503
43,medium,deepseekv4_attnmhc_dnd,tiny_shakespeare,819200,5,6,443
43,medium,deepseekv4_attnmhc_dnd,tiny_shakespeare,819200,5,7,514
43,medium,deepseekv4_attnmhc_dnd,tiny_shakespeare,1024000,0,0,349
43,medium,deepseekv4_attnmhc_dnd,tiny_shakespeare,1024000,0,1,221
43,medium,deepseekv4_attnmhc_dnd,tiny_shakespeare,1024000,0,2,381
43,medium,deepseekv4_attnmhc_dnd,tiny_shakespeare,1024000,0,3,896
43,medium,deepseekv4_attnmhc_dnd,tiny_shakespeare,1024000,0,4,402
43,medium,deepseekv4_attnmhc_dnd,tiny_shakespeare,1024000,0,5,693
43,medium,deepseekv4_attnmhc_dnd,tiny_shakespeare,1024000,0,6,296
43,medium,deepseekv4_attnmhc_dnd,tiny_shakespeare,1024000,0,7,858
43,medium,deepseekv4_attnmhc_dnd,tiny_shakespeare,1024000,1,0,367
43,medium,deepseekv4_attnmhc_dnd,tiny_shakespeare,1024000,1,1,356
43,medium,deepseekv4_attnmhc_dnd,tiny_shakespeare,1024000,1,2,963
43,medium,deepseekv4_attnmhc_dnd,tiny_shakespeare,1024000,1,3,517
43,medium,deepseekv4_attnmhc_dnd,tiny_shakespeare,1024000,1,4,634
43,medium,deepseekv4_attnmhc_dnd,tiny_shakespeare,1024000,1,5,294
43,medium,deepseekv4_attnmhc_dnd,tiny_shakespeare,1024000,1,6,544
43,medium,deepseekv4_attnmhc_dnd,tiny_shakespeare,1024000,1,7,421
43,medium,deepseekv4_attnmhc_dnd,tiny_shakespeare,1024000,2,0,529
43,medium,deepseekv4_attnmhc_dnd,tiny_shakespeare,1024000,2,1,552
43,medium,deepseekv4_attnmhc_dnd,tiny_shakespeare,1024000,2,2,551
43,medium,deepseekv4_attnmhc_dnd,tiny_shakespeare,1024000,2,3,468
43,medium,deepseekv4_attnmhc_dnd,tiny_shakespeare,1024000,2,4,462
43,medium,deepseekv4_attnmhc_dnd,tiny_shakespeare,1024000,2,5,543
43,medium,deepseekv4_attnmhc_dnd,tiny_shakespeare,1024000,2,6,490
43,medium,deepseekv4_attnmhc_dnd,tiny_shakespeare,1024000,2,7,501
43,medium,deepseekv4_attnmhc_dnd,tiny_shakespeare,1024000,3,0,433
43,medium,deepseekv4_attnmhc_dnd,tiny_shakespeare,1024000,3,1,510
43,medium,deepseekv4_attnmhc_dnd,tiny_shakespeare,1024000,3,2,595
43,medium,deepseekv4_attnmhc_dnd,tiny_shakespeare,1024000,3,3,508
43,medium,deepseekv4_attnmhc_dnd,tiny_shakespeare,1024000,3,4,581
43,medium,deepseekv4_attnmhc_dnd,tiny_shakespeare,1024000,3,5,482
43,medium,deepseekv4_attnmhc_dnd,tiny_shakespeare,1024000,3,6,509
43,medium,deepseekv4_attnmhc_dnd,tiny_shakespeare,1024000,3,7,478
43,medium,deepseekv4_attnmhc_dnd,tiny_shakespeare,1024000,4,0,520
43,medium,deepseekv4_attnmhc_dnd,tiny_shakespeare,1024000,4,1,505
43,medium,deepseekv4_attnmhc_dnd,tiny_shakespeare,1024000,4,2,530
43,medium,deepseekv4_attnmhc_dnd,tiny_shakespeare,1024000,4,3,500
43,medium,deepseekv4_attnmhc_dnd,tiny_shakespeare,1024000,4,4,474
43,medium,deepseekv4_attnmhc_dnd,tiny_shakespeare,1024000,4,5,526
43,medium,deepseekv4_attnmhc_dnd,tiny_shakespeare,1024000,4,6,553
43,medium,deepseekv4_attnmhc_dnd,tiny_shakespeare,1024000,4,7,488
43,medium,deepseekv4_attnmhc_dnd,tiny_shakespeare,1024000,5,0,590
43,medium,deepseekv4_attnmhc_dnd,tiny_shakespeare,1024000,5,1,518
43,medium,deepseekv4_attnmhc_dnd,tiny_shakespeare,1024000,5,2,502
43,medium,deepseekv4_attnmhc_dnd,tiny_shakespeare,1024000,5,3,504
43,medium,deepseekv4_attnmhc_dnd,tiny_shakespeare,1024000,5,4,481
43,medium,deepseekv4_attnmhc_dnd,tiny_shakespeare,1024000,5,5,484
43,medium,deepseekv4_attnmhc_dnd,tiny_shakespeare,1024000,5,6,451
43,medium,deepseekv4_attnmhc_dnd,tiny_shakespeare,1024000,5,7,566
43,medium,deepseekv4_attnmhc_dnd,tiny_shakespeare,1228800,0,0,387
43,medium,deepseekv4_attnmhc_dnd,tiny_shakespeare,1228800,0,1,233
43,medium,deepseekv4_attnmhc_dnd,tiny_shakespeare,1228800,0,2,388
43,medium,deepseekv4_attnmhc_dnd,tiny_shakespeare,1228800,0,3,872
43,medium,deepseekv4_attnmhc_dnd,tiny_shakespeare,1228800,0,4,408
43,medium,deepseekv4_attnmhc_dnd,tiny_shakespeare,1228800,0,5,686
43,medium,deepseekv4_attnmhc_dnd,tiny_shakespeare,1228800,0,6,298
43,medium,deepseekv4_attnmhc_dnd,tiny_shakespeare,1228800,0,7,824
43,medium,deepseekv4_attnmhc_dnd,tiny_shakespeare,1228800,1,0,385
43,medium,deepseekv4_attnmhc_dnd,tiny_shakespeare,1228800,1,1,366
43,medium,deepseekv4_attnmhc_dnd,tiny_shakespeare,1228800,1,2,958
43,medium,deepseekv4_attnmhc_dnd,tiny_shakespeare,1228800,1,3,511
43,medium,deepseekv4_attnmhc_dnd,tiny_shakespeare,1228800,1,4,636
43,medium,deepseekv4_attnmhc_dnd,tiny_shakespeare,1228800,1,5,288
43,medium,deepseekv4_attnmhc_dnd,tiny_shakespeare,1228800,1,6,530
43,medium,deepseekv4_attnmhc_dnd,tiny_shakespeare,1228800,1,7,422
43,medium,deepseekv4_attnmhc_dnd,tiny_shakespeare,1228800,2,0,551
43,medium,deepseekv4_attnmhc_dnd,tiny_shakespeare,1228800,2,1,586
43,medium,deepseekv4_attnmhc_dnd,tiny_shakespeare,1228800,2,2,438
43,medium,deepseekv4_attnmhc_dnd,tiny_shakespeare,1228800,2,3,519
43,medium,deepseekv4_attnmhc_dnd,tiny_shakespeare,1228800,2,4,506
43,medium,deepseekv4_attnmhc_dnd,tiny_shakespeare,1228800,2,5,515
43,medium,deepseekv4_attnmhc_dnd,tiny_shakespeare,1228800,2,6,508
43,medium,deepseekv4_attnmhc_dnd,tiny_shakespeare,1228800,2,7,473
43,medium,deepseekv4_attnmhc_dnd,tiny_shakespeare,1228800,3,0,477
43,medium,deepseekv4_attnmhc_dnd,tiny_shakespeare,1228800,3,1,488
43,medium,deepseekv4_attnmhc_dnd,tiny_shakespeare,1228800,3,2,527
43,medium,deepseekv4_attnmhc_dnd,tiny_shakespeare,1228800,3,3,543
43,medium,deepseekv4_attnmhc_dnd,tiny_shakespeare,1228800,3,4,483
43,medium,deepseekv4_attnmhc_dnd,tiny_shakespeare,1228800,3,5,567
43,medium,deepseekv4_attnmhc_dnd,tiny_shakespeare,1228800,3,6,513
43,medium,deepseekv4_attnmhc_dnd,tiny_shakespeare,1228800,3,7,498
43,medium,deepseekv4_attnmhc_dnd,tiny_shakespeare,1228800,4,0,527
43,medium,deepseekv4_attnmhc_dnd,tiny_shakespeare,1228800,4,1,523
43,medium,deepseekv4_attnmhc_dnd,tiny_shakespeare,1228800,4,2,493
43,medium,deepseekv4_attnmhc_dnd,tiny_shakespeare,1228800,4,3,468
43,medium,deepseekv4_attnmhc_dnd,tiny_shakespeare,1228800,4,4,586
43,medium,deepseekv4_attnmhc_dnd,tiny_shakespeare,1228800,4,5,553
43,medium,deepseekv4_attnmhc_dnd,tiny_shakespeare,1228800,4,6,482
43,medium,deepseekv4_attnmhc_dnd,tiny_shakespeare,1228800,4,7,464
43,medium,deepseekv4_attnmhc_dnd,tiny_shakespeare,1228800,5,0,512
43,medium,deepseekv4_attnmhc_dnd,tiny_shakespeare,1228800,5,1,497
43,medium,deepseekv4_attnmhc_dnd,tiny_shakespeare,1228800,5,2,528
43,medium,deepseekv4_attnmhc_dnd,tiny_shakespeare,1228800,5,3,568
43,medium,deepseekv4_attnmhc_dnd,tiny_shakespeare,1228800,5,4,506
43,medium,deepseekv4_attnmhc_dnd,tiny_shakespeare,1228800,5,5,493
43,medium,deepseekv4_attnmhc_dnd,tiny_shakespeare,1228800,5,6,506
43,medium,deepseekv4_attnmhc_dnd,tiny_shakespeare,1228800,5,7,486
43,medium,deepseekv4_attnmhc_dnd,tiny_shakespeare,1433600,0,0,363
43,medium,deepseekv4_attnmhc_dnd,tiny_shakespeare,1433600,0,1,280
43,medium,deepseekv4_attnmhc_dnd,tiny_shakespeare,1433600,0,2,390
43,medium,deepseekv4_attnmhc_dnd,tiny_shakespeare,1433600,0,3,872
43,medium,deepseekv4_attnmhc_dnd,tiny_shakespeare,1433600,0,4,394
43,medium,deepseekv4_attnmhc_dnd,tiny_shakespeare,1433600,0,5,694
43,medium,deepseekv4_attnmhc_dnd,tiny_shakespeare,1433600,0,6,295
43,medium,deepseekv4_attnmhc_dnd,tiny_shakespeare,1433600,0,7,808
43,medium,deepseekv4_attnmhc_dnd,tiny_shakespeare,1433600,1,0,351
43,medium,deepseekv4_attnmhc_dnd,tiny_shakespeare,1433600,1,1,423
43,medium,deepseekv4_attnmhc_dnd,tiny_shakespeare,1433600,1,2,989
43,medium,deepseekv4_attnmhc_dnd,tiny_shakespeare,1433600,1,3,501
43,medium,deepseekv4_attnmhc_dnd,tiny_shakespeare,1433600,1,4,646
43,medium,deepseekv4_attnmhc_dnd,tiny_shakespeare,1433600,1,5,284
43,medium,deepseekv4_attnmhc_dnd,tiny_shakespeare,1433600,1,6,493
43,medium,deepseekv4_attnmhc_dnd,tiny_shakespeare,1433600,1,7,409
43,medium,deepseekv4_attnmhc_dnd,tiny_shakespeare,1433600,2,0,532
43,medium,deepseekv4_attnmhc_dnd,tiny_shakespeare,1433600,2,1,392
43,medium,deepseekv4_attnmhc_dnd,tiny_shakespeare,1433600,2,2,534
43,medium,deepseekv4_attnmhc_dnd,tiny_shakespeare,1433600,2,3,537
43,medium,deepseekv4_attnmhc_dnd,tiny_shakespeare,1433600,2,4,528
43,medium,deepseekv4_attnmhc_dnd,tiny_shakespeare,1433600,2,5,556
43,medium,deepseekv4_attnmhc_dnd,tiny_shakespeare,1433600,2,6,494
43,medium,deepseekv4_attnmhc_dnd,tiny_shakespeare,1433600,2,7,523
43,medium,deepseekv4_attnmhc_dnd,tiny_shakespeare,1433600,3,0,532
43,medium,deepseekv4_attnmhc_dnd,tiny_shakespeare,1433600,3,1,521
43,medium,deepseekv4_attnmhc_dnd,tiny_shakespeare,1433600,3,2,402
43,medium,deepseekv4_attnmhc_dnd,tiny_shakespeare,1433600,3,3,553
43,medium,deepseekv4_attnmhc_dnd,tiny_shakespeare,1433600,3,4,488
43,medium,deepseekv4_attnmhc_dnd,tiny_shakespeare,1433600,3,5,541
43,medium,deepseekv4_attnmhc_dnd,tiny_shakespeare,1433600,3,6,525
43,medium,deepseekv4_attnmhc_dnd,tiny_shakespeare,1433600,3,7,534
43,medium,deepseekv4_attnmhc_dnd,tiny_shakespeare,1433600,4,0,530
43,medium,deepseekv4_attnmhc_dnd,tiny_shakespeare,1433600,4,1,532
43,medium,deepseekv4_attnmhc_dnd,tiny_shakespeare,1433600,4,2,570
43,medium,deepseekv4_attnmhc_dnd,tiny_shakespeare,1433600,4,3,546
43,medium,deepseekv4_attnmhc_dnd,tiny_shakespeare,1433600,4,4,558
43,medium,deepseekv4_attnmhc_dnd,tiny_shakespeare,1433600,4,5,507
43,medium,deepseekv4_attnmhc_dnd,tiny_shakespeare,1433600,4,6,479
43,medium,deepseekv4_attnmhc_dnd,tiny_shakespeare,1433600,4,7,374
43,medium,deepseekv4_attnmhc_dnd,tiny_shakespeare,1433600,5,0,485
43,medium,deepseekv4_attnmhc_dnd,tiny_shakespeare,1433600,5,1,552
43,medium,deepseekv4_attnmhc_dnd,tiny_shakespeare,1433600,5,2,521
43,medium,deepseekv4_attnmhc_dnd,tiny_shakespeare,1433600,5,3,553
43,medium,deepseekv4_attnmhc_dnd,tiny_shakespeare,1433600,5,4,628
43,medium,deepseekv4_attnmhc_dnd,tiny_shakespeare,1433600,5,5,588
43,medium,deepseekv4_attnmhc_dnd,tiny_shakespeare,1433600,5,6,405
43,medium,deepseekv4_attnmhc_dnd,tiny_shakespeare,1433600,5,7,364
43,medium,deepseekv4_attnmhc_dnd,tiny_shakespeare,1638400,0,0,361
43,medium,deepseekv4_attnmhc_dnd,tiny_shakespeare,1638400,0,1,253
43,medium,deepseekv4_attnmhc_dnd,tiny_shakespeare,1638400,0,2,374
43,medium,deepseekv4_attnmhc_dnd,tiny_shakespeare,1638400,0,3,876
43,medium,deepseekv4_attnmhc_dnd,tiny_shakespeare,1638400,0,4,410
43,medium,deepseekv4_attnmhc_dnd,tiny_shakespeare,1638400,0,5,679
43,medium,deepseekv4_attnmhc_dnd,tiny_shakespeare,1638400,0,6,286
43,medium,deepseekv4_attnmhc_dnd,tiny_shakespeare,1638400,0,7,857
43,medium,deepseekv4_attnmhc_dnd,tiny_shakespeare,1638400,1,0,345
43,medium,deepseekv4_attnmhc_dnd,tiny_shakespeare,1638400,1,1,437
43,medium,deepseekv4_attnmhc_dnd,tiny_shakespeare,1638400,1,2,914
43,medium,deepseekv4_attnmhc_dnd,tiny_shakespeare,1638400,1,3,506
43,medium,deepseekv4_attnmhc_dnd,tiny_shakespeare,1638400,1,4,657
43,medium,deepseekv4_attnmhc_dnd,tiny_shakespeare,1638400,1,5,291
43,medium,deepseekv4_attnmhc_dnd,tiny_shakespeare,1638400,1,6,525
43,medium,deepseekv4_attnmhc_dnd,tiny_shakespeare,1638400,1,7,421
43,medium,deepseekv4_attnmhc_dnd,tiny_shakespeare,1638400,2,0,515
43,medium,deepseekv4_attnmhc_dnd,tiny_shakespeare,1638400,2,1,481
43,medium,deepseekv4_attnmhc_dnd,tiny_shakespeare,1638400,2,2,546
43,medium,deepseekv4_attnmhc_dnd,tiny_shakespeare,1638400,2,3,517
43,medium,deepseekv4_attnmhc_dnd,tiny_shakespeare,1638400,2,4,536
43,medium,deepseekv4_attnmhc_dnd,tiny_shakespeare,1638400,2,5,500
43,medium,deepseekv4_attnmhc_dnd,tiny_shakespeare,1638400,2,6,496
43,medium,deepseekv4_attnmhc_dnd,tiny_shakespeare,1638400,2,7,505
43,medium,deepseekv4_attnmhc_dnd,tiny_shakespeare,1638400,3,0,503
43,medium,deepseekv4_attnmhc_dnd,tiny_shakespeare,1638400,3,1,527
43,medium,deepseekv4_attnmhc_dnd,tiny_shakespeare,1638400,3,2,503
43,medium,deepseekv4_attnmhc_dnd,tiny_shakespeare,1638400,3,3,513
43,medium,deepseekv4_attnmhc_dnd,tiny_shakespeare,1638400,3,4,559
43,medium,deepseekv4_attnmhc_dnd,tiny_shakespeare,1638400,3,5,461
43,medium,deepseekv4_attnmhc_dnd,tiny_shakespeare,1638400,3,6,506
43,medium,deepseekv4_attnmhc_dnd,tiny_shakespeare,1638400,3,7,524
43,medium,deepseekv4_attnmhc_dnd,tiny_shakespeare,1638400,4,0,505
43,medium,deepseekv4_attnmhc_dnd,tiny_shakespeare,1638400,4,1,474
43,medium,deepseekv4_attnmhc_dnd,tiny_shakespeare,1638400,4,2,549
43,medium,deepseekv4_attnmhc_dnd,tiny_shakespeare,1638400,4,3,539
43,medium,deepseekv4_attnmhc_dnd,tiny_shakespeare,1638400,4,4,481
43,medium,deepseekv4_attnmhc_dnd,tiny_shakespeare,1638400,4,5,549
43,medium,deepseekv4_attnmhc_dnd,tiny_shakespeare,1638400,4,6,505
43,medium,deepseekv4_attnmhc_dnd,tiny_shakespeare,1638400,4,7,494
43,medium,deepseekv4_attnmhc_dnd,tiny_shakespeare,1638400,5,0,524
43,medium,deepseekv4_attnmhc_dnd,tiny_shakespeare,1638400,5,1,492
43,medium,deepseekv4_attnmhc_dnd,tiny_shakespeare,1638400,5,2,494
43,medium,deepseekv4_attnmhc_dnd,tiny_shakespeare,1638400,5,3,524
43,medium,deepseekv4_attnmhc_dnd,tiny_shakespeare,1638400,5,4,506
43,medium,deepseekv4_attnmhc_dnd,tiny_shakespeare,1638400,5,5,513
43,medium,deepseekv4_attnmhc_dnd,tiny_shakespeare,1638400,5,6,512
43,medium,deepseekv4_attnmhc_dnd,tiny_shakespeare,1638400,5,7,531
43,medium,deepseekv4_attnmhc_dnd,tiny_shakespeare,1843200,0,0,390
43,medium,deepseekv4_attnmhc_dnd,tiny_shakespeare,1843200,0,1,246
43,medium,deepseekv4_attnmhc_dnd,tiny_shakespeare,1843200,0,2,378
43,medium,deepseekv4_attnmhc_dnd,tiny_shakespeare,1843200,0,3,873
43,medium,deepseekv4_attnmhc_dnd,tiny_shakespeare,1843200,0,4,406
43,medium,deepseekv4_attnmhc_dnd,tiny_shakespeare,1843200,0,5,689
43,medium,deepseekv4_attnmhc_dnd,tiny_shakespeare,1843200,0,6,262
43,medium,deepseekv4_attnmhc_dnd,tiny_shakespeare,1843200,0,7,852
43,medium,deepseekv4_attnmhc_dnd,tiny_shakespeare,1843200,1,0,372
43,medium,deepseekv4_attnmhc_dnd,tiny_shakespeare,1843200,1,1,418
43,medium,deepseekv4_attnmhc_dnd,tiny_shakespeare,1843200,1,2,946
43,medium,deepseekv4_attnmhc_dnd,tiny_shakespeare,1843200,1,3,527
43,medium,deepseekv4_attnmhc_dnd,tiny_shakespeare,1843200,1,4,648
43,medium,deepseekv4_attnmhc_dnd,tiny_shakespeare,1843200,1,5,263
43,medium,deepseekv4_attnmhc_dnd,tiny_shakespeare,1843200,1,6,517
43,medium,deepseekv4_attnmhc_dnd,tiny_shakespeare,1843200,1,7,405
43,medium,deepseekv4_attnmhc_dnd,tiny_shakespeare,1843200,2,0,496
43,medium,deepseekv4_attnmhc_dnd,tiny_shakespeare,1843200,2,1,503
43,medium,deepseekv4_attnmhc_dnd,tiny_shakespeare,1843200,2,2,501
43,medium,deepseekv4_attnmhc_dnd,tiny_shakespeare,1843200,2,3,563
43,medium,deepseekv4_attnmhc_dnd,tiny_shakespeare,1843200,2,4,518
43,medium,deepseekv4_attnmhc_dnd,tiny_shakespeare,1843200,2,5,523
43,medium,deepseekv4_attnmhc_dnd,tiny_shakespeare,1843200,2,6,472
43,medium,deepseekv4_attnmhc_dnd,tiny_shakespeare,1843200,2,7,520
43,medium,deepseekv4_attnmhc_dnd,tiny_shakespeare,1843200,3,0,513
43,medium,deepseekv4_attnmhc_dnd,tiny_shakespeare,1843200,3,1,498
43,medium,deepseekv4_attnmhc_dnd,tiny_shakespeare,1843200,3,2,499
43,medium,deepseekv4_attnmhc_dnd,tiny_shakespeare,1843200,3,3,486
43,medium,deepseekv4_attnmhc_dnd,tiny_shakespeare,1843200,3,4,566
43,medium,deepseekv4_attnmhc_dnd,tiny_shakespeare,1843200,3,5,514
43,medium,deepseekv4_attnmhc_dnd,tiny_shakespeare,1843200,3,6,500
43,medium,deepseekv4_attnmhc_dnd,tiny_shakespeare,1843200,3,7,520
43,medium,deepseekv4_attnmhc_dnd,tiny_shakespeare,1843200,4,0,531
43,medium,deepseekv4_attnmhc_dnd,tiny_shakespeare,1843200,4,1,495
43,medium,deepseekv4_attnmhc_dnd,tiny_shakespeare,1843200,4,2,493
43,medium,deepseekv4_attnmhc_dnd,tiny_shakespeare,1843200,4,3,555
43,medium,deepseekv4_attnmhc_dnd,tiny_shakespeare,1843200,4,4,516
43,medium,deepseekv4_attnmhc_dnd,tiny_shakespeare,1843200,4,5,542
43,medium,deepseekv4_attnmhc_dnd,tiny_shakespeare,1843200,4,6,505
43,medium,deepseekv4_attnmhc_dnd,tiny_shakespeare,1843200,4,7,459
43,medium,deepseekv4_attnmhc_dnd,tiny_shakespeare,1843200,5,0,530
43,medium,deepseekv4_attnmhc_dnd,tiny_shakespeare,1843200,5,1,459
43,medium,deepseekv4_attnmhc_dnd,tiny_shakespeare,1843200,5,2,515
43,medium,deepseekv4_attnmhc_dnd,tiny_shakespeare,1843200,5,3,540
43,medium,deepseekv4_attnmhc_dnd,tiny_shakespeare,1843200,5,4,530
43,medium,deepseekv4_attnmhc_dnd,tiny_shakespeare,1843200,5,5,487
43,medium,deepseekv4_attnmhc_dnd,tiny_shakespeare,1843200,5,6,505
43,medium,deepseekv4_attnmhc_dnd,tiny_shakespeare,1843200,5,7,530
43,medium,deepseekv4_attnmhc_dnd,tiny_shakespeare,2048000,0,0,345
43,medium,deepseekv4_attnmhc_dnd,tiny_shakespeare,2048000,0,1,245
43,medium,deepseekv4_attnmhc_dnd,tiny_shakespeare,2048000,0,2,365
43,medium,deepseekv4_attnmhc_dnd,tiny_shakespeare,2048000,0,3,866
43,medium,deepseekv4_attnmhc_dnd,tiny_shakespeare,2048000,0,4,435
43,medium,deepseekv4_attnmhc_dnd,tiny_shakespeare,2048000,0,5,706
43,medium,deepseekv4_attnmhc_dnd,tiny_shakespeare,2048000,0,6,292
43,medium,deepseekv4_attnmhc_dnd,tiny_shakespeare,2048000,0,7,842
43,medium,deepseekv4_attnmhc_dnd,tiny_shakespeare,2048000,1,0,363
43,medium,deepseekv4_attnmhc_dnd,tiny_shakespeare,2048000,1,1,384
43,medium,deepseekv4_attnmhc_dnd,tiny_shakespeare,2048000,1,2,957
43,medium,deepseekv4_attnmhc_dnd,tiny_shakespeare,2048000,1,3,515
43,medium,deepseekv4_attnmhc_dnd,tiny_shakespeare,2048000,1,4,650
43,medium,deepseekv4_attnmhc_dnd,tiny_shakespeare,2048000,1,5,301
43,medium,deepseekv4_attnmhc_dnd,tiny_shakespeare,2048000,1,6,514
43,medium,deepseekv4_attnmhc_dnd,tiny_shakespeare,2048000,1,7,412
43,medium,deepseekv4_attnmhc_dnd,tiny_shakespeare,2048000,2,0,470
43,medium,deepseekv4_attnmhc_dnd,tiny_shakespeare,2048000,2,1,554
43,medium,deepseekv4_attnmhc_dnd,tiny_shakespeare,2048000,2,2,524
43,medium,deepseekv4_attnmhc_dnd,tiny_shakespeare,2048000,2,3,486
43,medium,deepseekv4_attnmhc_dnd,tiny_shakespeare,2048000,2,4,560
43,medium,deepseekv4_attnmhc_dnd,tiny_shakespeare,2048000,2,5,472
43,medium,deepseekv4_attnmhc_dnd,tiny_shakespeare,2048000,2,6,517
43,medium,deepseekv4_attnmhc_dnd,tiny_shakespeare,2048000,2,7,513
43,medium,deepseekv4_attnmhc_dnd,tiny_shakespeare,2048000,3,0,463
43,medium,deepseekv4_attnmhc_dnd,tiny_shakespeare,2048000,3,1,499
43,medium,deepseekv4_attnmhc_dnd,tiny_shakespeare,2048000,3,2,567
43,medium,deepseekv4_attnmhc_dnd,tiny_shakespeare,2048000,3,3,469
43,medium,deepseekv4_attnmhc_dnd,tiny_shakespeare,2048000,3,4,500
43,medium,deepseekv4_attnmhc_dnd,tiny_shakespeare,2048000,3,5,541
43,medium,deepseekv4_attnmhc_dnd,tiny_shakespeare,2048000,3,6,528
43,medium,deepseekv4_attnmhc_dnd,tiny_shakespeare,2048000,3,7,529
43,medium,deepseekv4_attnmhc_dnd,tiny_shakespeare,2048000,4,0,493
43,medium,deepseekv4_attnmhc_dnd,tiny_shakespeare,2048000,4,1,477
43,medium,deepseekv4_attnmhc_dnd,tiny_shakespeare,2048000,4,2,528
43,medium,deepseekv4_attnmhc_dnd,tiny_shakespeare,2048000,4,3,481
43,medium,deepseekv4_attnmhc_dnd,tiny_shakespeare,2048000,4,4,466
43,medium,deepseekv4_attnmhc_dnd,tiny_shakespeare,2048000,4,5,490
43,medium,deepseekv4_attnmhc_dnd,tiny_shakespeare,2048000,4,6,560
43,medium,deepseekv4_attnmhc_dnd,tiny_shakespeare,2048000,4,7,601
43,medium,deepseekv4_attnmhc_dnd,tiny_shakespeare,2048000,5,0,480
43,medium,deepseekv4_attnmhc_dnd,tiny_shakespeare,2048000,5,1,532
43,medium,deepseekv4_attnmhc_dnd,tiny_shakespeare,2048000,5,2,479
43,medium,deepseekv4_attnmhc_dnd,tiny_shakespeare,2048000,5,3,497
43,medium,deepseekv4_attnmhc_dnd,tiny_shakespeare,2048000,5,4,515
43,medium,deepseekv4_attnmhc_dnd,tiny_shakespeare,2048000,5,5,521
43,medium,deepseekv4_attnmhc_dnd,tiny_shakespeare,2048000,5,6,534
43,medium,deepseekv4_attnmhc_dnd,tiny_shakespeare,2048000,5,7,538
44,medium,deepseekv4_attnmhc_dnd,tiny_shakespeare,2048,0,0,376
44,medium,deepseekv4_attnmhc_dnd,tiny_shakespeare,2048,0,1,220
44,medium,deepseekv4_attnmhc_dnd,tiny_shakespeare,2048,0,2,368
44,medium,deepseekv4_attnmhc_dnd,tiny_shakespeare,2048,0,3,870
44,medium,deepseekv4_attnmhc_dnd,tiny_shakespeare,2048,0,4,386
44,medium,deepseekv4_attnmhc_dnd,tiny_shakespeare,2048,0,5,744
44,medium,deepseekv4_attnmhc_dnd,tiny_shakespeare,2048,0,6,295
44,medium,deepseekv4_attnmhc_dnd,tiny_shakespeare,2048,0,7,837
44,medium,deepseekv4_attnmhc_dnd,tiny_shakespeare,2048,1,0,384
44,medium,deepseekv4_attnmhc_dnd,tiny_shakespeare,2048,1,1,360
44,medium,deepseekv4_attnmhc_dnd,tiny_shakespeare,2048,1,2,962
44,medium,deepseekv4_attnmhc_dnd,tiny_shakespeare,2048,1,3,491
44,medium,deepseekv4_attnmhc_dnd,tiny_shakespeare,2048,1,4,640
44,medium,deepseekv4_attnmhc_dnd,tiny_shakespeare,2048,1,5,302
44,medium,deepseekv4_attnmhc_dnd,tiny_shakespeare,2048,1,6,533
44,medium,deepseekv4_attnmhc_dnd,tiny_shakespeare,2048,1,7,424
44,medium,deepseekv4_attnmhc_dnd,tiny_shakespeare,2048,2,0,708
44,medium,deepseekv4_attnmhc_dnd,tiny_shakespeare,2048,2,1,501
44,medium,deepseekv4_attnmhc_dnd,tiny_shakespeare,2048,2,2,328
44,medium,deepseekv4_attnmhc_dnd,tiny_shakespeare,2048,2,3,644
44,medium,deepseekv4_attnmhc_dnd,tiny_shakespeare,2048,2,4,194
44,medium,deepseekv4_attnmhc_dnd,tiny_shakespeare,2048,2,5,688
44,medium,deepseekv4_attnmhc_dnd,tiny_shakespeare,2048,2,6,463
44,medium,deepseekv4_attnmhc_dnd,tiny_shakespeare,2048,2,7,570
44,medium,deepseekv4_attnmhc_dnd,tiny_shakespeare,2048,3,0,232
44,medium,deepseekv4_attnmhc_dnd,tiny_shakespeare,2048,3,1,248
44,medium,deepseekv4_attnmhc_dnd,tiny_shakespeare,2048,3,2,724
44,medium,deepseekv4_attnmhc_dnd,tiny_shakespeare,2048,3,3,411
44,medium,deepseekv4_attnmhc_dnd,tiny_shakespeare,2048,3,4,1162
44,medium,deepseekv4_attnmhc_dnd,tiny_shakespeare,2048,3,5,576
44,medium,deepseekv4_attnmhc_dnd,tiny_shakespeare,2048,3,6,313
44,medium,deepseekv4_attnmhc_dnd,tiny_shakespeare,2048,3,7,430
44,medium,deepseekv4_attnmhc_dnd,tiny_shakespeare,2048,4,0,838
44,medium,deepseekv4_attnmhc_dnd,tiny_shakespeare,2048,4,1,577
44,medium,deepseekv4_attnmhc_dnd,tiny_shakespeare,2048,4,2,447
44,medium,deepseekv4_attnmhc_dnd,tiny_shakespeare,2048,4,3,581
44,medium,deepseekv4_attnmhc_dnd,tiny_shakespeare,2048,4,4,208
44,medium,deepseekv4_attnmhc_dnd,tiny_shakespeare,2048,4,5,312
44,medium,deepseekv4_attnmhc_dnd,tiny_shakespeare,2048,4,6,698
44,medium,deepseekv4_attnmhc_dnd,tiny_shakespeare,2048,4,7,435
44,medium,deepseekv4_attnmhc_dnd,tiny_shakespeare,2048,5,0,424
44,medium,deepseekv4_attnmhc_dnd,tiny_shakespeare,2048,5,1,662
44,medium,deepseekv4_attnmhc_dnd,tiny_shakespeare,2048,5,2,123
44,medium,deepseekv4_attnmhc_dnd,tiny_shakespeare,2048,5,3,463
44,medium,deepseekv4_attnmhc_dnd,tiny_shakespeare,2048,5,4,832
44,medium,deepseekv4_attnmhc_dnd,tiny_shakespeare,2048,5,5,856
44,medium,deepseekv4_attnmhc_dnd,tiny_shakespeare,2048,5,6,352
44,medium,deepseekv4_attnmhc_dnd,tiny_shakespeare,2048,5,7,384
44,medium,deepseekv4_attnmhc_dnd,tiny_shakespeare,204800,0,0,345
44,medium,deepseekv4_attnmhc_dnd,tiny_shakespeare,204800,0,1,265
44,medium,deepseekv4_attnmhc_dnd,tiny_shakespeare,204800,0,2,405
44,medium,deepseekv4_attnmhc_dnd,tiny_shakespeare,204800,0,3,857
44,medium,deepseekv4_attnmhc_dnd,tiny_shakespeare,204800,0,4,411
44,medium,deepseekv4_attnmhc_dnd,tiny_shakespeare,204800,0,5,659
44,medium,deepseekv4_attnmhc_dnd,tiny_shakespeare,204800,0,6,305
44,medium,deepseekv4_attnmhc_dnd,tiny_shakespeare,204800,0,7,849
44,medium,deepseekv4_attnmhc_dnd,tiny_shakespeare,204800,1,0,333
44,medium,deepseekv4_attnmhc_dnd,tiny_shakespeare,204800,1,1,402
44,medium,deepseekv4_attnmhc_dnd,tiny_shakespeare,204800,1,2,963
44,medium,deepseekv4_attnmhc_dnd,tiny_shakespeare,204800,1,3,534
44,medium,deepseekv4_attnmhc_dnd,tiny_shakespeare,204800,1,4,645
44,medium,deepseekv4_attnmhc_dnd,tiny_shakespeare,204800,1,5,290
44,medium,deepseekv4_attnmhc_dnd,tiny_shakespeare,204800,1,6,523
44,medium,deepseekv4_attnmhc_dnd,tiny_shakespeare,204800,1,7,406
44,medium,deepseekv4_attnmhc_dnd,tiny_shakespeare,204800,2,0,570
44,medium,deepseekv4_attnmhc_dnd,tiny_shakespeare,204800,2,1,564
44,medium,deepseekv4_attnmhc_dnd,tiny_shakespeare,204800,2,2,448
44,medium,deepseekv4_attnmhc_dnd,tiny_shakespeare,204800,2,3,460
44,medium,deepseekv4_attnmhc_dnd,tiny_shakespeare,204800,2,4,518
44,medium,deepseekv4_attnmhc_dnd,tiny_shakespeare,204800,2,5,518
44,medium,deepseekv4_attnmhc_dnd,tiny_shakespeare,204800,2,6,496
44,medium,deepseekv4_attnmhc_dnd,tiny_shakespeare,204800,2,7,522
44,medium,deepseekv4_attnmhc_dnd,tiny_shakespeare,204800,3,0,443
44,medium,deepseekv4_attnmhc_dnd,tiny_shakespeare,204800,3,1,621
44,medium,deepseekv4_attnmhc_dnd,tiny_shakespeare,204800,3,2,322
44,medium,deepseekv4_attnmhc_dnd,tiny_shakespeare,204800,3,3,417
44,medium,deepseekv4_attnmhc_dnd,tiny_shakespeare,204800,3,4,654
44,medium,deepseekv4_attnmhc_dnd,tiny_shakespeare,204800,3,5,530
44,medium,deepseekv4_attnmhc_dnd,tiny_shakespeare,204800,3,6,429
44,medium,deepseekv4_attnmhc_dnd,tiny_shakespeare,204800,3,7,680
44,medium,deepseekv4_attnmhc_dnd,tiny_shakespeare,204800,4,0,551
44,medium,deepseekv4_attnmhc_dnd,tiny_shakespeare,204800,4,1,572
44,medium,deepseekv4_attnmhc_dnd,tiny_shakespeare,204800,4,2,667
44,medium,deepseekv4_attnmhc_dnd,tiny_shakespeare,204800,4,3,552
44,medium,deepseekv4_attnmhc_dnd,tiny_shakespeare,204800,4,4,387
44,medium,deepseekv4_attnmhc_dnd,tiny_shakespeare,204800,4,5,417
44,medium,deepseekv4_attnmhc_dnd,tiny_shakespeare,204800,4,6,554
44,medium,deepseekv4_attnmhc_dnd,tiny_shakespeare,204800,4,7,396
44,medium,deepseekv4_attnmhc_dnd,tiny_shakespeare,204800,5,0,452
44,medium,deepseekv4_attnmhc_dnd,tiny_shakespeare,204800,5,1,438
44,medium,deepseekv4_attnmhc_dnd,tiny_shakespeare,204800,5,2,500
44,medium,deepseekv4_attnmhc_dnd,tiny_shakespeare,204800,5,3,317
44,medium,deepseekv4_attnmhc_dnd,tiny_shakespeare,204800,5,4,544
44,medium,deepseekv4_attnmhc_dnd,tiny_shakespeare,204800,5,5,634
44,medium,deepseekv4_attnmhc_dnd,tiny_shakespeare,204800,5,6,501
44,medium,deepseekv4_attnmhc_dnd,tiny_shakespeare,204800,5,7,710
44,medium,deepseekv4_attnmhc_dnd,tiny_shakespeare,409600,0,0,374
44,medium,deepseekv4_attnmhc_dnd,tiny_shakespeare,409600,0,1,238
44,medium,deepseekv4_attnmhc_dnd,tiny_shakespeare,409600,0,2,360
44,medium,deepseekv4_attnmhc_dnd,tiny_shakespeare,409600,0,3,873
44,medium,deepseekv4_attnmhc_dnd,tiny_shakespeare,409600,0,4,395
44,medium,deepseekv4_attnmhc_dnd,tiny_shakespeare,409600,0,5,701
44,medium,deepseekv4_attnmhc_dnd,tiny_shakespeare,409600,0,6,289
44,medium,deepseekv4_attnmhc_dnd,tiny_shakespeare,409600,0,7,866
44,medium,deepseekv4_attnmhc_dnd,tiny_shakespeare,409600,1,0,385
44,medium,deepseekv4_attnmhc_dnd,tiny_shakespeare,409600,1,1,421
44,medium,deepseekv4_attnmhc_dnd,tiny_shakespeare,409600,1,2,931
44,medium,deepseekv4_attnmhc_dnd,tiny_shakespeare,409600,1,3,519
44,medium,deepseekv4_attnmhc_dnd,tiny_shakespeare,409600,1,4,679
44,medium,deepseekv4_attnmhc_dnd,tiny_shakespeare,409600,1,5,269
44,medium,deepseekv4_attnmhc_dnd,tiny_shakespeare,409600,1,6,511
44,medium,deepseekv4_attnmhc_dnd,tiny_shakespeare,409600,1,7,381
44,medium,deepseekv4_attnmhc_dnd,tiny_shakespeare,409600,2,0,499
44,medium,deepseekv4_attnmhc_dnd,tiny_shakespeare,409600,2,1,530
44,medium,deepseekv4_attnmhc_dnd,tiny_shakespeare,409600,2,2,484
44,medium,deepseekv4_attnmhc_dnd,tiny_shakespeare,409600,2,3,537
44,medium,deepseekv4_attnmhc_dnd,tiny_shakespeare,409600,2,4,523
44,medium,deepseekv4_attnmhc_dnd,tiny_shakespeare,409600,2,5,508
44,medium,deepseekv4_attnmhc_dnd,tiny_shakespeare,409600,2,6,500
44,medium,deepseekv4_attnmhc_dnd,tiny_shakespeare,409600,2,7,515
44,medium,deepseekv4_attnmhc_dnd,tiny_shakespeare,409600,3,0,536
44,medium,deepseekv4_attnmhc_dnd,tiny_shakespeare,409600,3,1,453
44,medium,deepseekv4_attnmhc_dnd,tiny_shakespeare,409600,3,2,526
44,medium,deepseekv4_attnmhc_dnd,tiny_shakespeare,409600,3,3,493
44,medium,deepseekv4_attnmhc_dnd,tiny_shakespeare,409600,3,4,541
44,medium,deepseekv4_attnmhc_dnd,tiny_shakespeare,409600,3,5,451
44,medium,deepseekv4_attnmhc_dnd,tiny_shakespeare,409600,3,6,454
44,medium,deepseekv4_attnmhc_dnd,tiny_shakespeare,409600,3,7,642
44,medium,deepseekv4_attnmhc_dnd,tiny_shakespeare,409600,4,0,605
44,medium,deepseekv4_attnmhc_dnd,tiny_shakespeare,409600,4,1,542
44,medium,deepseekv4_attnmhc_dnd,tiny_shakespeare,409600,4,2,510
44,medium,deepseekv4_attnmhc_dnd,tiny_shakespeare,409600,4,3,453
44,medium,deepseekv4_attnmhc_dnd,tiny_shakespeare,409600,4,4,563
44,medium,deepseekv4_attnmhc_dnd,tiny_shakespeare,409600,4,5,409
44,medium,deepseekv4_attnmhc_dnd,tiny_shakespeare,409600,4,6,483
44,medium,deepseekv4_attnmhc_dnd,tiny_shakespeare,409600,4,7,531
44,medium,deepseekv4_attnmhc_dnd,tiny_shakespeare,409600,5,0,346
44,medium,deepseekv4_attnmhc_dnd,tiny_shakespeare,409600,5,1,427
44,medium,deepseekv4_attnmhc_dnd,tiny_shakespeare,409600,5,2,494
44,medium,deepseekv4_attnmhc_dnd,tiny_shakespeare,409600,5,3,667
44,medium,deepseekv4_attnmhc_dnd,tiny_shakespeare,409600,5,4,749
44,medium,deepseekv4_attnmhc_dnd,tiny_shakespeare,409600,5,5,453
44,medium,deepseekv4_attnmhc_dnd,tiny_shakespeare,409600,5,6,485
44,medium,deepseekv4_attnmhc_dnd,tiny_shakespeare,409600,5,7,475
44,medium,deepseekv4_attnmhc_dnd,tiny_shakespeare,614400,0,0,362
44,medium,deepseekv4_attnmhc_dnd,tiny_shakespeare,614400,0,1,252
44,medium,deepseekv4_attnmhc_dnd,tiny_shakespeare,614400,0,2,376
44,medium,deepseekv4_attnmhc_dnd,tiny_shakespeare,614400,0,3,901
44,medium,deepseekv4_attnmhc_dnd,tiny_shakespeare,614400,0,4,419
44,medium,deepseekv4_attnmhc_dnd,tiny_shakespeare,614400,0,5,672
44,medium,deepseekv4_attnmhc_dnd,tiny_shakespeare,614400,0,6,257
44,medium,deepseekv4_attnmhc_dnd,tiny_shakespeare,614400,0,7,857
44,medium,deepseekv4_attnmhc_dnd,tiny_shakespeare,614400,1,0,363
44,medium,deepseekv4_attnmhc_dnd,tiny_shakespeare,614400,1,1,393
44,medium,deepseekv4_attnmhc_dnd,tiny_shakespeare,614400,1,2,949
44,medium,deepseekv4_attnmhc_dnd,tiny_shakespeare,614400,1,3,530
44,medium,deepseekv4_attnmhc_dnd,tiny_shakespeare,614400,1,4,631
44,medium,deepseekv4_attnmhc_dnd,tiny_shakespeare,614400,1,5,281
44,medium,deepseekv4_attnmhc_dnd,tiny_shakespeare,614400,1,6,530
44,medium,deepseekv4_attnmhc_dnd,tiny_shakespeare,614400,1,7,419
44,medium,deepseekv4_attnmhc_dnd,tiny_shakespeare,614400,2,0,491
44,medium,deepseekv4_attnmhc_dnd,tiny_shakespeare,614400,2,1,547
44,medium,deepseekv4_attnmhc_dnd,tiny_shakespeare,614400,2,2,539
44,medium,deepseekv4_attnmhc_dnd,tiny_shakespeare,614400,2,3,493
44,medium,deepseekv4_attnmhc_dnd,tiny_shakespeare,614400,2,4,464
44,medium,deepseekv4_attnmhc_dnd,tiny_shakespeare,614400,2,5,542
44,medium,deepseekv4_attnmhc_dnd,tiny_shakespeare,614400,2,6,517
44,medium,deepseekv4_attnmhc_dnd,tiny_shakespeare,614400,2,7,503
44,medium,deepseekv4_attnmhc_dnd,tiny_shakespeare,614400,3,0,528
44,medium,deepseekv4_attnmhc_dnd,tiny_shakespeare,614400,3,1,460
44,medium,deepseekv4_attnmhc_dnd,tiny_shakespeare,614400,3,2,523
44,medium,deepseekv4_attnmhc_dnd,tiny_shakespeare,614400,3,3,559
44,medium,deepseekv4_attnmhc_dnd,tiny_shakespeare,614400,3,4,537
44,medium,deepseekv4_attnmhc_dnd,tiny_shakespeare,614400,3,5,582
44,medium,deepseekv4_attnmhc_dnd,tiny_shakespeare,614400,3,6,446
44,medium,deepseekv4_attnmhc_dnd,tiny_shakespeare,614400,3,7,461
44,medium,deepseekv4_attnmhc_dnd,tiny_shakespeare,614400,4,0,592
44,medium,deepseekv4_attnmhc_dnd,tiny_shakespeare,614400,4,1,529
44,medium,deepseekv4_attnmhc_dnd,tiny_shakespeare,614400,4,2,534
44,medium,deepseekv4_attnmhc_dnd,tiny_shakespeare,614400,4,3,414
44,medium,deepseekv4_attnmhc_dnd,tiny_shakespeare,614400,4,4,491
44,medium,deepseekv4_attnmhc_dnd,tiny_shakespeare,614400,4,5,529
44,medium,deepseekv4_attnmhc_dnd,tiny_shakespeare,614400,4,6,538
44,medium,deepseekv4_attnmhc_dnd,tiny_shakespeare,614400,4,7,469
44,medium,deepseekv4_attnmhc_dnd,tiny_shakespeare,614400,5,0,400
44,medium,deepseekv4_attnmhc_dnd,tiny_shakespeare,614400,5,1,611
44,medium,deepseekv4_attnmhc_dnd,tiny_shakespeare,614400,5,2,540
44,medium,deepseekv4_attnmhc_dnd,tiny_shakespeare,614400,5,3,453
44,medium,deepseekv4_attnmhc_dnd,tiny_shakespeare,614400,5,4,719
44,medium,deepseekv4_attnmhc_dnd,tiny_shakespeare,614400,5,5,455
44,medium,deepseekv4_attnmhc_dnd,tiny_shakespeare,614400,5,6,476
44,medium,deepseekv4_attnmhc_dnd,tiny_shakespeare,614400,5,7,442
44,medium,deepseekv4_attnmhc_dnd,tiny_shakespeare,819200,0,0,366
44,medium,deepseekv4_attnmhc_dnd,tiny_shakespeare,819200,0,1,231
44,medium,deepseekv4_attnmhc_dnd,tiny_shakespeare,819200,0,2,375
44,medium,deepseekv4_attnmhc_dnd,tiny_shakespeare,819200,0,3,868
44,medium,deepseekv4_attnmhc_dnd,tiny_shakespeare,819200,0,4,435
44,medium,deepseekv4_attnmhc_dnd,tiny_shakespeare,819200,0,5,676
44,medium,deepseekv4_attnmhc_dnd,tiny_shakespeare,819200,0,6,309
44,medium,deepseekv4_attnmhc_dnd,tiny_shakespeare,819200,0,7,836
44,medium,deepseekv4_attnmhc_dnd,tiny_shakespeare,819200,1,0,360
44,medium,deepseekv4_attnmhc_dnd,tiny_shakespeare,819200,1,1,376
44,medium,deepseekv4_attnmhc_dnd,tiny_shakespeare,819200,1,2,958
44,medium,deepseekv4_attnmhc_dnd,tiny_shakespeare,819200,1,3,492
44,medium,deepseekv4_attnmhc_dnd,tiny_shakespeare,819200,1,4,625
44,medium,deepseekv4_attnmhc_dnd,tiny_shakespeare,819200,1,5,279
44,medium,deepseekv4_attnmhc_dnd,tiny_shakespeare,819200,1,6,563
44,medium,deepseekv4_attnmhc_dnd,tiny_shakespeare,819200,1,7,443
44,medium,deepseekv4_attnmhc_dnd,tiny_shakespeare,819200,2,0,533
44,medium,deepseekv4_attnmhc_dnd,tiny_shakespeare,819200,2,1,478
44,medium,deepseekv4_attnmhc_dnd,tiny_shakespeare,819200,2,2,487
44,medium,deepseekv4_attnmhc_dnd,tiny_shakespeare,819200,2,3,516
44,medium,deepseekv4_attnmhc_dnd,tiny_shakespeare,819200,2,4,519
44,medium,deepseekv4_attnmhc_dnd,tiny_shakespeare,819200,2,5,476
44,medium,deepseekv4_attnmhc_dnd,tiny_shakespeare,819200,2,6,520
44,medium,deepseekv4_attnmhc_dnd,tiny_shakespeare,819200,2,7,567
44,medium,deepseekv4_attnmhc_dnd,tiny_shakespeare,819200,3,0,543
44,medium,deepseekv4_attnmhc_dnd,tiny_shakespeare,819200,3,1,488
44,medium,deepseekv4_attnmhc_dnd,tiny_shakespeare,819200,3,2,525
44,medium,deepseekv4_attnmhc_dnd,tiny_shakespeare,819200,3,3,521
44,medium,deepseekv4_attnmhc_dnd,tiny_shakespeare,819200,3,4,525
44,medium,deepseekv4_attnmhc_dnd,tiny_shakespeare,819200,3,5,511
44,medium,deepseekv4_attnmhc_dnd,tiny_shakespeare,819200,3,6,468
44,medium,deepseekv4_attnmhc_dnd,tiny_shakespeare,819200,3,7,515
44,medium,deepseekv4_attnmhc_dnd,tiny_shakespeare,819200,4,0,545
44,medium,deepseekv4_attnmhc_dnd,tiny_shakespeare,819200,4,1,502
44,medium,deepseekv4_attnmhc_dnd,tiny_shakespeare,819200,4,2,505
44,medium,deepseekv4_attnmhc_dnd,tiny_shakespeare,819200,4,3,555
44,medium,deepseekv4_attnmhc_dnd,tiny_shakespeare,819200,4,4,524
44,medium,deepseekv4_attnmhc_dnd,tiny_shakespeare,819200,4,5,433
44,medium,deepseekv4_attnmhc_dnd,tiny_shakespeare,819200,4,6,527
44,medium,deepseekv4_attnmhc_dnd,tiny_shakespeare,819200,4,7,505
44,medium,deepseekv4_attnmhc_dnd,tiny_shakespeare,819200,5,0,460
44,medium,deepseekv4_attnmhc_dnd,tiny_shakespeare,819200,5,1,551
44,medium,deepseekv4_attnmhc_dnd,tiny_shakespeare,819200,5,2,479
44,medium,deepseekv4_attnmhc_dnd,tiny_shakespeare,819200,5,3,544
44,medium,deepseekv4_attnmhc_dnd,tiny_shakespeare,819200,5,4,674
44,medium,deepseekv4_attnmhc_dnd,tiny_shakespeare,819200,5,5,559
44,medium,deepseekv4_attnmhc_dnd,tiny_shakespeare,819200,5,6,503
44,medium,deepseekv4_attnmhc_dnd,tiny_shakespeare,819200,5,7,326
44,medium,deepseekv4_attnmhc_dnd,tiny_shakespeare,1024000,0,0,391
44,medium,deepseekv4_attnmhc_dnd,tiny_shakespeare,1024000,0,1,221
44,medium,deepseekv4_attnmhc_dnd,tiny_shakespeare,1024000,0,2,354
44,medium,deepseekv4_attnmhc_dnd,tiny_shakespeare,1024000,0,3,874
44,medium,deepseekv4_attnmhc_dnd,tiny_shakespeare,1024000,0,4,396
44,medium,deepseekv4_attnmhc_dnd,tiny_shakespeare,1024000,0,5,695
44,medium,deepseekv4_attnmhc_dnd,tiny_shakespeare,1024000,0,6,295
44,medium,deepseekv4_attnmhc_dnd,tiny_shakespeare,1024000,0,7,870
44,medium,deepseekv4_attnmhc_dnd,tiny_shakespeare,1024000,1,0,363
44,medium,deepseekv4_attnmhc_dnd,tiny_shakespeare,1024000,1,1,368
44,medium,deepseekv4_attnmhc_dnd,tiny_shakespeare,1024000,1,2,912
44,medium,deepseekv4_attnmhc_dnd,tiny_shakespeare,1024000,1,3,507
44,medium,deepseekv4_attnmhc_dnd,tiny_shakespeare,1024000,1,4,612
44,medium,deepseekv4_attnmhc_dnd,tiny_shakespeare,1024000,1,5,314
44,medium,deepseekv4_attnmhc_dnd,tiny_shakespeare,1024000,1,6,583
44,medium,deepseekv4_attnmhc_dnd,tiny_shakespeare,1024000,1,7,437
44,medium,deepseekv4_attnmhc_dnd,tiny_shakespeare,1024000,2,0,492
44,medium,deepseekv4_attnmhc_dnd,tiny_shakespeare,1024000,2,1,489
44,medium,deepseekv4_attnmhc_dnd,tiny_shakespeare,1024000,2,2,536
44,medium,deepseekv4_attnmhc_dnd,tiny_shakespeare,1024000,2,3,485
44,medium,deepseekv4_attnmhc_dnd,tiny_shakespeare,1024000,2,4,567
44,medium,deepseekv4_attnmhc_dnd,tiny_shakespeare,1024000,2,5,525
44,medium,deepseekv4_attnmhc_dnd,tiny_shakespeare,1024000,2,6,516
44,medium,deepseekv4_attnmhc_dnd,tiny_shakespeare,1024000,2,7,486
44,medium,deepseekv4_attnmhc_dnd,tiny_shakespeare,1024000,3,0,505
44,medium,deepseekv4_attnmhc_dnd,tiny_shakespeare,1024000,3,1,524
44,medium,deepseekv4_attnmhc_dnd,tiny_shakespeare,1024000,3,2,504
44,medium,deepseekv4_attnmhc_dnd,tiny_shakespeare,1024000,3,3,512
44,medium,deepseekv4_attnmhc_dnd,tiny_shakespeare,1024000,3,4,507
44,medium,deepseekv4_attnmhc_dnd,tiny_shakespeare,1024000,3,5,555
44,medium,deepseekv4_attnmhc_dnd,tiny_shakespeare,1024000,3,6,490
44,medium,deepseekv4_attnmhc_dnd,tiny_shakespeare,1024000,3,7,499
44,medium,deepseekv4_attnmhc_dnd,tiny_shakespeare,1024000,4,0,483
44,medium,deepseekv4_attnmhc_dnd,tiny_shakespeare,1024000,4,1,502
44,medium,deepseekv4_attnmhc_dnd,tiny_shakespeare,1024000,4,2,500
44,medium,deepseekv4_attnmhc_dnd,tiny_shakespeare,1024000,4,3,464
44,medium,deepseekv4_attnmhc_dnd,tiny_shakespeare,1024000,4,4,619
44,medium,deepseekv4_attnmhc_dnd,tiny_shakespeare,1024000,4,5,568
44,medium,deepseekv4_attnmhc_dnd,tiny_shakespeare,1024000,4,6,473
44,medium,deepseekv4_attnmhc_dnd,tiny_shakespeare,1024000,4,7,487
44,medium,deepseekv4_attnmhc_dnd,tiny_shakespeare,1024000,5,0,583
44,medium,deepseekv4_attnmhc_dnd,tiny_shakespeare,1024000,5,1,491
44,medium,deepseekv4_attnmhc_dnd,tiny_shakespeare,1024000,5,2,482
44,medium,deepseekv4_attnmhc_dnd,tiny_shakespeare,1024000,5,3,524
44,medium,deepseekv4_attnmhc_dnd,tiny_shakespeare,1024000,5,4,473
44,medium,deepseekv4_attnmhc_dnd,tiny_shakespeare,1024000,5,5,511
44,medium,deepseekv4_attnmhc_dnd,tiny_shakespeare,1024000,5,6,501
44,medium,deepseekv4_attnmhc_dnd,tiny_shakespeare,1024000,5,7,531
44,medium,deepseekv4_attnmhc_dnd,tiny_shakespeare,1228800,0,0,356
44,medium,deepseekv4_attnmhc_dnd,tiny_shakespeare,1228800,0,1,276
44,medium,deepseekv4_attnmhc_dnd,tiny_shakespeare,1228800,0,2,362
44,medium,deepseekv4_attnmhc_dnd,tiny_shakespeare,1228800,0,3,863
44,medium,deepseekv4_attnmhc_dnd,tiny_shakespeare,1228800,0,4,404
44,medium,deepseekv4_attnmhc_dnd,tiny_shakespeare,1228800,0,5,686
44,medium,deepseekv4_attnmhc_dnd,tiny_shakespeare,1228800,0,6,309
44,medium,deepseekv4_attnmhc_dnd,tiny_shakespeare,1228800,0,7,840
44,medium,deepseekv4_attnmhc_dnd,tiny_shakespeare,1228800,1,0,365
44,medium,deepseekv4_attnmhc_dnd,tiny_shakespeare,1228800,1,1,426
44,medium,deepseekv4_attnmhc_dnd,tiny_shakespeare,1228800,1,2,952
44,medium,deepseekv4_attnmhc_dnd,tiny_shakespeare,1228800,1,3,511
44,medium,deepseekv4_attnmhc_dnd,tiny_shakespeare,1228800,1,4,653
44,medium,deepseekv4_attnmhc_dnd,tiny_shakespeare,1228800,1,5,277
44,medium,deepseekv4_attnmhc_dnd,tiny_shakespeare,1228800,1,6,505
44,medium,deepseekv4_attnmhc_dnd,tiny_shakespeare,1228800,1,7,407
44,medium,deepseekv4_attnmhc_dnd,tiny_shakespeare,1228800,2,0,553
44,medium,deepseekv4_attnmhc_dnd,tiny_shakespeare,1228800,2,1,496
44,medium,deepseekv4_attnmhc_dnd,tiny_shakespeare,1228800,2,2,503
44,medium,deepseekv4_attnmhc_dnd,tiny_shakespeare,1228800,2,3,538
44,medium,deepseekv4_attnmhc_dnd,tiny_shakespeare,1228800,2,4,536
44,medium,deepseekv4_attnmhc_dnd,tiny_shakespeare,1228800,2,5,492
44,medium,deepseekv4_attnmhc_dnd,tiny_shakespeare,1228800,2,6,533
44,medium,deepseekv4_attnmhc_dnd,tiny_shakespeare,1228800,2,7,445
44,medium,deepseekv4_attnmhc_dnd,tiny_shakespeare,1228800,3,0,467
44,medium,deepseekv4_attnmhc_dnd,tiny_shakespeare,1228800,3,1,492
44,medium,deepseekv4_attnmhc_dnd,tiny_shakespeare,1228800,3,2,530
44,medium,deepseekv4_attnmhc_dnd,tiny_shakespeare,1228800,3,3,509
44,medium,deepseekv4_attnmhc_dnd,tiny_shakespeare,1228800,3,4,543
44,medium,deepseekv4_attnmhc_dnd,tiny_shakespeare,1228800,3,5,483
44,medium,deepseekv4_attnmhc_dnd,tiny_shakespeare,1228800,3,6,591
44,medium,deepseekv4_attnmhc_dnd,tiny_shakespeare,1228800,3,7,481
44,medium,deepseekv4_attnmhc_dnd,tiny_shakespeare,1228800,4,0,488
44,medium,deepseekv4_attnmhc_dnd,tiny_shakespeare,1228800,4,1,483
44,medium,deepseekv4_attnmhc_dnd,tiny_shakespeare,1228800,4,2,490
44,medium,deepseekv4_attnmhc_dnd,tiny_shakespeare,1228800,4,3,576
44,medium,deepseekv4_attnmhc_dnd,tiny_shakespeare,1228800,4,4,520
44,medium,deepseekv4_attnmhc_dnd,tiny_shakespeare,1228800,4,5,518
44,medium,deepseekv4_attnmhc_dnd,tiny_shakespeare,1228800,4,6,501
44,medium,deepseekv4_attnmhc_dnd,tiny_shakespeare,1228800,4,7,520
44,medium,deepseekv4_attnmhc_dnd,tiny_shakespeare,1228800,5,0,499
44,medium,deepseekv4_attnmhc_dnd,tiny_shakespeare,1228800,5,1,502
44,medium,deepseekv4_attnmhc_dnd,tiny_shakespeare,1228800,5,2,469
44,medium,deepseekv4_attnmhc_dnd,tiny_shakespeare,1228800,5,3,545
44,medium,deepseekv4_attnmhc_dnd,tiny_shakespeare,1228800,5,4,529
44,medium,deepseekv4_attnmhc_dnd,tiny_shakespeare,1228800,5,5,497
44,medium,deepseekv4_attnmhc_dnd,tiny_shakespeare,1228800,5,6,496
44,medium,deepseekv4_attnmhc_dnd,tiny_shakespeare,1228800,5,7,559
44,medium,deepseekv4_attnmhc_dnd,tiny_shakespeare,1433600,0,0,349
44,medium,deepseekv4_attnmhc_dnd,tiny_shakespeare,1433600,0,1,245
44,medium,deepseekv4_attnmhc_dnd,tiny_shakespeare,1433600,0,2,343
44,medium,deepseekv4_attnmhc_dnd,tiny_shakespeare,1433600,0,3,902
44,medium,deepseekv4_attnmhc_dnd,tiny_shakespeare,1433600,0,4,421
44,medium,deepseekv4_attnmhc_dnd,tiny_shakespeare,1433600,0,5,719
44,medium,deepseekv4_attnmhc_dnd,tiny_shakespeare,1433600,0,6,264
44,medium,deepseekv4_attnmhc_dnd,tiny_shakespeare,1433600,0,7,853
44,medium,deepseekv4_attnmhc_dnd,tiny_shakespeare,1433600,1,0,369
44,medium,deepseekv4_attnmhc_dnd,tiny_shakespeare,1433600,1,1,377
44,medium,deepseekv4_attnmhc_dnd,tiny_shakespeare,1433600,1,2,993
44,medium,deepseekv4_attnmhc_dnd,tiny_shakespeare,1433600,1,3,504
44,medium,deepseekv4_attnmhc_dnd,tiny_shakespeare,1433600,1,4,641
44,medium,deepseekv4_attnmhc_dnd,tiny_shakespeare,1433600,1,5,286
44,medium,deepseekv4_attnmhc_dnd,tiny_shakespeare,1433600,1,6,520
44,medium,deepseekv4_attnmhc_dnd,tiny_shakespeare,1433600,1,7,406
44,medium,deepseekv4_attnmhc_dnd,tiny_shakespeare,1433600,2,0,496
44,medium,deepseekv4_attnmhc_dnd,tiny_shakespeare,1433600,2,1,524
44,medium,deepseekv4_attnmhc_dnd,tiny_shakespeare,1433600,2,2,522
44,medium,deepseekv4_attnmhc_dnd,tiny_shakespeare,1433600,2,3,497
44,medium,deepseekv4_attnmhc_dnd,tiny_shakespeare,1433600,2,4,529
44,medium,deepseekv4_attnmhc_dnd,tiny_shakespeare,1433600,2,5,511
44,medium,deepseekv4_attnmhc_dnd,tiny_shakespeare,1433600,2,6,513
44,medium,deepseekv4_attnmhc_dnd,tiny_shakespeare,1433600,2,7,504
44,medium,deepseekv4_attnmhc_dnd,tiny_shakespeare,1433600,3,0,523
44,medium,deepseekv4_attnmhc_dnd,tiny_shakespeare,1433600,3,1,533
44,medium,deepseekv4_attnmhc_dnd,tiny_shakespeare,1433600,3,2,482
44,medium,deepseekv4_attnmhc_dnd,tiny_shakespeare,1433600,3,3,498
44,medium,deepseekv4_attnmhc_dnd,tiny_shakespeare,1433600,3,4,507
44,medium,deepseekv4_attnmhc_dnd,tiny_shakespeare,1433600,3,5,515
44,medium,deepseekv4_attnmhc_dnd,tiny_shakespeare,1433600,3,6,510
44,medium,deepseekv4_attnmhc_dnd,tiny_shakespeare,1433600,3,7,528
44,medium,deepseekv4_attnmhc_dnd,tiny_shakespeare,1433600,4,0,556
44,medium,deepseekv4_attnmhc_dnd,tiny_shakespeare,1433600,4,1,497
44,medium,deepseekv4_attnmhc_dnd,tiny_shakespeare,1433600,4,2,467
44,medium,deepseekv4_attnmhc_dnd,tiny_shakespeare,1433600,4,3,552
44,medium,deepseekv4_attnmhc_dnd,tiny_shakespeare,1433600,4,4,516
44,medium,deepseekv4_attnmhc_dnd,tiny_shakespeare,1433600,4,5,527
44,medium,deepseekv4_attnmhc_dnd,tiny_shakespeare,1433600,4,6,487
44,medium,deepseekv4_attnmhc_dnd,tiny_shakespeare,1433600,4,7,494
44,medium,deepseekv4_attnmhc_dnd,tiny_shakespeare,1433600,5,0,515
44,medium,deepseekv4_attnmhc_dnd,tiny_shakespeare,1433600,5,1,527
44,medium,deepseekv4_attnmhc_dnd,tiny_shakespeare,1433600,5,2,539
44,medium,deepseekv4_attnmhc_dnd,tiny_shakespeare,1433600,5,3,503
44,medium,deepseekv4_attnmhc_dnd,tiny_shakespeare,1433600,5,4,471
44,medium,deepseekv4_attnmhc_dnd,tiny_shakespeare,1433600,5,5,534
44,medium,deepseekv4_attnmhc_dnd,tiny_shakespeare,1433600,5,6,554
44,medium,deepseekv4_attnmhc_dnd,tiny_shakespeare,1433600,5,7,453
44,medium,deepseekv4_attnmhc_dnd,tiny_shakespeare,1638400,0,0,356
44,medium,deepseekv4_attnmhc_dnd,tiny_shakespeare,1638400,0,1,270
44,medium,deepseekv4_attnmhc_dnd,tiny_shakespeare,1638400,0,2,377
44,medium,deepseekv4_attnmhc_dnd,tiny_shakespeare,1638400,0,3,878
44,medium,deepseekv4_attnmhc_dnd,tiny_shakespeare,1638400,0,4,396
44,medium,deepseekv4_attnmhc_dnd,tiny_shakespeare,1638400,0,5,689
44,medium,deepseekv4_attnmhc_dnd,tiny_shakespeare,1638400,0,6,289
44,medium,deepseekv4_attnmhc_dnd,tiny_shakespeare,1638400,0,7,841
44,medium,deepseekv4_attnmhc_dnd,tiny_shakespeare,1638400,1,0,365
44,medium,deepseekv4_attnmhc_dnd,tiny_shakespeare,1638400,1,1,420
44,medium,deepseekv4_attnmhc_dnd,tiny_shakespeare,1638400,1,2,954
44,medium,deepseekv4_attnmhc_dnd,tiny_shakespeare,1638400,1,3,504
44,medium,deepseekv4_attnmhc_dnd,tiny_shakespeare,1638400,1,4,680
44,medium,deepseekv4_attnmhc_dnd,tiny_shakespeare,1638400,1,5,268
44,medium,deepseekv4_attnmhc_dnd,tiny_shakespeare,1638400,1,6,516
44,medium,deepseekv4_attnmhc_dnd,tiny_shakespeare,1638400,1,7,389
44,medium,deepseekv4_attnmhc_dnd,tiny_shakespeare,1638400,2,0,488
44,medium,deepseekv4_attnmhc_dnd,tiny_shakespeare,1638400,2,1,515
44,medium,deepseekv4_attnmhc_dnd,tiny_shakespeare,1638400,2,2,528
44,medium,deepseekv4_attnmhc_dnd,tiny_shakespeare,1638400,2,3,507
44,medium,deepseekv4_attnmhc_dnd,tiny_shakespeare,1638400,2,4,500
44,medium,deepseekv4_attnmhc_dnd,tiny_shakespeare,1638400,2,5,513
44,medium,deepseekv4_attnmhc_dnd,tiny_shakespeare,1638400,2,6,515
44,medium,deepseekv4_attnmhc_dnd,tiny_shakespeare,1638400,2,7,530
44,medium,deepseekv4_attnmhc_dnd,tiny_shakespeare,1638400,3,0,526
44,medium,deepseekv4_attnmhc_dnd,tiny_shakespeare,1638400,3,1,532
44,medium,deepseekv4_attnmhc_dnd,tiny_shakespeare,1638400,3,2,525
44,medium,deepseekv4_attnmhc_dnd,tiny_shakespeare,1638400,3,3,508
44,medium,deepseekv4_attnmhc_dnd,tiny_shakespeare,1638400,3,4,478
44,medium,deepseekv4_attnmhc_dnd,tiny_shakespeare,1638400,3,5,527
44,medium,deepseekv4_attnmhc_dnd,tiny_shakespeare,1638400,3,6,514
44,medium,deepseekv4_attnmhc_dnd,tiny_shakespeare,1638400,3,7,486
44,medium,deepseekv4_attnmhc_dnd,tiny_shakespeare,1638400,4,0,494
44,medium,deepseekv4_attnmhc_dnd,tiny_shakespeare,1638400,4,1,507
44,medium,deepseekv4_attnmhc_dnd,tiny_shakespeare,1638400,4,2,593
44,medium,deepseekv4_attnmhc_dnd,tiny_shakespeare,1638400,4,3,526
44,medium,deepseekv4_attnmhc_dnd,tiny_shakespeare,1638400,4,4,502
44,medium,deepseekv4_attnmhc_dnd,tiny_shakespeare,1638400,4,5,481
44,medium,deepseekv4_attnmhc_dnd,tiny_shakespeare,1638400,4,6,492
44,medium,deepseekv4_attnmhc_dnd,tiny_shakespeare,1638400,4,7,501
44,medium,deepseekv4_attnmhc_dnd,tiny_shakespeare,1638400,5,0,393
44,medium,deepseekv4_attnmhc_dnd,tiny_shakespeare,1638400,5,1,547
44,medium,deepseekv4_attnmhc_dnd,tiny_shakespeare,1638400,5,2,522
44,medium,deepseekv4_attnmhc_dnd,tiny_shakespeare,1638400,5,3,501
44,medium,deepseekv4_attnmhc_dnd,tiny_shakespeare,1638400,5,4,566
44,medium,deepseekv4_attnmhc_dnd,tiny_shakespeare,1638400,5,5,490
44,medium,deepseekv4_attnmhc_dnd,tiny_shakespeare,1638400,5,6,548
44,medium,deepseekv4_attnmhc_dnd,tiny_shakespeare,1638400,5,7,529
44,medium,deepseekv4_attnmhc_dnd,tiny_shakespeare,1843200,0,0,360
44,medium,deepseekv4_attnmhc_dnd,tiny_shakespeare,1843200,0,1,251
44,medium,deepseekv4_attnmhc_dnd,tiny_shakespeare,1843200,0,2,371
44,medium,deepseekv4_attnmhc_dnd,tiny_shakespeare,1843200,0,3,879
44,medium,deepseekv4_attnmhc_dnd,tiny_shakespeare,1843200,0,4,394
44,medium,deepseekv4_attnmhc_dnd,tiny_shakespeare,1843200,0,5,697
44,medium,deepseekv4_attnmhc_dnd,tiny_shakespeare,1843200,0,6,296
44,medium,deepseekv4_attnmhc_dnd,tiny_shakespeare,1843200,0,7,848
44,medium,deepseekv4_attnmhc_dnd,tiny_shakespeare,1843200,1,0,365
44,medium,deepseekv4_attnmhc_dnd,tiny_shakespeare,1843200,1,1,397
44,medium,deepseekv4_attnmhc_dnd,tiny_shakespeare,1843200,1,2,955
44,medium,deepseekv4_attnmhc_dnd,tiny_shakespeare,1843200,1,3,496
44,medium,deepseekv4_attnmhc_dnd,tiny_shakespeare,1843200,1,4,663
44,medium,deepseekv4_attnmhc_dnd,tiny_shakespeare,1843200,1,5,284
44,medium,deepseekv4_attnmhc_dnd,tiny_shakespeare,1843200,1,6,529
44,medium,deepseekv4_attnmhc_dnd,tiny_shakespeare,1843200,1,7,407
44,medium,deepseekv4_attnmhc_dnd,tiny_shakespeare,1843200,2,0,511
44,medium,deepseekv4_attnmhc_dnd,tiny_shakespeare,1843200,2,1,517
44,medium,deepseekv4_attnmhc_dnd,tiny_shakespeare,1843200,2,2,520
44,medium,deepseekv4_attnmhc_dnd,tiny_shakespeare,1843200,2,3,503
44,medium,deepseekv4_attnmhc_dnd,tiny_shakespeare,1843200,2,4,524
44,medium,deepseekv4_attnmhc_dnd,tiny_shakespeare,1843200,2,5,515
44,medium,deepseekv4_attnmhc_dnd,tiny_shakespeare,1843200,2,6,513
44,medium,deepseekv4_attnmhc_dnd,tiny_shakespeare,1843200,2,7,493
44,medium,deepseekv4_attnmhc_dnd,tiny_shakespeare,1843200,3,0,525
44,medium,deepseekv4_attnmhc_dnd,tiny_shakespeare,1843200,3,1,495
44,medium,deepseekv4_attnmhc_dnd,tiny_shakespeare,1843200,3,2,485
44,medium,deepseekv4_attnmhc_dnd,tiny_shakespeare,1843200,3,3,508
44,medium,deepseekv4_attnmhc_dnd,tiny_shakespeare,1843200,3,4,525
44,medium,deepseekv4_attnmhc_dnd,tiny_shakespeare,1843200,3,5,544
44,medium,deepseekv4_attnmhc_dnd,tiny_shakespeare,1843200,3,6,493
44,medium,deepseekv4_attnmhc_dnd,tiny_shakespeare,1843200,3,7,521
44,medium,deepseekv4_attnmhc_dnd,tiny_shakespeare,1843200,4,0,496
44,medium,deepseekv4_attnmhc_dnd,tiny_shakespeare,1843200,4,1,492
44,medium,deepseekv4_attnmhc_dnd,tiny_shakespeare,1843200,4,2,496
44,medium,deepseekv4_attnmhc_dnd,tiny_shakespeare,1843200,4,3,497
44,medium,deepseekv4_attnmhc_dnd,tiny_shakespeare,1843200,4,4,525
44,medium,deepseekv4_attnmhc_dnd,tiny_shakespeare,1843200,4,5,521
44,medium,deepseekv4_attnmhc_dnd,tiny_shakespeare,1843200,4,6,525
44,medium,deepseekv4_attnmhc_dnd,tiny_shakespeare,1843200,4,7,544
44,medium,deepseekv4_attnmhc_dnd,tiny_shakespeare,1843200,5,0,575
44,medium,deepseekv4_attnmhc_dnd,tiny_shakespeare,1843200,5,1,468
44,medium,deepseekv4_attnmhc_dnd,tiny_shakespeare,1843200,5,2,523
44,medium,deepseekv4_attnmhc_dnd,tiny_shakespeare,1843200,5,3,544
44,medium,deepseekv4_attnmhc_dnd,tiny_shakespeare,1843200,5,4,475
44,medium,deepseekv4_attnmhc_dnd,tiny_shakespeare,1843200,5,5,542
44,medium,deepseekv4_attnmhc_dnd,tiny_shakespeare,1843200,5,6,423
44,medium,deepseekv4_attnmhc_dnd,tiny_shakespeare,1843200,5,7,546
44,medium,deepseekv4_attnmhc_dnd,tiny_shakespeare,2048000,0,0,390
44,medium,deepseekv4_attnmhc_dnd,tiny_shakespeare,2048000,0,1,242
44,medium,deepseekv4_attnmhc_dnd,tiny_shakespeare,2048000,0,2,346
44,medium,deepseekv4_attnmhc_dnd,tiny_shakespeare,2048000,0,3,881
44,medium,deepseekv4_attnmhc_dnd,tiny_shakespeare,2048000,0,4,376
44,medium,deepseekv4_attnmhc_dnd,tiny_shakespeare,2048000,0,5,712
44,medium,deepseekv4_attnmhc_dnd,tiny_shakespeare,2048000,0,6,284
44,medium,deepseekv4_attnmhc_dnd,tiny_shakespeare,2048000,0,7,865
44,medium,deepseekv4_attnmhc_dnd,tiny_shakespeare,2048000,1,0,368
44,medium,deepseekv4_attnmhc_dnd,tiny_shakespeare,2048000,1,1,390
44,medium,deepseekv4_attnmhc_dnd,tiny_shakespeare,2048000,1,2,910
44,medium,deepseekv4_attnmhc_dnd,tiny_shakespeare,2048000,1,3,514
44,medium,deepseekv4_attnmhc_dnd,tiny_shakespeare,2048000,1,4,614
44,medium,deepseekv4_attnmhc_dnd,tiny_shakespeare,2048000,1,5,283
44,medium,deepseekv4_attnmhc_dnd,tiny_shakespeare,2048000,1,6,568
44,medium,deepseekv4_attnmhc_dnd,tiny_shakespeare,2048000,1,7,449
44,medium,deepseekv4_attnmhc_dnd,tiny_shakespeare,2048000,2,0,517
44,medium,deepseekv4_attnmhc_dnd,tiny_shakespeare,2048000,2,1,518
44,medium,deepseekv4_attnmhc_dnd,tiny_shakespeare,2048000,2,2,517
44,medium,deepseekv4_attnmhc_dnd,tiny_shakespeare,2048000,2,3,535
44,medium,deepseekv4_attnmhc_dnd,tiny_shakespeare,2048000,2,4,511
44,medium,deepseekv4_attnmhc_dnd,tiny_shakespeare,2048000,2,5,520
44,medium,deepseekv4_attnmhc_dnd,tiny_shakespeare,2048000,2,6,491
44,medium,deepseekv4_attnmhc_dnd,tiny_shakespeare,2048000,2,7,487
44,medium,deepseekv4_attnmhc_dnd,tiny_shakespeare,2048000,3,0,587
44,medium,deepseekv4_attnmhc_dnd,tiny_shakespeare,2048000,3,1,507
44,medium,deepseekv4_attnmhc_dnd,tiny_shakespeare,2048000,3,2,485
44,medium,deepseekv4_attnmhc_dnd,tiny_shakespeare,2048000,3,3,557
44,medium,deepseekv4_attnmhc_dnd,tiny_shakespeare,2048000,3,4,480
44,medium,deepseekv4_attnmhc_dnd,tiny_shakespeare,2048000,3,5,496
44,medium,deepseekv4_attnmhc_dnd,tiny_shakespeare,2048000,3,6,490
44,medium,deepseekv4_attnmhc_dnd,tiny_shakespeare,2048000,3,7,494
44,medium,deepseekv4_attnmhc_dnd,tiny_shakespeare,2048000,4,0,504
44,medium,deepseekv4_attnmhc_dnd,tiny_shakespeare,2048000,4,1,556
44,medium,deepseekv4_attnmhc_dnd,tiny_shakespeare,2048000,4,2,480
44,medium,deepseekv4_attnmhc_dnd,tiny_shakespeare,2048000,4,3,558
44,medium,deepseekv4_attnmhc_dnd,tiny_shakespeare,2048000,4,4,473
44,medium,deepseekv4_attnmhc_dnd,tiny_shakespeare,2048000,4,5,516
44,medium,deepseekv4_attnmhc_dnd,tiny_shakespeare,2048000,4,6,471
44,medium,deepseekv4_attnmhc_dnd,tiny_shakespeare,2048000,4,7,538
44,medium,deepseekv4_attnmhc_dnd,tiny_shakespeare,2048000,5,0,511
44,medium,deepseekv4_attnmhc_dnd,tiny_shakespeare,2048000,5,1,571
44,medium,deepseekv4_attnmhc_dnd,tiny_shakespeare,2048000,5,2,471
44,medium,deepseekv4_attnmhc_dnd,tiny_shakespeare,2048000,5,3,567
44,medium,deepseekv4_attnmhc_dnd,tiny_shakespeare,2048000,5,4,418
44,medium,deepseekv4_attnmhc_dnd,tiny_shakespeare,2048000,5,5,482
44,medium,deepseekv4_attnmhc_dnd,tiny_shakespeare,2048000,5,6,518
44,medium,deepseekv4_attnmhc_dnd,tiny_shakespeare,2048000,5,7,558
42,medium,deepseekv4_attnmhc_dnd,wikitext2,2048,0,0,319
42,medium,deepseekv4_attnmhc_dnd,wikitext2,2048,0,1,252
42,medium,deepseekv4_attnmhc_dnd,wikitext2,2048,0,2,382
42,medium,deepseekv4_attnmhc_dnd,wikitext2,2048,0,3,934
42,medium,deepseekv4_attnmhc_dnd,wikitext2,2048,0,4,408
42,medium,deepseekv4_attnmhc_dnd,wikitext2,2048,0,5,650
42,medium,deepseekv4_attnmhc_dnd,wikitext2,2048,0,6,270
42,medium,deepseekv4_attnmhc_dnd,wikitext2,2048,0,7,881
42,medium,deepseekv4_attnmhc_dnd,wikitext2,2048,1,0,311
42,medium,deepseekv4_attnmhc_dnd,wikitext2,2048,1,1,398
42,medium,deepseekv4_attnmhc_dnd,wikitext2,2048,1,2,1082
42,medium,deepseekv4_attnmhc_dnd,wikitext2,2048,1,3,591
42,medium,deepseekv4_attnmhc_dnd,wikitext2,2048,1,4,606
42,medium,deepseekv4_attnmhc_dnd,wikitext2,2048,1,5,281
42,medium,deepseekv4_attnmhc_dnd,wikitext2,2048,1,6,448
42,medium,deepseekv4_attnmhc_dnd,wikitext2,2048,1,7,379
42,medium,deepseekv4_attnmhc_dnd,wikitext2,2048,2,0,926
42,medium,deepseekv4_attnmhc_dnd,wikitext2,2048,2,1,576
42,medium,deepseekv4_attnmhc_dnd,wikitext2,2048,2,2,606
42,medium,deepseekv4_attnmhc_dnd,wikitext2,2048,2,3,587
42,medium,deepseekv4_attnmhc_dnd,wikitext2,2048,2,4,634
42,medium,deepseekv4_attnmhc_dnd,wikitext2,2048,2,5,453
42,medium,deepseekv4_attnmhc_dnd,wikitext2,2048,2,6,216
42,medium,deepseekv4_attnmhc_dnd,wikitext2,2048,2,7,98
42,medium,deepseekv4_attnmhc_dnd,wikitext2,2048,3,0,790
42,medium,deepseekv4_attnmhc_dnd,wikitext2,2048,3,1,428
42,medium,deepseekv4_attnmhc_dnd,wikitext2,2048,3,2,459
42,medium,deepseekv4_attnmhc_dnd,wikitext2,2048,3,3,792
42,medium,deepseekv4_attnmhc_dnd,wikitext2,2048,3,4,336
42,medium,deepseekv4_attnmhc_dnd,wikitext2,2048,3,5,751
42,medium,deepseekv4_attnmhc_dnd,wikitext2,2048,3,6,134
42,medium,deepseekv4_attnmhc_dnd,wikitext2,2048,3,7,406
42,medium,deepseekv4_attnmhc_dnd,wikitext2,2048,4,0,594
42,medium,deepseekv4_attnmhc_dnd,wikitext2,2048,4,1,1058
42,medium,deepseekv4_attnmhc_dnd,wikitext2,2048,4,2,176
42,medium,deepseekv4_attnmhc_dnd,wikitext2,2048,4,3,619
42,medium,deepseekv4_attnmhc_dnd,wikitext2,2048,4,4,567
42,medium,deepseekv4_attnmhc_dnd,wikitext2,2048,4,5,331
42,medium,deepseekv4_attnmhc_dnd,wikitext2,2048,4,6,568
42,medium,deepseekv4_attnmhc_dnd,wikitext2,2048,4,7,183
42,medium,deepseekv4_attnmhc_dnd,wikitext2,2048,5,0,669
42,medium,deepseekv4_attnmhc_dnd,wikitext2,2048,5,1,979
42,medium,deepseekv4_attnmhc_dnd,wikitext2,2048,5,2,402
42,medium,deepseekv4_attnmhc_dnd,wikitext2,2048,5,3,206
42,medium,deepseekv4_attnmhc_dnd,wikitext2,2048,5,4,1080
42,medium,deepseekv4_attnmhc_dnd,wikitext2,2048,5,5,245
42,medium,deepseekv4_attnmhc_dnd,wikitext2,2048,5,6,219
42,medium,deepseekv4_attnmhc_dnd,wikitext2,2048,5,7,296
42,medium,deepseekv4_attnmhc_dnd,wikitext2,204800,0,0,350
42,medium,deepseekv4_attnmhc_dnd,wikitext2,204800,0,1,230
42,medium,deepseekv4_attnmhc_dnd,wikitext2,204800,0,2,381
42,medium,deepseekv4_attnmhc_dnd,wikitext2,204800,0,3,940
42,medium,deepseekv4_attnmhc_dnd,wikitext2,204800,0,4,383
42,medium,deepseekv4_attnmhc_dnd,wikitext2,204800,0,5,691
42,medium,deepseekv4_attnmhc_dnd,wikitext2,204800,0,6,249
42,medium,deepseekv4_attnmhc_dnd,wikitext2,204800,0,7,872
42,medium,deepseekv4_attnmhc_dnd,wikitext2,204800,1,0,320
42,medium,deepseekv4_attnmhc_dnd,wikitext2,204800,1,1,364
42,medium,deepseekv4_attnmhc_dnd,wikitext2,204800,1,2,1050
42,medium,deepseekv4_attnmhc_dnd,wikitext2,204800,1,3,580
42,medium,deepseekv4_attnmhc_dnd,wikitext2,204800,1,4,630
42,medium,deepseekv4_attnmhc_dnd,wikitext2,204800,1,5,268
42,medium,deepseekv4_attnmhc_dnd,wikitext2,204800,1,6,477
42,medium,deepseekv4_attnmhc_dnd,wikitext2,204800,1,7,407
42,medium,deepseekv4_attnmhc_dnd,wikitext2,204800,2,0,473
42,medium,deepseekv4_attnmhc_dnd,wikitext2,204800,2,1,527
42,medium,deepseekv4_attnmhc_dnd,wikitext2,204800,2,2,448
42,medium,deepseekv4_attnmhc_dnd,wikitext2,204800,2,3,514
42,medium,deepseekv4_attnmhc_dnd,wikitext2,204800,2,4,634
42,medium,deepseekv4_attnmhc_dnd,wikitext2,204800,2,5,534
42,medium,deepseekv4_attnmhc_dnd,wikitext2,204800,2,6,447
42,medium,deepseekv4_attnmhc_dnd,wikitext2,204800,2,7,519
42,medium,deepseekv4_attnmhc_dnd,wikitext2,204800,3,0,562
42,medium,deepseekv4_attnmhc_dnd,wikitext2,204800,3,1,442
42,medium,deepseekv4_attnmhc_dnd,wikitext2,204800,3,2,541
42,medium,deepseekv4_attnmhc_dnd,wikitext2,204800,3,3,526
42,medium,deepseekv4_attnmhc_dnd,wikitext2,204800,3,4,378
42,medium,deepseekv4_attnmhc_dnd,wikitext2,204800,3,5,606
42,medium,deepseekv4_attnmhc_dnd,wikitext2,204800,3,6,407
42,medium,deepseekv4_attnmhc_dnd,wikitext2,204800,3,7,634
42,medium,deepseekv4_attnmhc_dnd,wikitext2,204800,4,0,436
42,medium,deepseekv4_attnmhc_dnd,wikitext2,204800,4,1,607
42,medium,deepseekv4_attnmhc_dnd,wikitext2,204800,4,2,653
42,medium,deepseekv4_attnmhc_dnd,wikitext2,204800,4,3,512
42,medium,deepseekv4_attnmhc_dnd,wikitext2,204800,4,4,514
42,medium,deepseekv4_attnmhc_dnd,wikitext2,204800,4,5,468
42,medium,deepseekv4_attnmhc_dnd,wikitext2,204800,4,6,538
42,medium,deepseekv4_attnmhc_dnd,wikitext2,204800,4,7,368
42,medium,deepseekv4_attnmhc_dnd,wikitext2,204800,5,0,561
42,medium,deepseekv4_attnmhc_dnd,wikitext2,204800,5,1,519
42,medium,deepseekv4_attnmhc_dnd,wikitext2,204800,5,2,176
42,medium,deepseekv4_attnmhc_dnd,wikitext2,204800,5,3,553
42,medium,deepseekv4_attnmhc_dnd,wikitext2,204800,5,4,507
42,medium,deepseekv4_attnmhc_dnd,wikitext2,204800,5,5,618
42,medium,deepseekv4_attnmhc_dnd,wikitext2,204800,5,6,583
42,medium,deepseekv4_attnmhc_dnd,wikitext2,204800,5,7,579
42,medium,deepseekv4_attnmhc_dnd,wikitext2,409600,0,0,298
42,medium,deepseekv4_attnmhc_dnd,wikitext2,409600,0,1,252
42,medium,deepseekv4_attnmhc_dnd,wikitext2,409600,0,2,391
42,medium,deepseekv4_attnmhc_dnd,wikitext2,409600,0,3,935
42,medium,deepseekv4_attnmhc_dnd,wikitext2,409600,0,4,408
42,medium,deepseekv4_attnmhc_dnd,wikitext2,409600,0,5,650
42,medium,deepseekv4_attnmhc_dnd,wikitext2,409600,0,6,269
42,medium,deepseekv4_attnmhc_dnd,wikitext2,409600,0,7,893
42,medium,deepseekv4_attnmhc_dnd,wikitext2,409600,1,0,301
42,medium,deepseekv4_attnmhc_dnd,wikitext2,409600,1,1,363
42,medium,deepseekv4_attnmhc_dnd,wikitext2,409600,1,2,1051
42,medium,deepseekv4_attnmhc_dnd,wikitext2,409600,1,3,620
42,medium,deepseekv4_attnmhc_dnd,wikitext2,409600,1,4,611
42,medium,deepseekv4_attnmhc_dnd,wikitext2,409600,1,5,261
42,medium,deepseekv4_attnmhc_dnd,wikitext2,409600,1,6,482
42,medium,deepseekv4_attnmhc_dnd,wikitext2,409600,1,7,407
42,medium,deepseekv4_attnmhc_dnd,wikitext2,409600,2,0,572
42,medium,deepseekv4_attnmhc_dnd,wikitext2,409600,2,1,625
42,medium,deepseekv4_attnmhc_dnd,wikitext2,409600,2,2,483
42,medium,deepseekv4_attnmhc_dnd,wikitext2,409600,2,3,487
42,medium,deepseekv4_attnmhc_dnd,wikitext2,409600,2,4,470
42,medium,deepseekv4_attnmhc_dnd,wikitext2,409600,2,5,510
42,medium,deepseekv4_attnmhc_dnd,wikitext2,409600,2,6,516
42,medium,deepseekv4_attnmhc_dnd,wikitext2,409600,2,7,433
42,medium,deepseekv4_attnmhc_dnd,wikitext2,409600,3,0,585
42,medium,deepseekv4_attnmhc_dnd,wikitext2,409600,3,1,447
42,medium,deepseekv4_attnmhc_dnd,wikitext2,409600,3,2,452
42,medium,deepseekv4_attnmhc_dnd,wikitext2,409600,3,3,583
42,medium,deepseekv4_attnmhc_dnd,wikitext2,409600,3,4,427
42,medium,deepseekv4_attnmhc_dnd,wikitext2,409600,3,5,504
42,medium,deepseekv4_attnmhc_dnd,wikitext2,409600,3,6,528
42,medium,deepseekv4_attnmhc_dnd,wikitext2,409600,3,7,570
42,medium,deepseekv4_attnmhc_dnd,wikitext2,409600,4,0,525
42,medium,deepseekv4_attnmhc_dnd,wikitext2,409600,4,1,420
42,medium,deepseekv4_attnmhc_dnd,wikitext2,409600,4,2,566
42,medium,deepseekv4_attnmhc_dnd,wikitext2,409600,4,3,518
42,medium,deepseekv4_attnmhc_dnd,wikitext2,409600,4,4,515
42,medium,deepseekv4_attnmhc_dnd,wikitext2,409600,4,5,509
42,medium,deepseekv4_attnmhc_dnd,wikitext2,409600,4,6,484
42,medium,deepseekv4_attnmhc_dnd,wikitext2,409600,4,7,559
42,medium,deepseekv4_attnmhc_dnd,wikitext2,409600,5,0,408
42,medium,deepseekv4_attnmhc_dnd,wikitext2,409600,5,1,425
42,medium,deepseekv4_attnmhc_dnd,wikitext2,409600,5,2,469
42,medium,deepseekv4_attnmhc_dnd,wikitext2,409600,5,3,525
42,medium,deepseekv4_attnmhc_dnd,wikitext2,409600,5,4,424
42,medium,deepseekv4_attnmhc_dnd,wikitext2,409600,5,5,732
42,medium,deepseekv4_attnmhc_dnd,wikitext2,409600,5,6,539
42,medium,deepseekv4_attnmhc_dnd,wikitext2,409600,5,7,574
42,medium,deepseekv4_attnmhc_dnd,wikitext2,614400,0,0,315
42,medium,deepseekv4_attnmhc_dnd,wikitext2,614400,0,1,260
42,medium,deepseekv4_attnmhc_dnd,wikitext2,614400,0,2,384
42,medium,deepseekv4_attnmhc_dnd,wikitext2,614400,0,3,944
42,medium,deepseekv4_attnmhc_dnd,wikitext2,614400,0,4,407
42,medium,deepseekv4_attnmhc_dnd,wikitext2,614400,0,5,652
42,medium,deepseekv4_attnmhc_dnd,wikitext2,614400,0,6,263
42,medium,deepseekv4_attnmhc_dnd,wikitext2,614400,0,7,871
42,medium,deepseekv4_attnmhc_dnd,wikitext2,614400,1,0,317
42,medium,deepseekv4_attnmhc_dnd,wikitext2,614400,1,1,402
42,medium,deepseekv4_attnmhc_dnd,wikitext2,614400,1,2,1057
42,medium,deepseekv4_attnmhc_dnd,wikitext2,614400,1,3,606
42,medium,deepseekv4_attnmhc_dnd,wikitext2,614400,1,4,622
42,medium,deepseekv4_attnmhc_dnd,wikitext2,614400,1,5,269
42,medium,deepseekv4_attnmhc_dnd,wikitext2,614400,1,6,432
42,medium,deepseekv4_attnmhc_dnd,wikitext2,614400,1,7,391
42,medium,deepseekv4_attnmhc_dnd,wikitext2,614400,2,0,478
42,medium,deepseekv4_attnmhc_dnd,wikitext2,614400,2,1,592
42,medium,deepseekv4_attnmhc_dnd,wikitext2,614400,2,2,494
42,medium,deepseekv4_attnmhc_dnd,wikitext2,614400,2,3,476
42,medium,deepseekv4_attnmhc_dnd,wikitext2,614400,2,4,489
42,medium,deepseekv4_attnmhc_dnd,wikitext2,614400,2,5,501
42,medium,deepseekv4_attnmhc_dnd,wikitext2,614400,2,6,562
42,medium,deepseekv4_attnmhc_dnd,wikitext2,614400,2,7,504
42,medium,deepseekv4_attnmhc_dnd,wikitext2,614400,3,0,526
42,medium,deepseekv4_attnmhc_dnd,wikitext2,614400,3,1,484
42,medium,deepseekv4_attnmhc_dnd,wikitext2,614400,3,2,515
42,medium,deepseekv4_attnmhc_dnd,wikitext2,614400,3,3,456
42,medium,deepseekv4_attnmhc_dnd,wikitext2,614400,3,4,504
42,medium,deepseekv4_attnmhc_dnd,wikitext2,614400,3,5,527
42,medium,deepseekv4_attnmhc_dnd,wikitext2,614400,3,6,557
42,medium,deepseekv4_attnmhc_dnd,wikitext2,614400,3,7,527
42,medium,deepseekv4_attnmhc_dnd,wikitext2,614400,4,0,535
42,medium,deepseekv4_attnmhc_dnd,wikitext2,614400,4,1,548
42,medium,deepseekv4_attnmhc_dnd,wikitext2,614400,4,2,486
42,medium,deepseekv4_attnmhc_dnd,wikitext2,614400,4,3,486
42,medium,deepseekv4_attnmhc_dnd,wikitext2,614400,4,4,533
42,medium,deepseekv4_attnmhc_dnd,wikitext2,614400,4,5,494
42,medium,deepseekv4_attnmhc_dnd,wikitext2,614400,4,6,524
42,medium,deepseekv4_attnmhc_dnd,wikitext2,614400,4,7,490
42,medium,deepseekv4_attnmhc_dnd,wikitext2,614400,5,0,481
42,medium,deepseekv4_attnmhc_dnd,wikitext2,614400,5,1,583
42,medium,deepseekv4_attnmhc_dnd,wikitext2,614400,5,2,544
42,medium,deepseekv4_attnmhc_dnd,wikitext2,614400,5,3,437
42,medium,deepseekv4_attnmhc_dnd,wikitext2,614400,5,4,500
42,medium,deepseekv4_attnmhc_dnd,wikitext2,614400,5,5,510
42,medium,deepseekv4_attnmhc_dnd,wikitext2,614400,5,6,391
42,medium,deepseekv4_attnmhc_dnd,wikitext2,614400,5,7,650
42,medium,deepseekv4_attnmhc_dnd,wikitext2,819200,0,0,323
42,medium,deepseekv4_attnmhc_dnd,wikitext2,819200,0,1,241
42,medium,deepseekv4_attnmhc_dnd,wikitext2,819200,0,2,379
42,medium,deepseekv4_attnmhc_dnd,wikitext2,819200,0,3,943
42,medium,deepseekv4_attnmhc_dnd,wikitext2,819200,0,4,401
42,medium,deepseekv4_attnmhc_dnd,wikitext2,819200,0,5,658
42,medium,deepseekv4_attnmhc_dnd,wikitext2,819200,0,6,244
42,medium,deepseekv4_attnmhc_dnd,wikitext2,819200,0,7,907
42,medium,deepseekv4_attnmhc_dnd,wikitext2,819200,1,0,320
42,medium,deepseekv4_attnmhc_dnd,wikitext2,819200,1,1,408
42,medium,deepseekv4_attnmhc_dnd,wikitext2,819200,1,2,1072
42,medium,deepseekv4_attnmhc_dnd,wikitext2,819200,1,3,606
42,medium,deepseekv4_attnmhc_dnd,wikitext2,819200,1,4,630
42,medium,deepseekv4_attnmhc_dnd,wikitext2,819200,1,5,287
42,medium,deepseekv4_attnmhc_dnd,wikitext2,819200,1,6,411
42,medium,deepseekv4_attnmhc_dnd,wikitext2,819200,1,7,362
42,medium,deepseekv4_attnmhc_dnd,wikitext2,819200,2,0,531
42,medium,deepseekv4_attnmhc_dnd,wikitext2,819200,2,1,569
42,medium,deepseekv4_attnmhc_dnd,wikitext2,819200,2,2,493
42,medium,deepseekv4_attnmhc_dnd,wikitext2,819200,2,3,456
42,medium,deepseekv4_attnmhc_dnd,wikitext2,819200,2,4,482
42,medium,deepseekv4_attnmhc_dnd,wikitext2,819200,2,5,508
42,medium,deepseekv4_attnmhc_dnd,wikitext2,819200,2,6,522
42,medium,deepseekv4_attnmhc_dnd,wikitext2,819200,2,7,535
42,medium,deepseekv4_attnmhc_dnd,wikitext2,819200,3,0,519
42,medium,deepseekv4_attnmhc_dnd,wikitext2,819200,3,1,566
42,medium,deepseekv4_attnmhc_dnd,wikitext2,819200,3,2,518
42,medium,deepseekv4_attnmhc_dnd,wikitext2,819200,3,3,627
42,medium,deepseekv4_attnmhc_dnd,wikitext2,819200,3,4,416
42,medium,deepseekv4_attnmhc_dnd,wikitext2,819200,3,5,509
42,medium,deepseekv4_attnmhc_dnd,wikitext2,819200,3,6,453
42,medium,deepseekv4_attnmhc_dnd,wikitext2,819200,3,7,488
42,medium,deepseekv4_attnmhc_dnd,wikitext2,819200,4,0,535
42,medium,deepseekv4_attnmhc_dnd,wikitext2,819200,4,1,484
42,medium,deepseekv4_attnmhc_dnd,wikitext2,819200,4,2,543
42,medium,deepseekv4_attnmhc_dnd,wikitext2,819200,4,3,483
42,medium,deepseekv4_attnmhc_dnd,wikitext2,819200,4,4,506
42,medium,deepseekv4_attnmhc_dnd,wikitext2,819200,4,5,528
42,medium,deepseekv4_attnmhc_dnd,wikitext2,819200,4,6,469
42,medium,deepseekv4_attnmhc_dnd,wikitext2,819200,4,7,548
42,medium,deepseekv4_attnmhc_dnd,wikitext2,819200,5,0,560
42,medium,deepseekv4_attnmhc_dnd,wikitext2,819200,5,1,559
42,medium,deepseekv4_attnmhc_dnd,wikitext2,819200,5,2,511
42,medium,deepseekv4_attnmhc_dnd,wikitext2,819200,5,3,448
42,medium,deepseekv4_attnmhc_dnd,wikitext2,819200,5,4,451
42,medium,deepseekv4_attnmhc_dnd,wikitext2,819200,5,5,541
42,medium,deepseekv4_attnmhc_dnd,wikitext2,819200,5,6,442
42,medium,deepseekv4_attnmhc_dnd,wikitext2,819200,5,7,584
42,medium,deepseekv4_attnmhc_dnd,wikitext2,1024000,0,0,348
42,medium,deepseekv4_attnmhc_dnd,wikitext2,1024000,0,1,217
42,medium,deepseekv4_attnmhc_dnd,wikitext2,1024000,0,2,345
42,medium,deepseekv4_attnmhc_dnd,wikitext2,1024000,0,3,949
42,medium,deepseekv4_attnmhc_dnd,wikitext2,1024000,0,4,416
42,medium,deepseekv4_attnmhc_dnd,wikitext2,1024000,0,5,675
42,medium,deepseekv4_attnmhc_dnd,wikitext2,1024000,0,6,262
42,medium,deepseekv4_attnmhc_dnd,wikitext2,1024000,0,7,884
42,medium,deepseekv4_attnmhc_dnd,wikitext2,1024000,1,0,341
42,medium,deepseekv4_attnmhc_dnd,wikitext2,1024000,1,1,372
42,medium,deepseekv4_attnmhc_dnd,wikitext2,1024000,1,2,1091
42,medium,deepseekv4_attnmhc_dnd,wikitext2,1024000,1,3,583
42,medium,deepseekv4_attnmhc_dnd,wikitext2,1024000,1,4,597
42,medium,deepseekv4_attnmhc_dnd,wikitext2,1024000,1,5,265
42,medium,deepseekv4_attnmhc_dnd,wikitext2,1024000,1,6,449
42,medium,deepseekv4_attnmhc_dnd,wikitext2,1024000,1,7,398
42,medium,deepseekv4_attnmhc_dnd,wikitext2,1024000,2,0,510
42,medium,deepseekv4_attnmhc_dnd,wikitext2,1024000,2,1,487
42,medium,deepseekv4_attnmhc_dnd,wikitext2,1024000,2,2,570
42,medium,deepseekv4_attnmhc_dnd,wikitext2,1024000,2,3,473
42,medium,deepseekv4_attnmhc_dnd,wikitext2,1024000,2,4,494
42,medium,deepseekv4_attnmhc_dnd,wikitext2,1024000,2,5,527
42,medium,deepseekv4_attnmhc_dnd,wikitext2,1024000,2,6,493
42,medium,deepseekv4_attnmhc_dnd,wikitext2,1024000,2,7,542
42,medium,deepseekv4_attnmhc_dnd,wikitext2,1024000,3,0,537
42,medium,deepseekv4_attnmhc_dnd,wikitext2,1024000,3,1,544
42,medium,deepseekv4_attnmhc_dnd,wikitext2,1024000,3,2,544
42,medium,deepseekv4_attnmhc_dnd,wikitext2,1024000,3,3,456
42,medium,deepseekv4_attnmhc_dnd,wikitext2,1024000,3,4,528
42,medium,deepseekv4_attnmhc_dnd,wikitext2,1024000,3,5,488
42,medium,deepseekv4_attnmhc_dnd,wikitext2,1024000,3,6,480
42,medium,deepseekv4_attnmhc_dnd,wikitext2,1024000,3,7,519
42,medium,deepseekv4_attnmhc_dnd,wikitext2,1024000,4,0,486
42,medium,deepseekv4_attnmhc_dnd,wikitext2,1024000,4,1,566
42,medium,deepseekv4_attnmhc_dnd,wikitext2,1024000,4,2,463
42,medium,deepseekv4_attnmhc_dnd,wikitext2,1024000,4,3,526
42,medium,deepseekv4_attnmhc_dnd,wikitext2,1024000,4,4,472
42,medium,deepseekv4_attnmhc_dnd,wikitext2,1024000,4,5,550
42,medium,deepseekv4_attnmhc_dnd,wikitext2,1024000,4,6,567
42,medium,deepseekv4_attnmhc_dnd,wikitext2,1024000,4,7,466
42,medium,deepseekv4_attnmhc_dnd,wikitext2,1024000,5,0,513
42,medium,deepseekv4_attnmhc_dnd,wikitext2,1024000,5,1,538
42,medium,deepseekv4_attnmhc_dnd,wikitext2,1024000,5,2,494
42,medium,deepseekv4_attnmhc_dnd,wikitext2,1024000,5,3,453
42,medium,deepseekv4_attnmhc_dnd,wikitext2,1024000,5,4,531
42,medium,deepseekv4_attnmhc_dnd,wikitext2,1024000,5,5,567
42,medium,deepseekv4_attnmhc_dnd,wikitext2,1024000,5,6,512
42,medium,deepseekv4_attnmhc_dnd,wikitext2,1024000,5,7,488
42,medium,deepseekv4_attnmhc_dnd,wikitext2,1228800,0,0,321
42,medium,deepseekv4_attnmhc_dnd,wikitext2,1228800,0,1,248
42,medium,deepseekv4_attnmhc_dnd,wikitext2,1228800,0,2,368
42,medium,deepseekv4_attnmhc_dnd,wikitext2,1228800,0,3,951
42,medium,deepseekv4_attnmhc_dnd,wikitext2,1228800,0,4,387
42,medium,deepseekv4_attnmhc_dnd,wikitext2,1228800,0,5,673
42,medium,deepseekv4_attnmhc_dnd,wikitext2,1228800,0,6,262
42,medium,deepseekv4_attnmhc_dnd,wikitext2,1228800,0,7,886
42,medium,deepseekv4_attnmhc_dnd,wikitext2,1228800,1,0,308
42,medium,deepseekv4_attnmhc_dnd,wikitext2,1228800,1,1,390
42,medium,deepseekv4_attnmhc_dnd,wikitext2,1228800,1,2,1074
42,medium,deepseekv4_attnmhc_dnd,wikitext2,1228800,1,3,601
42,medium,deepseekv4_attnmhc_dnd,wikitext2,1228800,1,4,631
42,medium,deepseekv4_attnmhc_dnd,wikitext2,1228800,1,5,254
42,medium,deepseekv4_attnmhc_dnd,wikitext2,1228800,1,6,442
42,medium,deepseekv4_attnmhc_dnd,wikitext2,1228800,1,7,396
42,medium,deepseekv4_attnmhc_dnd,wikitext2,1228800,2,0,509
42,medium,deepseekv4_attnmhc_dnd,wikitext2,1228800,2,1,476
42,medium,deepseekv4_attnmhc_dnd,wikitext2,1228800,2,2,516
42,medium,deepseekv4_attnmhc_dnd,wikitext2,1228800,2,3,521
42,medium,deepseekv4_attnmhc_dnd,wikitext2,1228800,2,4,516
42,medium,deepseekv4_attnmhc_dnd,wikitext2,1228800,2,5,513
42,medium,deepseekv4_attnmhc_dnd,wikitext2,1228800,2,6,544
42,medium,deepseekv4_attnmhc_dnd,wikitext2,1228800,2,7,501
42,medium,deepseekv4_attnmhc_dnd,wikitext2,1228800,3,0,504
42,medium,deepseekv4_attnmhc_dnd,wikitext2,1228800,3,1,555
42,medium,deepseekv4_attnmhc_dnd,wikitext2,1228800,3,2,518
42,medium,deepseekv4_attnmhc_dnd,wikitext2,1228800,3,3,443
42,medium,deepseekv4_attnmhc_dnd,wikitext2,1228800,3,4,515
42,medium,deepseekv4_attnmhc_dnd,wikitext2,1228800,3,5,508
42,medium,deepseekv4_attnmhc_dnd,wikitext2,1228800,3,6,552
42,medium,deepseekv4_attnmhc_dnd,wikitext2,1228800,3,7,501
42,medium,deepseekv4_attnmhc_dnd,wikitext2,1228800,4,0,531
42,medium,deepseekv4_attnmhc_dnd,wikitext2,1228800,4,1,493
42,medium,deepseekv4_attnmhc_dnd,wikitext2,1228800,4,2,506
42,medium,deepseekv4_attnmhc_dnd,wikitext2,1228800,4,3,514
42,medium,deepseekv4_attnmhc_dnd,wikitext2,1228800,4,4,566
42,medium,deepseekv4_attnmhc_dnd,wikitext2,1228800,4,5,520
42,medium,deepseekv4_attnmhc_dnd,wikitext2,1228800,4,6,462
42,medium,deepseekv4_attnmhc_dnd,wikitext2,1228800,4,7,504
42,medium,deepseekv4_attnmhc_dnd,wikitext2,1228800,5,0,516
42,medium,deepseekv4_attnmhc_dnd,wikitext2,1228800,5,1,563
42,medium,deepseekv4_attnmhc_dnd,wikitext2,1228800,5,2,475
42,medium,deepseekv4_attnmhc_dnd,wikitext2,1228800,5,3,499
42,medium,deepseekv4_attnmhc_dnd,wikitext2,1228800,5,4,513
42,medium,deepseekv4_attnmhc_dnd,wikitext2,1228800,5,5,496
42,medium,deepseekv4_attnmhc_dnd,wikitext2,1228800,5,6,505
42,medium,deepseekv4_attnmhc_dnd,wikitext2,1228800,5,7,529
42,medium,deepseekv4_attnmhc_dnd,wikitext2,1433600,0,0,339
42,medium,deepseekv4_attnmhc_dnd,wikitext2,1433600,0,1,238
42,medium,deepseekv4_attnmhc_dnd,wikitext2,1433600,0,2,347
42,medium,deepseekv4_attnmhc_dnd,wikitext2,1433600,0,3,952
42,medium,deepseekv4_attnmhc_dnd,wikitext2,1433600,0,4,418
42,medium,deepseekv4_attnmhc_dnd,wikitext2,1433600,0,5,707
42,medium,deepseekv4_attnmhc_dnd,wikitext2,1433600,0,6,232
42,medium,deepseekv4_attnmhc_dnd,wikitext2,1433600,0,7,863
42,medium,deepseekv4_attnmhc_dnd,wikitext2,1433600,1,0,319
42,medium,deepseekv4_attnmhc_dnd,wikitext2,1433600,1,1,372
42,medium,deepseekv4_attnmhc_dnd,wikitext2,1433600,1,2,1073
42,medium,deepseekv4_attnmhc_dnd,wikitext2,1433600,1,3,579
42,medium,deepseekv4_attnmhc_dnd,wikitext2,1433600,1,4,651
42,medium,deepseekv4_attnmhc_dnd,wikitext2,1433600,1,5,266
42,medium,deepseekv4_attnmhc_dnd,wikitext2,1433600,1,6,451
42,medium,deepseekv4_attnmhc_dnd,wikitext2,1433600,1,7,385
42,medium,deepseekv4_attnmhc_dnd,wikitext2,1433600,2,0,490
42,medium,deepseekv4_attnmhc_dnd,wikitext2,1433600,2,1,528
42,medium,deepseekv4_attnmhc_dnd,wikitext2,1433600,2,2,517
42,medium,deepseekv4_attnmhc_dnd,wikitext2,1433600,2,3,535
42,medium,deepseekv4_attnmhc_dnd,wikitext2,1433600,2,4,485
42,medium,deepseekv4_attnmhc_dnd,wikitext2,1433600,2,5,475
42,medium,deepseekv4_attnmhc_dnd,wikitext2,1433600,2,6,501
42,medium,deepseekv4_attnmhc_dnd,wikitext2,1433600,2,7,565
42,medium,deepseekv4_attnmhc_dnd,wikitext2,1433600,3,0,582
42,medium,deepseekv4_attnmhc_dnd,wikitext2,1433600,3,1,534
42,medium,deepseekv4_attnmhc_dnd,wikitext2,1433600,3,2,492
42,medium,deepseekv4_attnmhc_dnd,wikitext2,1433600,3,3,535
42,medium,deepseekv4_attnmhc_dnd,wikitext2,1433600,3,4,465
42,medium,deepseekv4_attnmhc_dnd,wikitext2,1433600,3,5,526
42,medium,deepseekv4_attnmhc_dnd,wikitext2,1433600,3,6,473
42,medium,deepseekv4_attnmhc_dnd,wikitext2,1433600,3,7,489
42,medium,deepseekv4_attnmhc_dnd,wikitext2,1433600,4,0,490
42,medium,deepseekv4_attnmhc_dnd,wikitext2,1433600,4,1,527
42,medium,deepseekv4_attnmhc_dnd,wikitext2,1433600,4,2,491
42,medium,deepseekv4_attnmhc_dnd,wikitext2,1433600,4,3,505
42,medium,deepseekv4_attnmhc_dnd,wikitext2,1433600,4,4,541
42,medium,deepseekv4_attnmhc_dnd,wikitext2,1433600,4,5,522
42,medium,deepseekv4_attnmhc_dnd,wikitext2,1433600,4,6,501
42,medium,deepseekv4_attnmhc_dnd,wikitext2,1433600,4,7,519
42,medium,deepseekv4_attnmhc_dnd,wikitext2,1433600,5,0,524
42,medium,deepseekv4_attnmhc_dnd,wikitext2,1433600,5,1,473
42,medium,deepseekv4_attnmhc_dnd,wikitext2,1433600,5,2,539
42,medium,deepseekv4_attnmhc_dnd,wikitext2,1433600,5,3,455
42,medium,deepseekv4_attnmhc_dnd,wikitext2,1433600,5,4,498
42,medium,deepseekv4_attnmhc_dnd,wikitext2,1433600,5,5,589
42,medium,deepseekv4_attnmhc_dnd,wikitext2,1433600,5,6,480
42,medium,deepseekv4_attnmhc_dnd,wikitext2,1433600,5,7,538
42,medium,deepseekv4_attnmhc_dnd,wikitext2,1638400,0,0,336
42,medium,deepseekv4_attnmhc_dnd,wikitext2,1638400,0,1,241
42,medium,deepseekv4_attnmhc_dnd,wikitext2,1638400,0,2,370
42,medium,deepseekv4_attnmhc_dnd,wikitext2,1638400,0,3,938
42,medium,deepseekv4_attnmhc_dnd,wikitext2,1638400,0,4,397
42,medium,deepseekv4_attnmhc_dnd,wikitext2,1638400,0,5,674
42,medium,deepseekv4_attnmhc_dnd,wikitext2,1638400,0,6,246
42,medium,deepseekv4_attnmhc_dnd,wikitext2,1638400,0,7,894
42,medium,deepseekv4_attnmhc_dnd,wikitext2,1638400,1,0,292
42,medium,deepseekv4_attnmhc_dnd,wikitext2,1638400,1,1,381
42,medium,deepseekv4_attnmhc_dnd,wikitext2,1638400,1,2,1076
42,medium,deepseekv4_attnmhc_dnd,wikitext2,1638400,1,3,586
42,medium,deepseekv4_attnmhc_dnd,wikitext2,1638400,1,4,640
42,medium,deepseekv4_attnmhc_dnd,wikitext2,1638400,1,5,256
42,medium,deepseekv4_attnmhc_dnd,wikitext2,1638400,1,6,480
42,medium,deepseekv4_attnmhc_dnd,wikitext2,1638400,1,7,385
42,medium,deepseekv4_attnmhc_dnd,wikitext2,1638400,2,0,498
42,medium,deepseekv4_attnmhc_dnd,wikitext2,1638400,2,1,482
42,medium,deepseekv4_attnmhc_dnd,wikitext2,1638400,2,2,518
42,medium,deepseekv4_attnmhc_dnd,wikitext2,1638400,2,3,524
42,medium,deepseekv4_attnmhc_dnd,wikitext2,1638400,2,4,518
42,medium,deepseekv4_attnmhc_dnd,wikitext2,1638400,2,5,526
42,medium,deepseekv4_attnmhc_dnd,wikitext2,1638400,2,6,532
42,medium,deepseekv4_attnmhc_dnd,wikitext2,1638400,2,7,498
42,medium,deepseekv4_attnmhc_dnd,wikitext2,1638400,3,0,516
42,medium,deepseekv4_attnmhc_dnd,wikitext2,1638400,3,1,551
42,medium,deepseekv4_attnmhc_dnd,wikitext2,1638400,3,2,511
42,medium,deepseekv4_attnmhc_dnd,wikitext2,1638400,3,3,485
42,medium,deepseekv4_attnmhc_dnd,wikitext2,1638400,3,4,429
42,medium,deepseekv4_attnmhc_dnd,wikitext2,1638400,3,5,556
42,medium,deepseekv4_attnmhc_dnd,wikitext2,1638400,3,6,555
42,medium,deepseekv4_attnmhc_dnd,wikitext2,1638400,3,7,493
42,medium,deepseekv4_attnmhc_dnd,wikitext2,1638400,4,0,476
42,medium,deepseekv4_attnmhc_dnd,wikitext2,1638400,4,1,509
42,medium,deepseekv4_attnmhc_dnd,wikitext2,1638400,4,2,500
42,medium,deepseekv4_attnmhc_dnd,wikitext2,1638400,4,3,538
42,medium,deepseekv4_attnmhc_dnd,wikitext2,1638400,4,4,571
42,medium,deepseekv4_attnmhc_dnd,wikitext2,1638400,4,5,502
42,medium,deepseekv4_attnmhc_dnd,wikitext2,1638400,4,6,506
42,medium,deepseekv4_attnmhc_dnd,wikitext2,1638400,4,7,494
42,medium,deepseekv4_attnmhc_dnd,wikitext2,1638400,5,0,499
42,medium,deepseekv4_attnmhc_dnd,wikitext2,1638400,5,1,527
42,medium,deepseekv4_attnmhc_dnd,wikitext2,1638400,5,2,515
42,medium,deepseekv4_attnmhc_dnd,wikitext2,1638400,5,3,558
42,medium,deepseekv4_attnmhc_dnd,wikitext2,1638400,5,4,490
42,medium,deepseekv4_attnmhc_dnd,wikitext2,1638400,5,5,509
42,medium,deepseekv4_attnmhc_dnd,wikitext2,1638400,5,6,511
42,medium,deepseekv4_attnmhc_dnd,wikitext2,1638400,5,7,487
42,medium,deepseekv4_attnmhc_dnd,wikitext2,1843200,0,0,357
42,medium,deepseekv4_attnmhc_dnd,wikitext2,1843200,0,1,239
42,medium,deepseekv4_attnmhc_dnd,wikitext2,1843200,0,2,384
42,medium,deepseekv4_attnmhc_dnd,wikitext2,1843200,0,3,959
42,medium,deepseekv4_attnmhc_dnd,wikitext2,1843200,0,4,388
42,medium,deepseekv4_attnmhc_dnd,wikitext2,1843200,0,5,624
42,medium,deepseekv4_attnmhc_dnd,wikitext2,1843200,0,6,257
42,medium,deepseekv4_attnmhc_dnd,wikitext2,1843200,0,7,888
42,medium,deepseekv4_attnmhc_dnd,wikitext2,1843200,1,0,307
42,medium,deepseekv4_attnmhc_dnd,wikitext2,1843200,1,1,387
42,medium,deepseekv4_attnmhc_dnd,wikitext2,1843200,1,2,1057
42,medium,deepseekv4_attnmhc_dnd,wikitext2,1843200,1,3,603
42,medium,deepseekv4_attnmhc_dnd,wikitext2,1843200,1,4,645
42,medium,deepseekv4_attnmhc_dnd,wikitext2,1843200,1,5,245
42,medium,deepseekv4_attnmhc_dnd,wikitext2,1843200,1,6,468
42,medium,deepseekv4_attnmhc_dnd,wikitext2,1843200,1,7,384
42,medium,deepseekv4_attnmhc_dnd,wikitext2,1843200,2,0,477
42,medium,deepseekv4_attnmhc_dnd,wikitext2,1843200,2,1,493
42,medium,deepseekv4_attnmhc_dnd,wikitext2,1843200,2,2,558
42,medium,deepseekv4_attnmhc_dnd,wikitext2,1843200,2,3,493
42,medium,deepseekv4_attnmhc_dnd,wikitext2,1843200,2,4,508
42,medium,deepseekv4_attnmhc_dnd,wikitext2,1843200,2,5,489
42,medium,deepseekv4_attnmhc_dnd,wikitext2,1843200,2,6,521
42,medium,deepseekv4_attnmhc_dnd,wikitext2,1843200,2,7,557
42,medium,deepseekv4_attnmhc_dnd,wikitext2,1843200,3,0,527
42,medium,deepseekv4_attnmhc_dnd,wikitext2,1843200,3,1,504
42,medium,deepseekv4_attnmhc_dnd,wikitext2,1843200,3,2,498
42,medium,deepseekv4_attnmhc_dnd,wikitext2,1843200,3,3,577
42,medium,deepseekv4_attnmhc_dnd,wikitext2,1843200,3,4,482
42,medium,deepseekv4_attnmhc_dnd,wikitext2,1843200,3,5,520
42,medium,deepseekv4_attnmhc_dnd,wikitext2,1843200,3,6,519
42,medium,deepseekv4_attnmhc_dnd,wikitext2,1843200,3,7,469
42,medium,deepseekv4_attnmhc_dnd,wikitext2,1843200,4,0,497
42,medium,deepseekv4_attnmhc_dnd,wikitext2,1843200,4,1,516
42,medium,deepseekv4_attnmhc_dnd,wikitext2,1843200,4,2,532
42,medium,deepseekv4_attnmhc_dnd,wikitext2,1843200,4,3,508
42,medium,deepseekv4_attnmhc_dnd,wikitext2,1843200,4,4,531
42,medium,deepseekv4_attnmhc_dnd,wikitext2,1843200,4,5,507
42,medium,deepseekv4_attnmhc_dnd,wikitext2,1843200,4,6,503
42,medium,deepseekv4_attnmhc_dnd,wikitext2,1843200,4,7,502
42,medium,deepseekv4_attnmhc_dnd,wikitext2,1843200,5,0,493
42,medium,deepseekv4_attnmhc_dnd,wikitext2,1843200,5,1,563
42,medium,deepseekv4_attnmhc_dnd,wikitext2,1843200,5,2,530
42,medium,deepseekv4_attnmhc_dnd,wikitext2,1843200,5,3,519
42,medium,deepseekv4_attnmhc_dnd,wikitext2,1843200,5,4,513
42,medium,deepseekv4_attnmhc_dnd,wikitext2,1843200,5,5,439
42,medium,deepseekv4_attnmhc_dnd,wikitext2,1843200,5,6,529
42,medium,deepseekv4_attnmhc_dnd,wikitext2,1843200,5,7,510
42,medium,deepseekv4_attnmhc_dnd,wikitext2,2048000,0,0,334
42,medium,deepseekv4_attnmhc_dnd,wikitext2,2048000,0,1,247
42,medium,deepseekv4_attnmhc_dnd,wikitext2,2048000,0,2,348
42,medium,deepseekv4_attnmhc_dnd,wikitext2,2048000,0,3,953
42,medium,deepseekv4_attnmhc_dnd,wikitext2,2048000,0,4,417
42,medium,deepseekv4_attnmhc_dnd,wikitext2,2048000,0,5,684
42,medium,deepseekv4_attnmhc_dnd,wikitext2,2048000,0,6,230
42,medium,deepseekv4_attnmhc_dnd,wikitext2,2048000,0,7,883
42,medium,deepseekv4_attnmhc_dnd,wikitext2,2048000,1,0,352
42,medium,deepseekv4_attnmhc_dnd,wikitext2,2048000,1,1,389
42,medium,deepseekv4_attnmhc_dnd,wikitext2,2048000,1,2,1060
42,medium,deepseekv4_attnmhc_dnd,wikitext2,2048000,1,3,616
42,medium,deepseekv4_attnmhc_dnd,wikitext2,2048000,1,4,615
42,medium,deepseekv4_attnmhc_dnd,wikitext2,2048000,1,5,266
42,medium,deepseekv4_attnmhc_dnd,wikitext2,2048000,1,6,433
42,medium,deepseekv4_attnmhc_dnd,wikitext2,2048000,1,7,365
42,medium,deepseekv4_attnmhc_dnd,wikitext2,2048000,2,0,507
42,medium,deepseekv4_attnmhc_dnd,wikitext2,2048000,2,1,490
42,medium,deepseekv4_attnmhc_dnd,wikitext2,2048000,2,2,491
42,medium,deepseekv4_attnmhc_dnd,wikitext2,2048000,2,3,502
42,medium,deepseekv4_attnmhc_dnd,wikitext2,2048000,2,4,537
42,medium,deepseekv4_attnmhc_dnd,wikitext2,2048000,2,5,542
42,medium,deepseekv4_attnmhc_dnd,wikitext2,2048000,2,6,471
42,medium,deepseekv4_attnmhc_dnd,wikitext2,2048000,2,7,556
42,medium,deepseekv4_attnmhc_dnd,wikitext2,2048000,3,0,522
42,medium,deepseekv4_attnmhc_dnd,wikitext2,2048000,3,1,502
42,medium,deepseekv4_attnmhc_dnd,wikitext2,2048000,3,2,534
42,medium,deepseekv4_attnmhc_dnd,wikitext2,2048000,3,3,422
42,medium,deepseekv4_attnmhc_dnd,wikitext2,2048000,3,4,566
42,medium,deepseekv4_attnmhc_dnd,wikitext2,2048000,3,5,535
42,medium,deepseekv4_attnmhc_dnd,wikitext2,2048000,3,6,484
42,medium,deepseekv4_attnmhc_dnd,wikitext2,2048000,3,7,531
42,medium,deepseekv4_attnmhc_dnd,wikitext2,2048000,4,0,549
42,medium,deepseekv4_attnmhc_dnd,wikitext2,2048000,4,1,529
42,medium,deepseekv4_attnmhc_dnd,wikitext2,2048000,4,2,518
42,medium,deepseekv4_attnmhc_dnd,wikitext2,2048000,4,3,510
42,medium,deepseekv4_attnmhc_dnd,wikitext2,2048000,4,4,506
42,medium,deepseekv4_attnmhc_dnd,wikitext2,2048000,4,5,488
42,medium,deepseekv4_attnmhc_dnd,wikitext2,2048000,4,6,508
42,medium,deepseekv4_attnmhc_dnd,wikitext2,2048000,4,7,488
42,medium,deepseekv4_attnmhc_dnd,wikitext2,2048000,5,0,511
42,medium,deepseekv4_attnmhc_dnd,wikitext2,2048000,5,1,477
42,medium,deepseekv4_attnmhc_dnd,wikitext2,2048000,5,2,539
42,medium,deepseekv4_attnmhc_dnd,wikitext2,2048000,5,3,539
42,medium,deepseekv4_attnmhc_dnd,wikitext2,2048000,5,4,523
42,medium,deepseekv4_attnmhc_dnd,wikitext2,2048000,5,5,496
42,medium,deepseekv4_attnmhc_dnd,wikitext2,2048000,5,6,511
42,medium,deepseekv4_attnmhc_dnd,wikitext2,2048000,5,7,500
43,medium,deepseekv4_attnmhc_dnd,wikitext2,2048,0,0,334
43,medium,deepseekv4_attnmhc_dnd,wikitext2,2048,0,1,265
43,medium,deepseekv4_attnmhc_dnd,wikitext2,2048,0,2,385
43,medium,deepseekv4_attnmhc_dnd,wikitext2,2048,0,3,920
43,medium,deepseekv4_attnmhc_dnd,wikitext2,2048,0,4,418
43,medium,deepseekv4_attnmhc_dnd,wikitext2,2048,0,5,659
43,medium,deepseekv4_attnmhc_dnd,wikitext2,2048,0,6,255
43,medium,deepseekv4_attnmhc_dnd,wikitext2,2048,0,7,860
43,medium,deepseekv4_attnmhc_dnd,wikitext2,2048,1,0,326
43,medium,deepseekv4_attnmhc_dnd,wikitext2,2048,1,1,398
43,medium,deepseekv4_attnmhc_dnd,wikitext2,2048,1,2,1083
43,medium,deepseekv4_attnmhc_dnd,wikitext2,2048,1,3,623
43,medium,deepseekv4_attnmhc_dnd,wikitext2,2048,1,4,624
43,medium,deepseekv4_attnmhc_dnd,wikitext2,2048,1,5,251
43,medium,deepseekv4_attnmhc_dnd,wikitext2,2048,1,6,427
43,medium,deepseekv4_attnmhc_dnd,wikitext2,2048,1,7,364
43,medium,deepseekv4_attnmhc_dnd,wikitext2,2048,2,0,267
43,medium,deepseekv4_attnmhc_dnd,wikitext2,2048,2,1,844
43,medium,deepseekv4_attnmhc_dnd,wikitext2,2048,2,2,317
43,medium,deepseekv4_attnmhc_dnd,wikitext2,2048,2,3,600
43,medium,deepseekv4_attnmhc_dnd,wikitext2,2048,2,4,222
43,medium,deepseekv4_attnmhc_dnd,wikitext2,2048,2,5,938
43,medium,deepseekv4_attnmhc_dnd,wikitext2,2048,2,6,320
43,medium,deepseekv4_attnmhc_dnd,wikitext2,2048,2,7,588
43,medium,deepseekv4_attnmhc_dnd,wikitext2,2048,3,0,652
43,medium,deepseekv4_attnmhc_dnd,wikitext2,2048,3,1,426
43,medium,deepseekv4_attnmhc_dnd,wikitext2,2048,3,2,230
43,medium,deepseekv4_attnmhc_dnd,wikitext2,2048,3,3,165
43,medium,deepseekv4_attnmhc_dnd,wikitext2,2048,3,4,391
43,medium,deepseekv4_attnmhc_dnd,wikitext2,2048,3,5,805
43,medium,deepseekv4_attnmhc_dnd,wikitext2,2048,3,6,697
43,medium,deepseekv4_attnmhc_dnd,wikitext2,2048,3,7,730
43,medium,deepseekv4_attnmhc_dnd,wikitext2,2048,4,0,277
43,medium,deepseekv4_attnmhc_dnd,wikitext2,2048,4,1,479
43,medium,deepseekv4_attnmhc_dnd,wikitext2,2048,4,2,374
43,medium,deepseekv4_attnmhc_dnd,wikitext2,2048,4,3,382
43,medium,deepseekv4_attnmhc_dnd,wikitext2,2048,4,4,946
43,medium,deepseekv4_attnmhc_dnd,wikitext2,2048,4,5,278
43,medium,deepseekv4_attnmhc_dnd,wikitext2,2048,4,6,540
43,medium,deepseekv4_attnmhc_dnd,wikitext2,2048,4,7,820
43,medium,deepseekv4_attnmhc_dnd,wikitext2,2048,5,0,674
43,medium,deepseekv4_attnmhc_dnd,wikitext2,2048,5,1,608
43,medium,deepseekv4_attnmhc_dnd,wikitext2,2048,5,2,344
43,medium,deepseekv4_attnmhc_dnd,wikitext2,2048,5,3,375
43,medium,deepseekv4_attnmhc_dnd,wikitext2,2048,5,4,398
43,medium,deepseekv4_attnmhc_dnd,wikitext2,2048,5,5,727
43,medium,deepseekv4_attnmhc_dnd,wikitext2,2048,5,6,496
43,medium,deepseekv4_attnmhc_dnd,wikitext2,2048,5,7,474
43,medium,deepseekv4_attnmhc_dnd,wikitext2,204800,0,0,322
43,medium,deepseekv4_attnmhc_dnd,wikitext2,204800,0,1,248
43,medium,deepseekv4_attnmhc_dnd,wikitext2,204800,0,2,394
43,medium,deepseekv4_attnmhc_dnd,wikitext2,204800,0,3,942
43,medium,deepseekv4_attnmhc_dnd,wikitext2,204800,0,4,406
43,medium,deepseekv4_attnmhc_dnd,wikitext2,204800,0,5,657
43,medium,deepseekv4_attnmhc_dnd,wikitext2,204800,0,6,254
43,medium,deepseekv4_attnmhc_dnd,wikitext2,204800,0,7,873
43,medium,deepseekv4_attnmhc_dnd,wikitext2,204800,1,0,362
43,medium,deepseekv4_attnmhc_dnd,wikitext2,204800,1,1,374
43,medium,deepseekv4_attnmhc_dnd,wikitext2,204800,1,2,1048
43,medium,deepseekv4_attnmhc_dnd,wikitext2,204800,1,3,585
43,medium,deepseekv4_attnmhc_dnd,wikitext2,204800,1,4,635
43,medium,deepseekv4_attnmhc_dnd,wikitext2,204800,1,5,274
43,medium,deepseekv4_attnmhc_dnd,wikitext2,204800,1,6,429
43,medium,deepseekv4_attnmhc_dnd,wikitext2,204800,1,7,389
43,medium,deepseekv4_attnmhc_dnd,wikitext2,204800,2,0,564
43,medium,deepseekv4_attnmhc_dnd,wikitext2,204800,2,1,513
43,medium,deepseekv4_attnmhc_dnd,wikitext2,204800,2,2,652
43,medium,deepseekv4_attnmhc_dnd,wikitext2,204800,2,3,451
43,medium,deepseekv4_attnmhc_dnd,wikitext2,204800,2,4,550
43,medium,deepseekv4_attnmhc_dnd,wikitext2,204800,2,5,447
43,medium,deepseekv4_attnmhc_dnd,wikitext2,204800,2,6,419
43,medium,deepseekv4_attnmhc_dnd,wikitext2,204800,2,7,500
43,medium,deepseekv4_attnmhc_dnd,wikitext2,204800,3,0,536
43,medium,deepseekv4_attnmhc_dnd,wikitext2,204800,3,1,499
43,medium,deepseekv4_attnmhc_dnd,wikitext2,204800,3,2,521
43,medium,deepseekv4_attnmhc_dnd,wikitext2,204800,3,3,569
43,medium,deepseekv4_attnmhc_dnd,wikitext2,204800,3,4,511
43,medium,deepseekv4_attnmhc_dnd,wikitext2,204800,3,5,305
43,medium,deepseekv4_attnmhc_dnd,wikitext2,204800,3,6,500
43,medium,deepseekv4_attnmhc_dnd,wikitext2,204800,3,7,655
43,medium,deepseekv4_attnmhc_dnd,wikitext2,204800,4,0,627
43,medium,deepseekv4_attnmhc_dnd,wikitext2,204800,4,1,553
43,medium,deepseekv4_attnmhc_dnd,wikitext2,204800,4,2,610
43,medium,deepseekv4_attnmhc_dnd,wikitext2,204800,4,3,334
43,medium,deepseekv4_attnmhc_dnd,wikitext2,204800,4,4,574
43,medium,deepseekv4_attnmhc_dnd,wikitext2,204800,4,5,535
43,medium,deepseekv4_attnmhc_dnd,wikitext2,204800,4,6,438
43,medium,deepseekv4_attnmhc_dnd,wikitext2,204800,4,7,425
43,medium,deepseekv4_attnmhc_dnd,wikitext2,204800,5,0,155
43,medium,deepseekv4_attnmhc_dnd,wikitext2,204800,5,1,491
43,medium,deepseekv4_attnmhc_dnd,wikitext2,204800,5,2,499
43,medium,deepseekv4_attnmhc_dnd,wikitext2,204800,5,3,791
43,medium,deepseekv4_attnmhc_dnd,wikitext2,204800,5,4,316
43,medium,deepseekv4_attnmhc_dnd,wikitext2,204800,5,5,548
43,medium,deepseekv4_attnmhc_dnd,wikitext2,204800,5,6,799
43,medium,deepseekv4_attnmhc_dnd,wikitext2,204800,5,7,497
43,medium,deepseekv4_attnmhc_dnd,wikitext2,409600,0,0,318
43,medium,deepseekv4_attnmhc_dnd,wikitext2,409600,0,1,246
43,medium,deepseekv4_attnmhc_dnd,wikitext2,409600,0,2,396
43,medium,deepseekv4_attnmhc_dnd,wikitext2,409600,0,3,957
43,medium,deepseekv4_attnmhc_dnd,wikitext2,409600,0,4,412
43,medium,deepseekv4_attnmhc_dnd,wikitext2,409600,0,5,627
43,medium,deepseekv4_attnmhc_dnd,wikitext2,409600,0,6,248
43,medium,deepseekv4_attnmhc_dnd,wikitext2,409600,0,7,892
43,medium,deepseekv4_attnmhc_dnd,wikitext2,409600,1,0,341
43,medium,deepseekv4_attnmhc_dnd,wikitext2,409600,1,1,408
43,medium,deepseekv4_attnmhc_dnd,wikitext2,409600,1,2,1101
43,medium,deepseekv4_attnmhc_dnd,wikitext2,409600,1,3,612
43,medium,deepseekv4_attnmhc_dnd,wikitext2,409600,1,4,610
43,medium,deepseekv4_attnmhc_dnd,wikitext2,409600,1,5,241
43,medium,deepseekv4_attnmhc_dnd,wikitext2,409600,1,6,424
43,medium,deepseekv4_attnmhc_dnd,wikitext2,409600,1,7,359
43,medium,deepseekv4_attnmhc_dnd,wikitext2,409600,2,0,574
43,medium,deepseekv4_attnmhc_dnd,wikitext2,409600,2,1,512
43,medium,deepseekv4_attnmhc_dnd,wikitext2,409600,2,2,533
43,medium,deepseekv4_attnmhc_dnd,wikitext2,409600,2,3,452
43,medium,deepseekv4_attnmhc_dnd,wikitext2,409600,2,4,496
43,medium,deepseekv4_attnmhc_dnd,wikitext2,409600,2,5,544
43,medium,deepseekv4_attnmhc_dnd,wikitext2,409600,2,6,484
43,medium,deepseekv4_attnmhc_dnd,wikitext2,409600,2,7,501
43,medium,deepseekv4_attnmhc_dnd,wikitext2,409600,3,0,567
43,medium,deepseekv4_attnmhc_dnd,wikitext2,409600,3,1,507
43,medium,deepseekv4_attnmhc_dnd,wikitext2,409600,3,2,451
43,medium,deepseekv4_attnmhc_dnd,wikitext2,409600,3,3,495
43,medium,deepseekv4_attnmhc_dnd,wikitext2,409600,3,4,511
43,medium,deepseekv4_attnmhc_dnd,wikitext2,409600,3,5,477
43,medium,deepseekv4_attnmhc_dnd,wikitext2,409600,3,6,554
43,medium,deepseekv4_attnmhc_dnd,wikitext2,409600,3,7,534
43,medium,deepseekv4_attnmhc_dnd,wikitext2,409600,4,0,500
43,medium,deepseekv4_attnmhc_dnd,wikitext2,409600,4,1,565
43,medium,deepseekv4_attnmhc_dnd,wikitext2,409600,4,2,599
43,medium,deepseekv4_attnmhc_dnd,wikitext2,409600,4,3,461
43,medium,deepseekv4_attnmhc_dnd,wikitext2,409600,4,4,472
43,medium,deepseekv4_attnmhc_dnd,wikitext2,409600,4,5,546
43,medium,deepseekv4_attnmhc_dnd,wikitext2,409600,4,6,421
43,medium,deepseekv4_attnmhc_dnd,wikitext2,409600,4,7,532
43,medium,deepseekv4_attnmhc_dnd,wikitext2,409600,5,0,445
43,medium,deepseekv4_attnmhc_dnd,wikitext2,409600,5,1,474
43,medium,deepseekv4_attnmhc_dnd,wikitext2,409600,5,2,633
43,medium,deepseekv4_attnmhc_dnd,wikitext2,409600,5,3,583
43,medium,deepseekv4_attnmhc_dnd,wikitext2,409600,5,4,370
43,medium,deepseekv4_attnmhc_dnd,wikitext2,409600,5,5,456
43,medium,deepseekv4_attnmhc_dnd,wikitext2,409600,5,6,614
43,medium,deepseekv4_attnmhc_dnd,wikitext2,409600,5,7,521
43,medium,deepseekv4_attnmhc_dnd,wikitext2,614400,0,0,336
43,medium,deepseekv4_attnmhc_dnd,wikitext2,614400,0,1,259
43,medium,deepseekv4_attnmhc_dnd,wikitext2,614400,0,2,377
43,medium,deepseekv4_attnmhc_dnd,wikitext2,614400,0,3,959
43,medium,deepseekv4_attnmhc_dnd,wikitext2,614400,0,4,409
43,medium,deepseekv4_attnmhc_dnd,wikitext2,614400,0,5,627
43,medium,deepseekv4_attnmhc_dnd,wikitext2,614400,0,6,242
43,medium,deepseekv4_attnmhc_dnd,wikitext2,614400,0,7,887
43,medium,deepseekv4_attnmhc_dnd,wikitext2,614400,1,0,348
43,medium,deepseekv4_attnmhc_dnd,wikitext2,614400,1,1,437
43,medium,deepseekv4_attnmhc_dnd,wikitext2,614400,1,2,1043
43,medium,deepseekv4_attnmhc_dnd,wikitext2,614400,1,3,599
43,medium,deepseekv4_attnmhc_dnd,wikitext2,614400,1,4,616
43,medium,deepseekv4_attnmhc_dnd,wikitext2,614400,1,5,249
43,medium,deepseekv4_attnmhc_dnd,wikitext2,614400,1,6,421
43,medium,deepseekv4_attnmhc_dnd,wikitext2,614400,1,7,383
43,medium,deepseekv4_attnmhc_dnd,wikitext2,614400,2,0,539
43,medium,deepseekv4_attnmhc_dnd,wikitext2,614400,2,1,448
43,medium,deepseekv4_attnmhc_dnd,wikitext2,614400,2,2,488
43,medium,deepseekv4_attnmhc_dnd,wikitext2,614400,2,3,522
43,medium,deepseekv4_attnmhc_dnd,wikitext2,614400,2,4,519
43,medium,deepseekv4_attnmhc_dnd,wikitext2,614400,2,5,527
43,medium,deepseekv4_attnmhc_dnd,wikitext2,614400,2,6,520
43,medium,deepseekv4_attnmhc_dnd,wikitext2,614400,2,7,533
43,medium,deepseekv4_attnmhc_dnd,wikitext2,614400,3,0,456
43,medium,deepseekv4_attnmhc_dnd,wikitext2,614400,3,1,629
43,medium,deepseekv4_attnmhc_dnd,wikitext2,614400,3,2,544
43,medium,deepseekv4_attnmhc_dnd,wikitext2,614400,3,3,526
43,medium,deepseekv4_attnmhc_dnd,wikitext2,614400,3,4,484
43,medium,deepseekv4_attnmhc_dnd,wikitext2,614400,3,5,497
43,medium,deepseekv4_attnmhc_dnd,wikitext2,614400,3,6,469
43,medium,deepseekv4_attnmhc_dnd,wikitext2,614400,3,7,491
43,medium,deepseekv4_attnmhc_dnd,wikitext2,614400,4,0,481
43,medium,deepseekv4_attnmhc_dnd,wikitext2,614400,4,1,517
43,medium,deepseekv4_attnmhc_dnd,wikitext2,614400,4,2,545
43,medium,deepseekv4_attnmhc_dnd,wikitext2,614400,4,3,517
43,medium,deepseekv4_attnmhc_dnd,wikitext2,614400,4,4,482
43,medium,deepseekv4_attnmhc_dnd,wikitext2,614400,4,5,450
43,medium,deepseekv4_attnmhc_dnd,wikitext2,614400,4,6,580
43,medium,deepseekv4_attnmhc_dnd,wikitext2,614400,4,7,524
43,medium,deepseekv4_attnmhc_dnd,wikitext2,614400,5,0,567
43,medium,deepseekv4_attnmhc_dnd,wikitext2,614400,5,1,505
43,medium,deepseekv4_attnmhc_dnd,wikitext2,614400,5,2,548
43,medium,deepseekv4_attnmhc_dnd,wikitext2,614400,5,3,502
43,medium,deepseekv4_attnmhc_dnd,wikitext2,614400,5,4,509
43,medium,deepseekv4_attnmhc_dnd,wikitext2,614400,5,5,472
43,medium,deepseekv4_attnmhc_dnd,wikitext2,614400,5,6,547
43,medium,deepseekv4_attnmhc_dnd,wikitext2,614400,5,7,446
43,medium,deepseekv4_attnmhc_dnd,wikitext2,819200,0,0,325
43,medium,deepseekv4_attnmhc_dnd,wikitext2,819200,0,1,255
43,medium,deepseekv4_attnmhc_dnd,wikitext2,819200,0,2,352
43,medium,deepseekv4_attnmhc_dnd,wikitext2,819200,0,3,979
43,medium,deepseekv4_attnmhc_dnd,wikitext2,819200,0,4,398
43,medium,deepseekv4_attnmhc_dnd,wikitext2,819200,0,5,657
43,medium,deepseekv4_attnmhc_dnd,wikitext2,819200,0,6,234
43,medium,deepseekv4_attnmhc_dnd,wikitext2,819200,0,7,896
43,medium,deepseekv4_attnmhc_dnd,wikitext2,819200,1,0,305
43,medium,deepseekv4_attnmhc_dnd,wikitext2,819200,1,1,407
43,medium,deepseekv4_attnmhc_dnd,wikitext2,819200,1,2,1056
43,medium,deepseekv4_attnmhc_dnd,wikitext2,819200,1,3,603
43,medium,deepseekv4_attnmhc_dnd,wikitext2,819200,1,4,632
43,medium,deepseekv4_attnmhc_dnd,wikitext2,819200,1,5,253
43,medium,deepseekv4_attnmhc_dnd,wikitext2,819200,1,6,460
43,medium,deepseekv4_attnmhc_dnd,wikitext2,819200,1,7,380
43,medium,deepseekv4_attnmhc_dnd,wikitext2,819200,2,0,540
43,medium,deepseekv4_attnmhc_dnd,wikitext2,819200,2,1,541
43,medium,deepseekv4_attnmhc_dnd,wikitext2,819200,2,2,522
43,medium,deepseekv4_attnmhc_dnd,wikitext2,819200,2,3,465
43,medium,deepseekv4_attnmhc_dnd,wikitext2,819200,2,4,479
43,medium,deepseekv4_attnmhc_dnd,wikitext2,819200,2,5,514
43,medium,deepseekv4_attnmhc_dnd,wikitext2,819200,2,6,499
43,medium,deepseekv4_attnmhc_dnd,wikitext2,819200,2,7,536
43,medium,deepseekv4_attnmhc_dnd,wikitext2,819200,3,0,502
43,medium,deepseekv4_attnmhc_dnd,wikitext2,819200,3,1,470
43,medium,deepseekv4_attnmhc_dnd,wikitext2,819200,3,2,529
43,medium,deepseekv4_attnmhc_dnd,wikitext2,819200,3,3,483
43,medium,deepseekv4_attnmhc_dnd,wikitext2,819200,3,4,514
43,medium,deepseekv4_attnmhc_dnd,wikitext2,819200,3,5,560
43,medium,deepseekv4_attnmhc_dnd,wikitext2,819200,3,6,542
43,medium,deepseekv4_attnmhc_dnd,wikitext2,819200,3,7,496
43,medium,deepseekv4_attnmhc_dnd,wikitext2,819200,4,0,523
43,medium,deepseekv4_attnmhc_dnd,wikitext2,819200,4,1,490
43,medium,deepseekv4_attnmhc_dnd,wikitext2,819200,4,2,463
43,medium,deepseekv4_attnmhc_dnd,wikitext2,819200,4,3,607
43,medium,deepseekv4_attnmhc_dnd,wikitext2,819200,4,4,452
43,medium,deepseekv4_attnmhc_dnd,wikitext2,819200,4,5,531
43,medium,deepseekv4_attnmhc_dnd,wikitext2,819200,4,6,492
43,medium,deepseekv4_attnmhc_dnd,wikitext2,819200,4,7,538
43,medium,deepseekv4_attnmhc_dnd,wikitext2,819200,5,0,583
43,medium,deepseekv4_attnmhc_dnd,wikitext2,819200,5,1,565
43,medium,deepseekv4_attnmhc_dnd,wikitext2,819200,5,2,461
43,medium,deepseekv4_attnmhc_dnd,wikitext2,819200,5,3,542
43,medium,deepseekv4_attnmhc_dnd,wikitext2,819200,5,4,474
43,medium,deepseekv4_attnmhc_dnd,wikitext2,819200,5,5,477
43,medium,deepseekv4_attnmhc_dnd,wikitext2,819200,5,6,479
43,medium,deepseekv4_attnmhc_dnd,wikitext2,819200,5,7,515
43,medium,deepseekv4_attnmhc_dnd,wikitext2,1024000,0,0,319
43,medium,deepseekv4_attnmhc_dnd,wikitext2,1024000,0,1,247
43,medium,deepseekv4_attnmhc_dnd,wikitext2,1024000,0,2,376
43,medium,deepseekv4_attnmhc_dnd,wikitext2,1024000,0,3,951
43,medium,deepseekv4_attnmhc_dnd,wikitext2,1024000,0,4,387
43,medium,deepseekv4_attnmhc_dnd,wikitext2,1024000,0,5,665
43,medium,deepseekv4_attnmhc_dnd,wikitext2,1024000,0,6,237
43,medium,deepseekv4_attnmhc_dnd,wikitext2,1024000,0,7,914
43,medium,deepseekv4_attnmhc_dnd,wikitext2,1024000,1,0,306
43,medium,deepseekv4_attnmhc_dnd,wikitext2,1024000,1,1,383
43,medium,deepseekv4_attnmhc_dnd,wikitext2,1024000,1,2,1042
43,medium,deepseekv4_attnmhc_dnd,wikitext2,1024000,1,3,625
43,medium,deepseekv4_attnmhc_dnd,wikitext2,1024000,1,4,657
43,medium,deepseekv4_attnmhc_dnd,wikitext2,1024000,1,5,238
43,medium,deepseekv4_attnmhc_dnd,wikitext2,1024000,1,6,469
43,medium,deepseekv4_attnmhc_dnd,wikitext2,1024000,1,7,376
43,medium,deepseekv4_attnmhc_dnd,wikitext2,1024000,2,0,474
43,medium,deepseekv4_attnmhc_dnd,wikitext2,1024000,2,1,516
43,medium,deepseekv4_attnmhc_dnd,wikitext2,1024000,2,2,517
43,medium,deepseekv4_attnmhc_dnd,wikitext2,1024000,2,3,537
43,medium,deepseekv4_attnmhc_dnd,wikitext2,1024000,2,4,519
43,medium,deepseekv4_attnmhc_dnd,wikitext2,1024000,2,5,574
43,medium,deepseekv4_attnmhc_dnd,wikitext2,1024000,2,6,516
43,medium,deepseekv4_attnmhc_dnd,wikitext2,1024000,2,7,443
43,medium,deepseekv4_attnmhc_dnd,wikitext2,1024000,3,0,499
43,medium,deepseekv4_attnmhc_dnd,wikitext2,1024000,3,1,532
43,medium,deepseekv4_attnmhc_dnd,wikitext2,1024000,3,2,521
43,medium,deepseekv4_attnmhc_dnd,wikitext2,1024000,3,3,481
43,medium,deepseekv4_attnmhc_dnd,wikitext2,1024000,3,4,560
43,medium,deepseekv4_attnmhc_dnd,wikitext2,1024000,3,5,500
43,medium,deepseekv4_attnmhc_dnd,wikitext2,1024000,3,6,524
43,medium,deepseekv4_attnmhc_dnd,wikitext2,1024000,3,7,479
43,medium,deepseekv4_attnmhc_dnd,wikitext2,1024000,4,0,498
43,medium,deepseekv4_attnmhc_dnd,wikitext2,1024000,4,1,530
43,medium,deepseekv4_attnmhc_dnd,wikitext2,1024000,4,2,522
43,medium,deepseekv4_attnmhc_dnd,wikitext2,1024000,4,3,499
43,medium,deepseekv4_attnmhc_dnd,wikitext2,1024000,4,4,493
43,medium,deepseekv4_attnmhc_dnd,wikitext2,1024000,4,5,494
43,medium,deepseekv4_attnmhc_dnd,wikitext2,1024000,4,6,528
43,medium,deepseekv4_attnmhc_dnd,wikitext2,1024000,4,7,532
43,medium,deepseekv4_attnmhc_dnd,wikitext2,1024000,5,0,540
43,medium,deepseekv4_attnmhc_dnd,wikitext2,1024000,5,1,505
43,medium,deepseekv4_attnmhc_dnd,wikitext2,1024000,5,2,501
43,medium,deepseekv4_attnmhc_dnd,wikitext2,1024000,5,3,603
43,medium,deepseekv4_attnmhc_dnd,wikitext2,1024000,5,4,470
43,medium,deepseekv4_attnmhc_dnd,wikitext2,1024000,5,5,487
43,medium,deepseekv4_attnmhc_dnd,wikitext2,1024000,5,6,508
43,medium,deepseekv4_attnmhc_dnd,wikitext2,1024000,5,7,482
43,medium,deepseekv4_attnmhc_dnd,wikitext2,1228800,0,0,348
43,medium,deepseekv4_attnmhc_dnd,wikitext2,1228800,0,1,224
43,medium,deepseekv4_attnmhc_dnd,wikitext2,1228800,0,2,377
43,medium,deepseekv4_attnmhc_dnd,wikitext2,1228800,0,3,944
43,medium,deepseekv4_attnmhc_dnd,wikitext2,1228800,0,4,406
43,medium,deepseekv4_attnmhc_dnd,wikitext2,1228800,0,5,632
43,medium,deepseekv4_attnmhc_dnd,wikitext2,1228800,0,6,262
43,medium,deepseekv4_attnmhc_dnd,wikitext2,1228800,0,7,903
43,medium,deepseekv4_attnmhc_dnd,wikitext2,1228800,1,0,317
43,medium,deepseekv4_attnmhc_dnd,wikitext2,1228800,1,1,394
43,medium,deepseekv4_attnmhc_dnd,wikitext2,1228800,1,2,1059
43,medium,deepseekv4_attnmhc_dnd,wikitext2,1228800,1,3,594
43,medium,deepseekv4_attnmhc_dnd,wikitext2,1228800,1,4,650
43,medium,deepseekv4_attnmhc_dnd,wikitext2,1228800,1,5,254
43,medium,deepseekv4_attnmhc_dnd,wikitext2,1228800,1,6,461
43,medium,deepseekv4_attnmhc_dnd,wikitext2,1228800,1,7,367
43,medium,deepseekv4_attnmhc_dnd,wikitext2,1228800,2,0,489
43,medium,deepseekv4_attnmhc_dnd,wikitext2,1228800,2,1,483
43,medium,deepseekv4_attnmhc_dnd,wikitext2,1228800,2,2,539
43,medium,deepseekv4_attnmhc_dnd,wikitext2,1228800,2,3,503
43,medium,deepseekv4_attnmhc_dnd,wikitext2,1228800,2,4,530
43,medium,deepseekv4_attnmhc_dnd,wikitext2,1228800,2,5,484
43,medium,deepseekv4_attnmhc_dnd,wikitext2,1228800,2,6,535
43,medium,deepseekv4_attnmhc_dnd,wikitext2,1228800,2,7,533
43,medium,deepseekv4_attnmhc_dnd,wikitext2,1228800,3,0,503
43,medium,deepseekv4_attnmhc_dnd,wikitext2,1228800,3,1,553
43,medium,deepseekv4_attnmhc_dnd,wikitext2,1228800,3,2,496
43,medium,deepseekv4_attnmhc_dnd,wikitext2,1228800,3,3,496
43,medium,deepseekv4_attnmhc_dnd,wikitext2,1228800,3,4,496
43,medium,deepseekv4_attnmhc_dnd,wikitext2,1228800,3,5,526
43,medium,deepseekv4_attnmhc_dnd,wikitext2,1228800,3,6,477
43,medium,deepseekv4_attnmhc_dnd,wikitext2,1228800,3,7,549
43,medium,deepseekv4_attnmhc_dnd,wikitext2,1228800,4,0,498
43,medium,deepseekv4_attnmhc_dnd,wikitext2,1228800,4,1,529
43,medium,deepseekv4_attnmhc_dnd,wikitext2,1228800,4,2,580
43,medium,deepseekv4_attnmhc_dnd,wikitext2,1228800,4,3,533
43,medium,deepseekv4_attnmhc_dnd,wikitext2,1228800,4,4,515
43,medium,deepseekv4_attnmhc_dnd,wikitext2,1228800,4,5,482
43,medium,deepseekv4_attnmhc_dnd,wikitext2,1228800,4,6,451
43,medium,deepseekv4_attnmhc_dnd,wikitext2,1228800,4,7,508
43,medium,deepseekv4_attnmhc_dnd,wikitext2,1228800,5,0,546
43,medium,deepseekv4_attnmhc_dnd,wikitext2,1228800,5,1,488
43,medium,deepseekv4_attnmhc_dnd,wikitext2,1228800,5,2,597
43,medium,deepseekv4_attnmhc_dnd,wikitext2,1228800,5,3,569
43,medium,deepseekv4_attnmhc_dnd,wikitext2,1228800,5,4,467
43,medium,deepseekv4_attnmhc_dnd,wikitext2,1228800,5,5,481
43,medium,deepseekv4_attnmhc_dnd,wikitext2,1228800,5,6,470
43,medium,deepseekv4_attnmhc_dnd,wikitext2,1228800,5,7,478
43,medium,deepseekv4_attnmhc_dnd,wikitext2,1433600,0,0,334
43,medium,deepseekv4_attnmhc_dnd,wikitext2,1433600,0,1,238
43,medium,deepseekv4_attnmhc_dnd,wikitext2,1433600,0,2,364
43,medium,deepseekv4_attnmhc_dnd,wikitext2,1433600,0,3,959
43,medium,deepseekv4_attnmhc_dnd,wikitext2,1433600,0,4,402
43,medium,deepseekv4_attnmhc_dnd,wikitext2,1433600,0,5,654
43,medium,deepseekv4_attnmhc_dnd,wikitext2,1433600,0,6,246
43,medium,deepseekv4_attnmhc_dnd,wikitext2,1433600,0,7,899
43,medium,deepseekv4_attnmhc_dnd,wikitext2,1433600,1,0,306
43,medium,deepseekv4_attnmhc_dnd,wikitext2,1433600,1,1,398
43,medium,deepseekv4_attnmhc_dnd,wikitext2,1433600,1,2,1073
43,medium,deepseekv4_attnmhc_dnd,wikitext2,1433600,1,3,609
43,medium,deepseekv4_attnmhc_dnd,wikitext2,1433600,1,4,622
43,medium,deepseekv4_attnmhc_dnd,wikitext2,1433600,1,5,248
43,medium,deepseekv4_attnmhc_dnd,wikitext2,1433600,1,6,453
43,medium,deepseekv4_attnmhc_dnd,wikitext2,1433600,1,7,387
43,medium,deepseekv4_attnmhc_dnd,wikitext2,1433600,2,0,467
43,medium,deepseekv4_attnmhc_dnd,wikitext2,1433600,2,1,502
43,medium,deepseekv4_attnmhc_dnd,wikitext2,1433600,2,2,504
43,medium,deepseekv4_attnmhc_dnd,wikitext2,1433600,2,3,518
43,medium,deepseekv4_attnmhc_dnd,wikitext2,1433600,2,4,548
43,medium,deepseekv4_attnmhc_dnd,wikitext2,1433600,2,5,561
43,medium,deepseekv4_attnmhc_dnd,wikitext2,1433600,2,6,509
43,medium,deepseekv4_attnmhc_dnd,wikitext2,1433600,2,7,487
43,medium,deepseekv4_attnmhc_dnd,wikitext2,1433600,3,0,463
43,medium,deepseekv4_attnmhc_dnd,wikitext2,1433600,3,1,524
43,medium,deepseekv4_attnmhc_dnd,wikitext2,1433600,3,2,545
43,medium,deepseekv4_attnmhc_dnd,wikitext2,1433600,3,3,516
43,medium,deepseekv4_attnmhc_dnd,wikitext2,1433600,3,4,522
43,medium,deepseekv4_attnmhc_dnd,wikitext2,1433600,3,5,526
43,medium,deepseekv4_attnmhc_dnd,wikitext2,1433600,3,6,505
43,medium,deepseekv4_attnmhc_dnd,wikitext2,1433600,3,7,495
43,medium,deepseekv4_attnmhc_dnd,wikitext2,1433600,4,0,478
43,medium,deepseekv4_attnmhc_dnd,wikitext2,1433600,4,1,527
43,medium,deepseekv4_attnmhc_dnd,wikitext2,1433600,4,2,500
43,medium,deepseekv4_attnmhc_dnd,wikitext2,1433600,4,3,605
43,medium,deepseekv4_attnmhc_dnd,wikitext2,1433600,4,4,496
43,medium,deepseekv4_attnmhc_dnd,wikitext2,1433600,4,5,540
43,medium,deepseekv4_attnmhc_dnd,wikitext2,1433600,4,6,456
43,medium,deepseekv4_attnmhc_dnd,wikitext2,1433600,4,7,494
43,medium,deepseekv4_attnmhc_dnd,wikitext2,1433600,5,0,506
43,medium,deepseekv4_attnmhc_dnd,wikitext2,1433600,5,1,504
43,medium,deepseekv4_attnmhc_dnd,wikitext2,1433600,5,2,435
43,medium,deepseekv4_attnmhc_dnd,wikitext2,1433600,5,3,595
43,medium,deepseekv4_attnmhc_dnd,wikitext2,1433600,5,4,505
43,medium,deepseekv4_attnmhc_dnd,wikitext2,1433600,5,5,480
43,medium,deepseekv4_attnmhc_dnd,wikitext2,1433600,5,6,530
43,medium,deepseekv4_attnmhc_dnd,wikitext2,1433600,5,7,541
43,medium,deepseekv4_attnmhc_dnd,wikitext2,1638400,0,0,322
43,medium,deepseekv4_attnmhc_dnd,wikitext2,1638400,0,1,226
43,medium,deepseekv4_attnmhc_dnd,wikitext2,1638400,0,2,334
43,medium,deepseekv4_attnmhc_dnd,wikitext2,1638400,0,3,977
43,medium,deepseekv4_attnmhc_dnd,wikitext2,1638400,0,4,389
43,medium,deepseekv4_attnmhc_dnd,wikitext2,1638400,0,5,662
43,medium,deepseekv4_attnmhc_dnd,wikitext2,1638400,0,6,257
43,medium,deepseekv4_attnmhc_dnd,wikitext2,1638400,0,7,929
43,medium,deepseekv4_attnmhc_dnd,wikitext2,1638400,1,0,303
43,medium,deepseekv4_attnmhc_dnd,wikitext2,1638400,1,1,435
43,medium,deepseekv4_attnmhc_dnd,wikitext2,1638400,1,2,1028
43,medium,deepseekv4_attnmhc_dnd,wikitext2,1638400,1,3,608
43,medium,deepseekv4_attnmhc_dnd,wikitext2,1638400,1,4,620
43,medium,deepseekv4_attnmhc_dnd,wikitext2,1638400,1,5,274
43,medium,deepseekv4_attnmhc_dnd,wikitext2,1638400,1,6,465
43,medium,deepseekv4_attnmhc_dnd,wikitext2,1638400,1,7,363
43,medium,deepseekv4_attnmhc_dnd,wikitext2,1638400,2,0,534
43,medium,deepseekv4_attnmhc_dnd,wikitext2,1638400,2,1,535
43,medium,deepseekv4_attnmhc_dnd,wikitext2,1638400,2,2,486
43,medium,deepseekv4_attnmhc_dnd,wikitext2,1638400,2,3,553
43,medium,deepseekv4_attnmhc_dnd,wikitext2,1638400,2,4,470
43,medium,deepseekv4_attnmhc_dnd,wikitext2,1638400,2,5,495
43,medium,deepseekv4_attnmhc_dnd,wikitext2,1638400,2,6,503
43,medium,deepseekv4_attnmhc_dnd,wikitext2,1638400,2,7,520
43,medium,deepseekv4_attnmhc_dnd,wikitext2,1638400,3,0,503
43,medium,deepseekv4_attnmhc_dnd,wikitext2,1638400,3,1,513
43,medium,deepseekv4_attnmhc_dnd,wikitext2,1638400,3,2,505
43,medium,deepseekv4_attnmhc_dnd,wikitext2,1638400,3,3,486
43,medium,deepseekv4_attnmhc_dnd,wikitext2,1638400,3,4,487
43,medium,deepseekv4_attnmhc_dnd,wikitext2,1638400,3,5,542
43,medium,deepseekv4_attnmhc_dnd,wikitext2,1638400,3,6,521
43,medium,deepseekv4_attnmhc_dnd,wikitext2,1638400,3,7,539
43,medium,deepseekv4_attnmhc_dnd,wikitext2,1638400,4,0,495
43,medium,deepseekv4_attnmhc_dnd,wikitext2,1638400,4,1,504
43,medium,deepseekv4_attnmhc_dnd,wikitext2,1638400,4,2,508
43,medium,deepseekv4_attnmhc_dnd,wikitext2,1638400,4,3,529
43,medium,deepseekv4_attnmhc_dnd,wikitext2,1638400,4,4,518
43,medium,deepseekv4_attnmhc_dnd,wikitext2,1638400,4,5,503
43,medium,deepseekv4_attnmhc_dnd,wikitext2,1638400,4,6,507
43,medium,deepseekv4_attnmhc_dnd,wikitext2,1638400,4,7,532
43,medium,deepseekv4_attnmhc_dnd,wikitext2,1638400,5,0,503
43,medium,deepseekv4_attnmhc_dnd,wikitext2,1638400,5,1,514
43,medium,deepseekv4_attnmhc_dnd,wikitext2,1638400,5,2,514
43,medium,deepseekv4_attnmhc_dnd,wikitext2,1638400,5,3,526
43,medium,deepseekv4_attnmhc_dnd,wikitext2,1638400,5,4,468
43,medium,deepseekv4_attnmhc_dnd,wikitext2,1638400,5,5,535
43,medium,deepseekv4_attnmhc_dnd,wikitext2,1638400,5,6,527
43,medium,deepseekv4_attnmhc_dnd,wikitext2,1638400,5,7,509
43,medium,deepseekv4_attnmhc_dnd,wikitext2,1843200,0,0,333
43,medium,deepseekv4_attnmhc_dnd,wikitext2,1843200,0,1,234
43,medium,deepseekv4_attnmhc_dnd,wikitext2,1843200,0,2,379
43,medium,deepseekv4_attnmhc_dnd,wikitext2,1843200,0,3,957
43,medium,deepseekv4_attnmhc_dnd,wikitext2,1843200,0,4,401
43,medium,deepseekv4_attnmhc_dnd,wikitext2,1843200,0,5,637
43,medium,deepseekv4_attnmhc_dnd,wikitext2,1843200,0,6,279
43,medium,deepseekv4_attnmhc_dnd,wikitext2,1843200,0,7,876
43,medium,deepseekv4_attnmhc_dnd,wikitext2,1843200,1,0,336
43,medium,deepseekv4_attnmhc_dnd,wikitext2,1843200,1,1,394
43,medium,deepseekv4_attnmhc_dnd,wikitext2,1843200,1,2,1082
43,medium,deepseekv4_attnmhc_dnd,wikitext2,1843200,1,3,589
43,medium,deepseekv4_attnmhc_dnd,wikitext2,1843200,1,4,599
43,medium,deepseekv4_attnmhc_dnd,wikitext2,1843200,1,5,299
43,medium,deepseekv4_attnmhc_dnd,wikitext2,1843200,1,6,417
43,medium,deepseekv4_attnmhc_dnd,wikitext2,1843200,1,7,380
43,medium,deepseekv4_attnmhc_dnd,wikitext2,1843200,2,0,492
43,medium,deepseekv4_attnmhc_dnd,wikitext2,1843200,2,1,487
43,medium,deepseekv4_attnmhc_dnd,wikitext2,1843200,2,2,548
43,medium,deepseekv4_attnmhc_dnd,wikitext2,1843200,2,3,526
43,medium,deepseekv4_attnmhc_dnd,wikitext2,1843200,2,4,519
43,medium,deepseekv4_attnmhc_dnd,wikitext2,1843200,2,5,523
43,medium,deepseekv4_attnmhc_dnd,wikitext2,1843200,2,6,526
43,medium,deepseekv4_attnmhc_dnd,wikitext2,1843200,2,7,475
43,medium,deepseekv4_attnmhc_dnd,wikitext2,1843200,3,0,487
43,medium,deepseekv4_attnmhc_dnd,wikitext2,1843200,3,1,490
43,medium,deepseekv4_attnmhc_dnd,wikitext2,1843200,3,2,501
43,medium,deepseekv4_attnmhc_dnd,wikitext2,1843200,3,3,524
43,medium,deepseekv4_attnmhc_dnd,wikitext2,1843200,3,4,519
43,medium,deepseekv4_attnmhc_dnd,wikitext2,1843200,3,5,497
43,medium,deepseekv4_attnmhc_dnd,wikitext2,1843200,3,6,521
43,medium,deepseekv4_attnmhc_dnd,wikitext2,1843200,3,7,557
43,medium,deepseekv4_attnmhc_dnd,wikitext2,1843200,4,0,529
43,medium,deepseekv4_attnmhc_dnd,wikitext2,1843200,4,1,493
43,medium,deepseekv4_attnmhc_dnd,wikitext2,1843200,4,2,516
43,medium,deepseekv4_attnmhc_dnd,wikitext2,1843200,4,3,488
43,medium,deepseekv4_attnmhc_dnd,wikitext2,1843200,4,4,491
43,medium,deepseekv4_attnmhc_dnd,wikitext2,1843200,4,5,536
43,medium,deepseekv4_attnmhc_dnd,wikitext2,1843200,4,6,575
43,medium,deepseekv4_attnmhc_dnd,wikitext2,1843200,4,7,468
43,medium,deepseekv4_attnmhc_dnd,wikitext2,1843200,5,0,510
43,medium,deepseekv4_attnmhc_dnd,wikitext2,1843200,5,1,529
43,medium,deepseekv4_attnmhc_dnd,wikitext2,1843200,5,2,569
43,medium,deepseekv4_attnmhc_dnd,wikitext2,1843200,5,3,483
43,medium,deepseekv4_attnmhc_dnd,wikitext2,1843200,5,4,521
43,medium,deepseekv4_attnmhc_dnd,wikitext2,1843200,5,5,514
43,medium,deepseekv4_attnmhc_dnd,wikitext2,1843200,5,6,458
43,medium,deepseekv4_attnmhc_dnd,wikitext2,1843200,5,7,512
43,medium,deepseekv4_attnmhc_dnd,wikitext2,2048000,0,0,316
43,medium,deepseekv4_attnmhc_dnd,wikitext2,2048000,0,1,231
43,medium,deepseekv4_attnmhc_dnd,wikitext2,2048000,0,2,366
43,medium,deepseekv4_attnmhc_dnd,wikitext2,2048000,0,3,956
43,medium,deepseekv4_attnmhc_dnd,wikitext2,2048000,0,4,377
43,medium,deepseekv4_attnmhc_dnd,wikitext2,2048000,0,5,695
43,medium,deepseekv4_attnmhc_dnd,wikitext2,2048000,0,6,256
43,medium,deepseekv4_attnmhc_dnd,wikitext2,2048000,0,7,899
43,medium,deepseekv4_attnmhc_dnd,wikitext2,2048000,1,0,302
43,medium,deepseekv4_attnmhc_dnd,wikitext2,2048000,1,1,395
43,medium,deepseekv4_attnmhc_dnd,wikitext2,2048000,1,2,1046
43,medium,deepseekv4_attnmhc_dnd,wikitext2,2048000,1,3,578
43,medium,deepseekv4_attnmhc_dnd,wikitext2,2048000,1,4,619
43,medium,deepseekv4_attnmhc_dnd,wikitext2,2048000,1,5,245
43,medium,deepseekv4_attnmhc_dnd,wikitext2,2048000,1,6,486
43,medium,deepseekv4_attnmhc_dnd,wikitext2,2048000,1,7,425
43,medium,deepseekv4_attnmhc_dnd,wikitext2,2048000,2,0,545
43,medium,deepseekv4_attnmhc_dnd,wikitext2,2048000,2,1,485
43,medium,deepseekv4_attnmhc_dnd,wikitext2,2048000,2,2,562
43,medium,deepseekv4_attnmhc_dnd,wikitext2,2048000,2,3,492
43,medium,deepseekv4_attnmhc_dnd,wikitext2,2048000,2,4,498
43,medium,deepseekv4_attnmhc_dnd,wikitext2,2048000,2,5,504
43,medium,deepseekv4_attnmhc_dnd,wikitext2,2048000,2,6,499
43,medium,deepseekv4_attnmhc_dnd,wikitext2,2048000,2,7,511
43,medium,deepseekv4_attnmhc_dnd,wikitext2,2048000,3,0,520
43,medium,deepseekv4_attnmhc_dnd,wikitext2,2048000,3,1,502
43,medium,deepseekv4_attnmhc_dnd,wikitext2,2048000,3,2,520
43,medium,deepseekv4_attnmhc_dnd,wikitext2,2048000,3,3,516
43,medium,deepseekv4_attnmhc_dnd,wikitext2,2048000,3,4,505
43,medium,deepseekv4_attnmhc_dnd,wikitext2,2048000,3,5,494
43,medium,deepseekv4_attnmhc_dnd,wikitext2,2048000,3,6,535
43,medium,deepseekv4_attnmhc_dnd,wikitext2,2048000,3,7,504
43,medium,deepseekv4_attnmhc_dnd,wikitext2,2048000,4,0,497
43,medium,deepseekv4_attnmhc_dnd,wikitext2,2048000,4,1,543
43,medium,deepseekv4_attnmhc_dnd,wikitext2,2048000,4,2,449
43,medium,deepseekv4_attnmhc_dnd,wikitext2,2048000,4,3,628
43,medium,deepseekv4_attnmhc_dnd,wikitext2,2048000,4,4,501
43,medium,deepseekv4_attnmhc_dnd,wikitext2,2048000,4,5,435
43,medium,deepseekv4_attnmhc_dnd,wikitext2,2048000,4,6,479
43,medium,deepseekv4_attnmhc_dnd,wikitext2,2048000,4,7,564
43,medium,deepseekv4_attnmhc_dnd,wikitext2,2048000,5,0,505
43,medium,deepseekv4_attnmhc_dnd,wikitext2,2048000,5,1,503
43,medium,deepseekv4_attnmhc_dnd,wikitext2,2048000,5,2,475
43,medium,deepseekv4_attnmhc_dnd,wikitext2,2048000,5,3,510
43,medium,deepseekv4_attnmhc_dnd,wikitext2,2048000,5,4,531
43,medium,deepseekv4_attnmhc_dnd,wikitext2,2048000,5,5,500
43,medium,deepseekv4_attnmhc_dnd,wikitext2,2048000,5,6,498
43,medium,deepseekv4_attnmhc_dnd,wikitext2,2048000,5,7,574
44,medium,deepseekv4_attnmhc_dnd,wikitext2,2048,0,0,327
44,medium,deepseekv4_attnmhc_dnd,wikitext2,2048,0,1,224
44,medium,deepseekv4_attnmhc_dnd,wikitext2,2048,0,2,359
44,medium,deepseekv4_attnmhc_dnd,wikitext2,2048,0,3,957
44,medium,deepseekv4_attnmhc_dnd,wikitext2,2048,0,4,400
44,medium,deepseekv4_attnmhc_dnd,wikitext2,2048,0,5,689
44,medium,deepseekv4_attnmhc_dnd,wikitext2,2048,0,6,239
44,medium,deepseekv4_attnmhc_dnd,wikitext2,2048,0,7,901
44,medium,deepseekv4_attnmhc_dnd,wikitext2,2048,1,0,322
44,medium,deepseekv4_attnmhc_dnd,wikitext2,2048,1,1,373
44,medium,deepseekv4_attnmhc_dnd,wikitext2,2048,1,2,1040
44,medium,deepseekv4_attnmhc_dnd,wikitext2,2048,1,3,618
44,medium,deepseekv4_attnmhc_dnd,wikitext2,2048,1,4,615
44,medium,deepseekv4_attnmhc_dnd,wikitext2,2048,1,5,274
44,medium,deepseekv4_attnmhc_dnd,wikitext2,2048,1,6,471
44,medium,deepseekv4_attnmhc_dnd,wikitext2,2048,1,7,383
44,medium,deepseekv4_attnmhc_dnd,wikitext2,2048,2,0,739
44,medium,deepseekv4_attnmhc_dnd,wikitext2,2048,2,1,466
44,medium,deepseekv4_attnmhc_dnd,wikitext2,2048,2,2,321
44,medium,deepseekv4_attnmhc_dnd,wikitext2,2048,2,3,604
44,medium,deepseekv4_attnmhc_dnd,wikitext2,2048,2,4,196
44,medium,deepseekv4_attnmhc_dnd,wikitext2,2048,2,5,718
44,medium,deepseekv4_attnmhc_dnd,wikitext2,2048,2,6,426
44,medium,deepseekv4_attnmhc_dnd,wikitext2,2048,2,7,626
44,medium,deepseekv4_attnmhc_dnd,wikitext2,2048,3,0,210
44,medium,deepseekv4_attnmhc_dnd,wikitext2,2048,3,1,228
44,medium,deepseekv4_attnmhc_dnd,wikitext2,2048,3,2,753
44,medium,deepseekv4_attnmhc_dnd,wikitext2,2048,3,3,337
44,medium,deepseekv4_attnmhc_dnd,wikitext2,2048,3,4,1212
44,medium,deepseekv4_attnmhc_dnd,wikitext2,2048,3,5,696
44,medium,deepseekv4_attnmhc_dnd,wikitext2,2048,3,6,288
44,medium,deepseekv4_attnmhc_dnd,wikitext2,2048,3,7,372
44,medium,deepseekv4_attnmhc_dnd,wikitext2,2048,4,0,785
44,medium,deepseekv4_attnmhc_dnd,wikitext2,2048,4,1,604
44,medium,deepseekv4_attnmhc_dnd,wikitext2,2048,4,2,445
44,medium,deepseekv4_attnmhc_dnd,wikitext2,2048,4,3,576
44,medium,deepseekv4_attnmhc_dnd,wikitext2,2048,4,4,182
44,medium,deepseekv4_attnmhc_dnd,wikitext2,2048,4,5,317
44,medium,deepseekv4_attnmhc_dnd,wikitext2,2048,4,6,775
44,medium,deepseekv4_attnmhc_dnd,wikitext2,2048,4,7,412
44,medium,deepseekv4_attnmhc_dnd,wikitext2,2048,5,0,344
44,medium,deepseekv4_attnmhc_dnd,wikitext2,2048,5,1,724
44,medium,deepseekv4_attnmhc_dnd,wikitext2,2048,5,2,156
44,medium,deepseekv4_attnmhc_dnd,wikitext2,2048,5,3,429
44,medium,deepseekv4_attnmhc_dnd,wikitext2,2048,5,4,932
44,medium,deepseekv4_attnmhc_dnd,wikitext2,2048,5,5,831
44,medium,deepseekv4_attnmhc_dnd,wikitext2,2048,5,6,316
44,medium,deepseekv4_attnmhc_dnd,wikitext2,2048,5,7,364
44,medium,deepseekv4_attnmhc_dnd,wikitext2,204800,0,0,347
44,medium,deepseekv4_attnmhc_dnd,wikitext2,204800,0,1,254
44,medium,deepseekv4_attnmhc_dnd,wikitext2,204800,0,2,378
44,medium,deepseekv4_attnmhc_dnd,wikitext2,204800,0,3,936
44,medium,deepseekv4_attnmhc_dnd,wikitext2,204800,0,4,427
44,medium,deepseekv4_attnmhc_dnd,wikitext2,204800,0,5,667
44,medium,deepseekv4_attnmhc_dnd,wikitext2,204800,0,6,240
44,medium,deepseekv4_attnmhc_dnd,wikitext2,204800,0,7,847
44,medium,deepseekv4_attnmhc_dnd,wikitext2,204800,1,0,316
44,medium,deepseekv4_attnmhc_dnd,wikitext2,204800,1,1,392
44,medium,deepseekv4_attnmhc_dnd,wikitext2,204800,1,2,1068
44,medium,deepseekv4_attnmhc_dnd,wikitext2,204800,1,3,596
44,medium,deepseekv4_attnmhc_dnd,wikitext2,204800,1,4,621
44,medium,deepseekv4_attnmhc_dnd,wikitext2,204800,1,5,245
44,medium,deepseekv4_attnmhc_dnd,wikitext2,204800,1,6,464
44,medium,deepseekv4_attnmhc_dnd,wikitext2,204800,1,7,394
44,medium,deepseekv4_attnmhc_dnd,wikitext2,204800,2,0,376
44,medium,deepseekv4_attnmhc_dnd,wikitext2,204800,2,1,462
44,medium,deepseekv4_attnmhc_dnd,wikitext2,204800,2,2,582
44,medium,deepseekv4_attnmhc_dnd,wikitext2,204800,2,3,555
44,medium,deepseekv4_attnmhc_dnd,wikitext2,204800,2,4,623
44,medium,deepseekv4_attnmhc_dnd,wikitext2,204800,2,5,524
44,medium,deepseekv4_attnmhc_dnd,wikitext2,204800,2,6,457
44,medium,deepseekv4_attnmhc_dnd,wikitext2,204800,2,7,517
44,medium,deepseekv4_attnmhc_dnd,wikitext2,204800,3,0,520
44,medium,deepseekv4_attnmhc_dnd,wikitext2,204800,3,1,520
44,medium,deepseekv4_attnmhc_dnd,wikitext2,204800,3,2,534
44,medium,deepseekv4_attnmhc_dnd,wikitext2,204800,3,3,361
44,medium,deepseekv4_attnmhc_dnd,wikitext2,204800,3,4,517
44,medium,deepseekv4_attnmhc_dnd,wikitext2,204800,3,5,581
44,medium,deepseekv4_attnmhc_dnd,wikitext2,204800,3,6,605
44,medium,deepseekv4_attnmhc_dnd,wikitext2,204800,3,7,458
44,medium,deepseekv4_attnmhc_dnd,wikitext2,204800,4,0,693
44,medium,deepseekv4_attnmhc_dnd,wikitext2,204800,4,1,568
44,medium,deepseekv4_attnmhc_dnd,wikitext2,204800,4,2,342
44,medium,deepseekv4_attnmhc_dnd,wikitext2,204800,4,3,660
44,medium,deepseekv4_attnmhc_dnd,wikitext2,204800,4,4,371
44,medium,deepseekv4_attnmhc_dnd,wikitext2,204800,4,5,632
44,medium,deepseekv4_attnmhc_dnd,wikitext2,204800,4,6,485
44,medium,deepseekv4_attnmhc_dnd,wikitext2,204800,4,7,345
44,medium,deepseekv4_attnmhc_dnd,wikitext2,204800,5,0,608
44,medium,deepseekv4_attnmhc_dnd,wikitext2,204800,5,1,527
44,medium,deepseekv4_attnmhc_dnd,wikitext2,204800,5,2,279
44,medium,deepseekv4_attnmhc_dnd,wikitext2,204800,5,3,723
44,medium,deepseekv4_attnmhc_dnd,wikitext2,204800,5,4,564
44,medium,deepseekv4_attnmhc_dnd,wikitext2,204800,5,5,319
44,medium,deepseekv4_attnmhc_dnd,wikitext2,204800,5,6,424
44,medium,deepseekv4_attnmhc_dnd,wikitext2,204800,5,7,652
44,medium,deepseekv4_attnmhc_dnd,wikitext2,409600,0,0,318
44,medium,deepseekv4_attnmhc_dnd,wikitext2,409600,0,1,242
44,medium,deepseekv4_attnmhc_dnd,wikitext2,409600,0,2,376
44,medium,deepseekv4_attnmhc_dnd,wikitext2,409600,0,3,953
44,medium,deepseekv4_attnmhc_dnd,wikitext2,409600,0,4,396
44,medium,deepseekv4_attnmhc_dnd,wikitext2,409600,0,5,676
44,medium,deepseekv4_attnmhc_dnd,wikitext2,409600,0,6,250
44,medium,deepseekv4_attnmhc_dnd,wikitext2,409600,0,7,885
44,medium,deepseekv4_attnmhc_dnd,wikitext2,409600,1,0,294
44,medium,deepseekv4_attnmhc_dnd,wikitext2,409600,1,1,374
44,medium,deepseekv4_attnmhc_dnd,wikitext2,409600,1,2,1052
44,medium,deepseekv4_attnmhc_dnd,wikitext2,409600,1,3,624
44,medium,deepseekv4_attnmhc_dnd,wikitext2,409600,1,4,608
44,medium,deepseekv4_attnmhc_dnd,wikitext2,409600,1,5,283
44,medium,deepseekv4_attnmhc_dnd,wikitext2,409600,1,6,477
44,medium,deepseekv4_attnmhc_dnd,wikitext2,409600,1,7,384
44,medium,deepseekv4_attnmhc_dnd,wikitext2,409600,2,0,465
44,medium,deepseekv4_attnmhc_dnd,wikitext2,409600,2,1,516
44,medium,deepseekv4_attnmhc_dnd,wikitext2,409600,2,2,533
44,medium,deepseekv4_attnmhc_dnd,wikitext2,409600,2,3,484
44,medium,deepseekv4_attnmhc_dnd,wikitext2,409600,2,4,513
44,medium,deepseekv4_attnmhc_dnd,wikitext2,409600,2,5,499
44,medium,deepseekv4_attnmhc_dnd,wikitext2,409600,2,6,563
44,medium,deepseekv4_attnmhc_dnd,wikitext2,409600,2,7,523
44,medium,deepseekv4_attnmhc_dnd,wikitext2,409600,3,0,538
44,medium,deepseekv4_attnmhc_dnd,wikitext2,409600,3,1,529
44,medium,deepseekv4_attnmhc_dnd,wikitext2,409600,3,2,484
44,medium,deepseekv4_attnmhc_dnd,wikitext2,409600,3,3,473
44,medium,deepseekv4_attnmhc_dnd,wikitext2,409600,3,4,537
44,medium,deepseekv4_attnmhc_dnd,wikitext2,409600,3,5,620
44,medium,deepseekv4_attnmhc_dnd,wikitext2,409600,3,6,474
44,medium,deepseekv4_attnmhc_dnd,wikitext2,409600,3,7,441
44,medium,deepseekv4_attnmhc_dnd,wikitext2,409600,4,0,421
44,medium,deepseekv4_attnmhc_dnd,wikitext2,409600,4,1,502
44,medium,deepseekv4_attnmhc_dnd,wikitext2,409600,4,2,585
44,medium,deepseekv4_attnmhc_dnd,wikitext2,409600,4,3,573
44,medium,deepseekv4_attnmhc_dnd,wikitext2,409600,4,4,565
44,medium,deepseekv4_attnmhc_dnd,wikitext2,409600,4,5,519
44,medium,deepseekv4_attnmhc_dnd,wikitext2,409600,4,6,365
44,medium,deepseekv4_attnmhc_dnd,wikitext2,409600,4,7,566
44,medium,deepseekv4_attnmhc_dnd,wikitext2,409600,5,0,657
44,medium,deepseekv4_attnmhc_dnd,wikitext2,409600,5,1,571
44,medium,deepseekv4_attnmhc_dnd,wikitext2,409600,5,2,420
44,medium,deepseekv4_attnmhc_dnd,wikitext2,409600,5,3,356
44,medium,deepseekv4_attnmhc_dnd,wikitext2,409600,5,4,517
44,medium,deepseekv4_attnmhc_dnd,wikitext2,409600,5,5,533
44,medium,deepseekv4_attnmhc_dnd,wikitext2,409600,5,6,621
44,medium,deepseekv4_attnmhc_dnd,wikitext2,409600,5,7,421
44,medium,deepseekv4_attnmhc_dnd,wikitext2,614400,0,0,318
44,medium,deepseekv4_attnmhc_dnd,wikitext2,614400,0,1,264
44,medium,deepseekv4_attnmhc_dnd,wikitext2,614400,0,2,388
44,medium,deepseekv4_attnmhc_dnd,wikitext2,614400,0,3,945
44,medium,deepseekv4_attnmhc_dnd,wikitext2,614400,0,4,392
44,medium,deepseekv4_attnmhc_dnd,wikitext2,614400,0,5,650
44,medium,deepseekv4_attnmhc_dnd,wikitext2,614400,0,6,258
44,medium,deepseekv4_attnmhc_dnd,wikitext2,614400,0,7,881
44,medium,deepseekv4_attnmhc_dnd,wikitext2,614400,1,0,304
44,medium,deepseekv4_attnmhc_dnd,wikitext2,614400,1,1,402
44,medium,deepseekv4_attnmhc_dnd,wikitext2,614400,1,2,1059
44,medium,deepseekv4_attnmhc_dnd,wikitext2,614400,1,3,608
44,medium,deepseekv4_attnmhc_dnd,wikitext2,614400,1,4,648
44,medium,deepseekv4_attnmhc_dnd,wikitext2,614400,1,5,262
44,medium,deepseekv4_attnmhc_dnd,wikitext2,614400,1,6,450
44,medium,deepseekv4_attnmhc_dnd,wikitext2,614400,1,7,363
44,medium,deepseekv4_attnmhc_dnd,wikitext2,614400,2,0,474
44,medium,deepseekv4_attnmhc_dnd,wikitext2,614400,2,1,541
44,medium,deepseekv4_attnmhc_dnd,wikitext2,614400,2,2,570
44,medium,deepseekv4_attnmhc_dnd,wikitext2,614400,2,3,485
44,medium,deepseekv4_attnmhc_dnd,wikitext2,614400,2,4,495
44,medium,deepseekv4_attnmhc_dnd,wikitext2,614400,2,5,438
44,medium,deepseekv4_attnmhc_dnd,wikitext2,614400,2,6,568
44,medium,deepseekv4_attnmhc_dnd,wikitext2,614400,2,7,525
44,medium,deepseekv4_attnmhc_dnd,wikitext2,614400,3,0,519
44,medium,deepseekv4_attnmhc_dnd,wikitext2,614400,3,1,526
44,medium,deepseekv4_attnmhc_dnd,wikitext2,614400,3,2,479
44,medium,deepseekv4_attnmhc_dnd,wikitext2,614400,3,3,460
44,medium,deepseekv4_attnmhc_dnd,wikitext2,614400,3,4,605
44,medium,deepseekv4_attnmhc_dnd,wikitext2,614400,3,5,587
44,medium,deepseekv4_attnmhc_dnd,wikitext2,614400,3,6,444
44,medium,deepseekv4_attnmhc_dnd,wikitext2,614400,3,7,476
44,medium,deepseekv4_attnmhc_dnd,wikitext2,614400,4,0,542
44,medium,deepseekv4_attnmhc_dnd,wikitext2,614400,4,1,477
44,medium,deepseekv4_attnmhc_dnd,wikitext2,614400,4,2,518
44,medium,deepseekv4_attnmhc_dnd,wikitext2,614400,4,3,525
44,medium,deepseekv4_attnmhc_dnd,wikitext2,614400,4,4,482
44,medium,deepseekv4_attnmhc_dnd,wikitext2,614400,4,5,589
44,medium,deepseekv4_attnmhc_dnd,wikitext2,614400,4,6,422
44,medium,deepseekv4_attnmhc_dnd,wikitext2,614400,4,7,541
44,medium,deepseekv4_attnmhc_dnd,wikitext2,614400,5,0,540
44,medium,deepseekv4_attnmhc_dnd,wikitext2,614400,5,1,562
44,medium,deepseekv4_attnmhc_dnd,wikitext2,614400,5,2,610
44,medium,deepseekv4_attnmhc_dnd,wikitext2,614400,5,3,394
44,medium,deepseekv4_attnmhc_dnd,wikitext2,614400,5,4,562
44,medium,deepseekv4_attnmhc_dnd,wikitext2,614400,5,5,515
44,medium,deepseekv4_attnmhc_dnd,wikitext2,614400,5,6,530
44,medium,deepseekv4_attnmhc_dnd,wikitext2,614400,5,7,383
44,medium,deepseekv4_attnmhc_dnd,wikitext2,819200,0,0,354
44,medium,deepseekv4_attnmhc_dnd,wikitext2,819200,0,1,236
44,medium,deepseekv4_attnmhc_dnd,wikitext2,819200,0,2,359
44,medium,deepseekv4_attnmhc_dnd,wikitext2,819200,0,3,960
44,medium,deepseekv4_attnmhc_dnd,wikitext2,819200,0,4,400
44,medium,deepseekv4_attnmhc_dnd,wikitext2,819200,0,5,678
44,medium,deepseekv4_attnmhc_dnd,wikitext2,819200,0,6,243
44,medium,deepseekv4_attnmhc_dnd,wikitext2,819200,0,7,866
44,medium,deepseekv4_attnmhc_dnd,wikitext2,819200,1,0,332
44,medium,deepseekv4_attnmhc_dnd,wikitext2,819200,1,1,372
44,medium,deepseekv4_attnmhc_dnd,wikitext2,819200,1,2,1070
44,medium,deepseekv4_attnmhc_dnd,wikitext2,819200,1,3,604
44,medium,deepseekv4_attnmhc_dnd,wikitext2,819200,1,4,628
44,medium,deepseekv4_attnmhc_dnd,wikitext2,819200,1,5,260
44,medium,deepseekv4_attnmhc_dnd,wikitext2,819200,1,6,446
44,medium,deepseekv4_attnmhc_dnd,wikitext2,819200,1,7,384
44,medium,deepseekv4_attnmhc_dnd,wikitext2,819200,2,0,534
44,medium,deepseekv4_attnmhc_dnd,wikitext2,819200,2,1,510
44,medium,deepseekv4_attnmhc_dnd,wikitext2,819200,2,2,506
44,medium,deepseekv4_attnmhc_dnd,wikitext2,819200,2,3,463
44,medium,deepseekv4_attnmhc_dnd,wikitext2,819200,2,4,562
44,medium,deepseekv4_attnmhc_dnd,wikitext2,819200,2,5,509
44,medium,deepseekv4_attnmhc_dnd,wikitext2,819200,2,6,504
44,medium,deepseekv4_attnmhc_dnd,wikitext2,819200,2,7,508
44,medium,deepseekv4_attnmhc_dnd,wikitext2,819200,3,0,493
44,medium,deepseekv4_attnmhc_dnd,wikitext2,819200,3,1,514
44,medium,deepseekv4_attnmhc_dnd,wikitext2,819200,3,2,574
44,medium,deepseekv4_attnmhc_dnd,wikitext2,819200,3,3,509
44,medium,deepseekv4_attnmhc_dnd,wikitext2,819200,3,4,556
44,medium,deepseekv4_attnmhc_dnd,wikitext2,819200,3,5,494
44,medium,deepseekv4_attnmhc_dnd,wikitext2,819200,3,6,490
44,medium,deepseekv4_attnmhc_dnd,wikitext2,819200,3,7,466
44,medium,deepseekv4_attnmhc_dnd,wikitext2,819200,4,0,472
44,medium,deepseekv4_attnmhc_dnd,wikitext2,819200,4,1,480
44,medium,deepseekv4_attnmhc_dnd,wikitext2,819200,4,2,586
44,medium,deepseekv4_attnmhc_dnd,wikitext2,819200,4,3,467
44,medium,deepseekv4_attnmhc_dnd,wikitext2,819200,4,4,518
44,medium,deepseekv4_attnmhc_dnd,wikitext2,819200,4,5,534
44,medium,deepseekv4_attnmhc_dnd,wikitext2,819200,4,6,482
44,medium,deepseekv4_attnmhc_dnd,wikitext2,819200,4,7,557
44,medium,deepseekv4_attnmhc_dnd,wikitext2,819200,5,0,549
44,medium,deepseekv4_attnmhc_dnd,wikitext2,819200,5,1,508
44,medium,deepseekv4_attnmhc_dnd,wikitext2,819200,5,2,496
44,medium,deepseekv4_attnmhc_dnd,wikitext2,819200,5,3,520
44,medium,deepseekv4_attnmhc_dnd,wikitext2,819200,5,4,554
44,medium,deepseekv4_attnmhc_dnd,wikitext2,819200,5,5,540
44,medium,deepseekv4_attnmhc_dnd,wikitext2,819200,5,6,468
44,medium,deepseekv4_attnmhc_dnd,wikitext2,819200,5,7,461
44,medium,deepseekv4_attnmhc_dnd,wikitext2,1024000,0,0,308
44,medium,deepseekv4_attnmhc_dnd,wikitext2,1024000,0,1,236
44,medium,deepseekv4_attnmhc_dnd,wikitext2,1024000,0,2,389
44,medium,deepseekv4_attnmhc_dnd,wikitext2,1024000,0,3,969
44,medium,deepseekv4_attnmhc_dnd,wikitext2,1024000,0,4,409
44,medium,deepseekv4_attnmhc_dnd,wikitext2,1024000,0,5,645
44,medium,deepseekv4_attnmhc_dnd,wikitext2,1024000,0,6,245
44,medium,deepseekv4_attnmhc_dnd,wikitext2,1024000,0,7,895
44,medium,deepseekv4_attnmhc_dnd,wikitext2,1024000,1,0,334
44,medium,deepseekv4_attnmhc_dnd,wikitext2,1024000,1,1,386
44,medium,deepseekv4_attnmhc_dnd,wikitext2,1024000,1,2,1066
44,medium,deepseekv4_attnmhc_dnd,wikitext2,1024000,1,3,598
44,medium,deepseekv4_attnmhc_dnd,wikitext2,1024000,1,4,602
44,medium,deepseekv4_attnmhc_dnd,wikitext2,1024000,1,5,290
44,medium,deepseekv4_attnmhc_dnd,wikitext2,1024000,1,6,437
44,medium,deepseekv4_attnmhc_dnd,wikitext2,1024000,1,7,383
44,medium,deepseekv4_attnmhc_dnd,wikitext2,1024000,2,0,464
44,medium,deepseekv4_attnmhc_dnd,wikitext2,1024000,2,1,532
44,medium,deepseekv4_attnmhc_dnd,wikitext2,1024000,2,2,500
44,medium,deepseekv4_attnmhc_dnd,wikitext2,1024000,2,3,535
44,medium,deepseekv4_attnmhc_dnd,wikitext2,1024000,2,4,528
44,medium,deepseekv4_attnmhc_dnd,wikitext2,1024000,2,5,527
44,medium,deepseekv4_attnmhc_dnd,wikitext2,1024000,2,6,517
44,medium,deepseekv4_attnmhc_dnd,wikitext2,1024000,2,7,493
44,medium,deepseekv4_attnmhc_dnd,wikitext2,1024000,3,0,515
44,medium,deepseekv4_attnmhc_dnd,wikitext2,1024000,3,1,527
44,medium,deepseekv4_attnmhc_dnd,wikitext2,1024000,3,2,506
44,medium,deepseekv4_attnmhc_dnd,wikitext2,1024000,3,3,504
44,medium,deepseekv4_attnmhc_dnd,wikitext2,1024000,3,4,467
44,medium,deepseekv4_attnmhc_dnd,wikitext2,1024000,3,5,594
44,medium,deepseekv4_attnmhc_dnd,wikitext2,1024000,3,6,555
44,medium,deepseekv4_attnmhc_dnd,wikitext2,1024000,3,7,428
44,medium,deepseekv4_attnmhc_dnd,wikitext2,1024000,4,0,562
44,medium,deepseekv4_attnmhc_dnd,wikitext2,1024000,4,1,492
44,medium,deepseekv4_attnmhc_dnd,wikitext2,1024000,4,2,545
44,medium,deepseekv4_attnmhc_dnd,wikitext2,1024000,4,3,448
44,medium,deepseekv4_attnmhc_dnd,wikitext2,1024000,4,4,561
44,medium,deepseekv4_attnmhc_dnd,wikitext2,1024000,4,5,526
44,medium,deepseekv4_attnmhc_dnd,wikitext2,1024000,4,6,476
44,medium,deepseekv4_attnmhc_dnd,wikitext2,1024000,4,7,486
44,medium,deepseekv4_attnmhc_dnd,wikitext2,1024000,5,0,501
44,medium,deepseekv4_attnmhc_dnd,wikitext2,1024000,5,1,539
44,medium,deepseekv4_attnmhc_dnd,wikitext2,1024000,5,2,452
44,medium,deepseekv4_attnmhc_dnd,wikitext2,1024000,5,3,521
44,medium,deepseekv4_attnmhc_dnd,wikitext2,1024000,5,4,507
44,medium,deepseekv4_attnmhc_dnd,wikitext2,1024000,5,5,489
44,medium,deepseekv4_attnmhc_dnd,wikitext2,1024000,5,6,568
44,medium,deepseekv4_attnmhc_dnd,wikitext2,1024000,5,7,519
44,medium,deepseekv4_attnmhc_dnd,wikitext2,1228800,0,0,322
44,medium,deepseekv4_attnmhc_dnd,wikitext2,1228800,0,1,220
44,medium,deepseekv4_attnmhc_dnd,wikitext2,1228800,0,2,387
44,medium,deepseekv4_attnmhc_dnd,wikitext2,1228800,0,3,934
44,medium,deepseekv4_attnmhc_dnd,wikitext2,1228800,0,4,400
44,medium,deepseekv4_attnmhc_dnd,wikitext2,1228800,0,5,652
44,medium,deepseekv4_attnmhc_dnd,wikitext2,1228800,0,6,255
44,medium,deepseekv4_attnmhc_dnd,wikitext2,1228800,0,7,926
44,medium,deepseekv4_attnmhc_dnd,wikitext2,1228800,1,0,347
44,medium,deepseekv4_attnmhc_dnd,wikitext2,1228800,1,1,389
44,medium,deepseekv4_attnmhc_dnd,wikitext2,1228800,1,2,1048
44,medium,deepseekv4_attnmhc_dnd,wikitext2,1228800,1,3,600
44,medium,deepseekv4_attnmhc_dnd,wikitext2,1228800,1,4,569
44,medium,deepseekv4_attnmhc_dnd,wikitext2,1228800,1,5,275
44,medium,deepseekv4_attnmhc_dnd,wikitext2,1228800,1,6,461
44,medium,deepseekv4_attnmhc_dnd,wikitext2,1228800,1,7,407
44,medium,deepseekv4_attnmhc_dnd,wikitext2,1228800,2,0,512
44,medium,deepseekv4_attnmhc_dnd,wikitext2,1228800,2,1,510
44,medium,deepseekv4_attnmhc_dnd,wikitext2,1228800,2,2,549
44,medium,deepseekv4_attnmhc_dnd,wikitext2,1228800,2,3,538
44,medium,deepseekv4_attnmhc_dnd,wikitext2,1228800,2,4,478
44,medium,deepseekv4_attnmhc_dnd,wikitext2,1228800,2,5,530
44,medium,deepseekv4_attnmhc_dnd,wikitext2,1228800,2,6,485
44,medium,deepseekv4_attnmhc_dnd,wikitext2,1228800,2,7,494
44,medium,deepseekv4_attnmhc_dnd,wikitext2,1228800,3,0,482
44,medium,deepseekv4_attnmhc_dnd,wikitext2,1228800,3,1,491
44,medium,deepseekv4_attnmhc_dnd,wikitext2,1228800,3,2,551
44,medium,deepseekv4_attnmhc_dnd,wikitext2,1228800,3,3,504
44,medium,deepseekv4_attnmhc_dnd,wikitext2,1228800,3,4,511
44,medium,deepseekv4_attnmhc_dnd,wikitext2,1228800,3,5,490
44,medium,deepseekv4_attnmhc_dnd,wikitext2,1228800,3,6,493
44,medium,deepseekv4_attnmhc_dnd,wikitext2,1228800,3,7,574
44,medium,deepseekv4_attnmhc_dnd,wikitext2,1228800,4,0,456
44,medium,deepseekv4_attnmhc_dnd,wikitext2,1228800,4,1,493
44,medium,deepseekv4_attnmhc_dnd,wikitext2,1228800,4,2,538
44,medium,deepseekv4_attnmhc_dnd,wikitext2,1228800,4,3,527
44,medium,deepseekv4_attnmhc_dnd,wikitext2,1228800,4,4,571
44,medium,deepseekv4_attnmhc_dnd,wikitext2,1228800,4,5,477
44,medium,deepseekv4_attnmhc_dnd,wikitext2,1228800,4,6,475
44,medium,deepseekv4_attnmhc_dnd,wikitext2,1228800,4,7,559
44,medium,deepseekv4_attnmhc_dnd,wikitext2,1228800,5,0,481
44,medium,deepseekv4_attnmhc_dnd,wikitext2,1228800,5,1,516
44,medium,deepseekv4_attnmhc_dnd,wikitext2,1228800,5,2,470
44,medium,deepseekv4_attnmhc_dnd,wikitext2,1228800,5,3,555
44,medium,deepseekv4_attnmhc_dnd,wikitext2,1228800,5,4,532
44,medium,deepseekv4_attnmhc_dnd,wikitext2,1228800,5,5,523
44,medium,deepseekv4_attnmhc_dnd,wikitext2,1228800,5,6,506
44,medium,deepseekv4_attnmhc_dnd,wikitext2,1228800,5,7,513
44,medium,deepseekv4_attnmhc_dnd,wikitext2,1433600,0,0,324
44,medium,deepseekv4_attnmhc_dnd,wikitext2,1433600,0,1,262
44,medium,deepseekv4_attnmhc_dnd,wikitext2,1433600,0,2,364
44,medium,deepseekv4_attnmhc_dnd,wikitext2,1433600,0,3,959
44,medium,deepseekv4_attnmhc_dnd,wikitext2,1433600,0,4,382
44,medium,deepseekv4_attnmhc_dnd,wikitext2,1433600,0,5,673
44,medium,deepseekv4_attnmhc_dnd,wikitext2,1433600,0,6,240
44,medium,deepseekv4_attnmhc_dnd,wikitext2,1433600,0,7,892
44,medium,deepseekv4_attnmhc_dnd,wikitext2,1433600,1,0,320
44,medium,deepseekv4_attnmhc_dnd,wikitext2,1433600,1,1,414
44,medium,deepseekv4_attnmhc_dnd,wikitext2,1433600,1,2,1043
44,medium,deepseekv4_attnmhc_dnd,wikitext2,1433600,1,3,582
44,medium,deepseekv4_attnmhc_dnd,wikitext2,1433600,1,4,625
44,medium,deepseekv4_attnmhc_dnd,wikitext2,1433600,1,5,245
44,medium,deepseekv4_attnmhc_dnd,wikitext2,1433600,1,6,461
44,medium,deepseekv4_attnmhc_dnd,wikitext2,1433600,1,7,406
44,medium,deepseekv4_attnmhc_dnd,wikitext2,1433600,2,0,539
44,medium,deepseekv4_attnmhc_dnd,wikitext2,1433600,2,1,478
44,medium,deepseekv4_attnmhc_dnd,wikitext2,1433600,2,2,502
44,medium,deepseekv4_attnmhc_dnd,wikitext2,1433600,2,3,514
44,medium,deepseekv4_attnmhc_dnd,wikitext2,1433600,2,4,534
44,medium,deepseekv4_attnmhc_dnd,wikitext2,1433600,2,5,507
44,medium,deepseekv4_attnmhc_dnd,wikitext2,1433600,2,6,516
44,medium,deepseekv4_attnmhc_dnd,wikitext2,1433600,2,7,506
44,medium,deepseekv4_attnmhc_dnd,wikitext2,1433600,3,0,517
44,medium,deepseekv4_attnmhc_dnd,wikitext2,1433600,3,1,526
44,medium,deepseekv4_attnmhc_dnd,wikitext2,1433600,3,2,531
44,medium,deepseekv4_attnmhc_dnd,wikitext2,1433600,3,3,466
44,medium,deepseekv4_attnmhc_dnd,wikitext2,1433600,3,4,484
44,medium,deepseekv4_attnmhc_dnd,wikitext2,1433600,3,5,552
44,medium,deepseekv4_attnmhc_dnd,wikitext2,1433600,3,6,514
44,medium,deepseekv4_attnmhc_dnd,wikitext2,1433600,3,7,506
44,medium,deepseekv4_attnmhc_dnd,wikitext2,1433600,4,0,458
44,medium,deepseekv4_attnmhc_dnd,wikitext2,1433600,4,1,506
44,medium,deepseekv4_attnmhc_dnd,wikitext2,1433600,4,2,513
44,medium,deepseekv4_attnmhc_dnd,wikitext2,1433600,4,3,491
44,medium,deepseekv4_attnmhc_dnd,wikitext2,1433600,4,4,538
44,medium,deepseekv4_attnmhc_dnd,wikitext2,1433600,4,5,548
44,medium,deepseekv4_attnmhc_dnd,wikitext2,1433600,4,6,511
44,medium,deepseekv4_attnmhc_dnd,wikitext2,1433600,4,7,531
44,medium,deepseekv4_attnmhc_dnd,wikitext2,1433600,5,0,490
44,medium,deepseekv4_attnmhc_dnd,wikitext2,1433600,5,1,498
44,medium,deepseekv4_attnmhc_dnd,wikitext2,1433600,5,2,559
44,medium,deepseekv4_attnmhc_dnd,wikitext2,1433600,5,3,507
44,medium,deepseekv4_attnmhc_dnd,wikitext2,1433600,5,4,472
44,medium,deepseekv4_attnmhc_dnd,wikitext2,1433600,5,5,491
44,medium,deepseekv4_attnmhc_dnd,wikitext2,1433600,5,6,476
44,medium,deepseekv4_attnmhc_dnd,wikitext2,1433600,5,7,603
44,medium,deepseekv4_attnmhc_dnd,wikitext2,1638400,0,0,326
44,medium,deepseekv4_attnmhc_dnd,wikitext2,1638400,0,1,221
44,medium,deepseekv4_attnmhc_dnd,wikitext2,1638400,0,2,351
44,medium,deepseekv4_attnmhc_dnd,wikitext2,1638400,0,3,977
44,medium,deepseekv4_attnmhc_dnd,wikitext2,1638400,0,4,368
44,medium,deepseekv4_attnmhc_dnd,wikitext2,1638400,0,5,728
44,medium,deepseekv4_attnmhc_dnd,wikitext2,1638400,0,6,230
44,medium,deepseekv4_attnmhc_dnd,wikitext2,1638400,0,7,895
44,medium,deepseekv4_attnmhc_dnd,wikitext2,1638400,1,0,314
44,medium,deepseekv4_attnmhc_dnd,wikitext2,1638400,1,1,352
44,medium,deepseekv4_attnmhc_dnd,wikitext2,1638400,1,2,1046
44,medium,deepseekv4_attnmhc_dnd,wikitext2,1638400,1,3,573
44,medium,deepseekv4_attnmhc_dnd,wikitext2,1638400,1,4,661
44,medium,deepseekv4_attnmhc_dnd,wikitext2,1638400,1,5,240
44,medium,deepseekv4_attnmhc_dnd,wikitext2,1638400,1,6,497
44,medium,deepseekv4_attnmhc_dnd,wikitext2,1638400,1,7,413
44,medium,deepseekv4_attnmhc_dnd,wikitext2,1638400,2,0,452
44,medium,deepseekv4_attnmhc_dnd,wikitext2,1638400,2,1,540
44,medium,deepseekv4_attnmhc_dnd,wikitext2,1638400,2,2,534
44,medium,deepseekv4_attnmhc_dnd,wikitext2,1638400,2,3,520
44,medium,deepseekv4_attnmhc_dnd,wikitext2,1638400,2,4,510
44,medium,deepseekv4_attnmhc_dnd,wikitext2,1638400,2,5,519
44,medium,deepseekv4_attnmhc_dnd,wikitext2,1638400,2,6,501
44,medium,deepseekv4_attnmhc_dnd,wikitext2,1638400,2,7,520
44,medium,deepseekv4_attnmhc_dnd,wikitext2,1638400,3,0,489
44,medium,deepseekv4_attnmhc_dnd,wikitext2,1638400,3,1,490
44,medium,deepseekv4_attnmhc_dnd,wikitext2,1638400,3,2,546
44,medium,deepseekv4_attnmhc_dnd,wikitext2,1638400,3,3,547
44,medium,deepseekv4_attnmhc_dnd,wikitext2,1638400,3,4,529
44,medium,deepseekv4_attnmhc_dnd,wikitext2,1638400,3,5,492
44,medium,deepseekv4_attnmhc_dnd,wikitext2,1638400,3,6,478
44,medium,deepseekv4_attnmhc_dnd,wikitext2,1638400,3,7,525
44,medium,deepseekv4_attnmhc_dnd,wikitext2,1638400,4,0,584
44,medium,deepseekv4_attnmhc_dnd,wikitext2,1638400,4,1,510
44,medium,deepseekv4_attnmhc_dnd,wikitext2,1638400,4,2,510
44,medium,deepseekv4_attnmhc_dnd,wikitext2,1638400,4,3,482
44,medium,deepseekv4_attnmhc_dnd,wikitext2,1638400,4,4,445
44,medium,deepseekv4_attnmhc_dnd,wikitext2,1638400,4,5,515
44,medium,deepseekv4_attnmhc_dnd,wikitext2,1638400,4,6,561
44,medium,deepseekv4_attnmhc_dnd,wikitext2,1638400,4,7,489
44,medium,deepseekv4_attnmhc_dnd,wikitext2,1638400,5,0,569
44,medium,deepseekv4_attnmhc_dnd,wikitext2,1638400,5,1,498
44,medium,deepseekv4_attnmhc_dnd,wikitext2,1638400,5,2,501
44,medium,deepseekv4_attnmhc_dnd,wikitext2,1638400,5,3,464
44,medium,deepseekv4_attnmhc_dnd,wikitext2,1638400,5,4,505
44,medium,deepseekv4_attnmhc_dnd,wikitext2,1638400,5,5,502
44,medium,deepseekv4_attnmhc_dnd,wikitext2,1638400,5,6,499
44,medium,deepseekv4_attnmhc_dnd,wikitext2,1638400,5,7,558
44,medium,deepseekv4_attnmhc_dnd,wikitext2,1843200,0,0,313
44,medium,deepseekv4_attnmhc_dnd,wikitext2,1843200,0,1,226
44,medium,deepseekv4_attnmhc_dnd,wikitext2,1843200,0,2,414
44,medium,deepseekv4_attnmhc_dnd,wikitext2,1843200,0,3,936
44,medium,deepseekv4_attnmhc_dnd,wikitext2,1843200,0,4,435
44,medium,deepseekv4_attnmhc_dnd,wikitext2,1843200,0,5,590
44,medium,deepseekv4_attnmhc_dnd,wikitext2,1843200,0,6,274
44,medium,deepseekv4_attnmhc_dnd,wikitext2,1843200,0,7,908
44,medium,deepseekv4_attnmhc_dnd,wikitext2,1843200,1,0,331
44,medium,deepseekv4_attnmhc_dnd,wikitext2,1843200,1,1,372
44,medium,deepseekv4_attnmhc_dnd,wikitext2,1843200,1,2,1100
44,medium,deepseekv4_attnmhc_dnd,wikitext2,1843200,1,3,635
44,medium,deepseekv4_attnmhc_dnd,wikitext2,1843200,1,4,647
44,medium,deepseekv4_attnmhc_dnd,wikitext2,1843200,1,5,260
44,medium,deepseekv4_attnmhc_dnd,wikitext2,1843200,1,6,425
44,medium,deepseekv4_attnmhc_dnd,wikitext2,1843200,1,7,326
44,medium,deepseekv4_attnmhc_dnd,wikitext2,1843200,2,0,522
44,medium,deepseekv4_attnmhc_dnd,wikitext2,1843200,2,1,497
44,medium,deepseekv4_attnmhc_dnd,wikitext2,1843200,2,2,494
44,medium,deepseekv4_attnmhc_dnd,wikitext2,1843200,2,3,478
44,medium,deepseekv4_attnmhc_dnd,wikitext2,1843200,2,4,486
44,medium,deepseekv4_attnmhc_dnd,wikitext2,1843200,2,5,557
44,medium,deepseekv4_attnmhc_dnd,wikitext2,1843200,2,6,556
44,medium,deepseekv4_attnmhc_dnd,wikitext2,1843200,2,7,506
44,medium,deepseekv4_attnmhc_dnd,wikitext2,1843200,3,0,547
44,medium,deepseekv4_attnmhc_dnd,wikitext2,1843200,3,1,472
44,medium,deepseekv4_attnmhc_dnd,wikitext2,1843200,3,2,460
44,medium,deepseekv4_attnmhc_dnd,wikitext2,1843200,3,3,566
44,medium,deepseekv4_attnmhc_dnd,wikitext2,1843200,3,4,502
44,medium,deepseekv4_attnmhc_dnd,wikitext2,1843200,3,5,526
44,medium,deepseekv4_attnmhc_dnd,wikitext2,1843200,3,6,486
44,medium,deepseekv4_attnmhc_dnd,wikitext2,1843200,3,7,537
44,medium,deepseekv4_attnmhc_dnd,wikitext2,1843200,4,0,462
44,medium,deepseekv4_attnmhc_dnd,wikitext2,1843200,4,1,524
44,medium,deepseekv4_attnmhc_dnd,wikitext2,1843200,4,2,503
44,medium,deepseekv4_attnmhc_dnd,wikitext2,1843200,4,3,543
44,medium,deepseekv4_attnmhc_dnd,wikitext2,1843200,4,4,561
44,medium,deepseekv4_attnmhc_dnd,wikitext2,1843200,4,5,501
44,medium,deepseekv4_attnmhc_dnd,wikitext2,1843200,4,6,501
44,medium,deepseekv4_attnmhc_dnd,wikitext2,1843200,4,7,501
44,medium,deepseekv4_attnmhc_dnd,wikitext2,1843200,5,0,529
44,medium,deepseekv4_attnmhc_dnd,wikitext2,1843200,5,1,516
44,medium,deepseekv4_attnmhc_dnd,wikitext2,1843200,5,2,497
44,medium,deepseekv4_attnmhc_dnd,wikitext2,1843200,5,3,539
44,medium,deepseekv4_attnmhc_dnd,wikitext2,1843200,5,4,528
44,medium,deepseekv4_attnmhc_dnd,wikitext2,1843200,5,5,510
44,medium,deepseekv4_attnmhc_dnd,wikitext2,1843200,5,6,484
44,medium,deepseekv4_attnmhc_dnd,wikitext2,1843200,5,7,493
44,medium,deepseekv4_attnmhc_dnd,wikitext2,2048000,0,0,314
44,medium,deepseekv4_attnmhc_dnd,wikitext2,2048000,0,1,265
44,medium,deepseekv4_attnmhc_dnd,wikitext2,2048000,0,2,366
44,medium,deepseekv4_attnmhc_dnd,wikitext2,2048000,0,3,968
44,medium,deepseekv4_attnmhc_dnd,wikitext2,2048000,0,4,419
44,medium,deepseekv4_attnmhc_dnd,wikitext2,2048000,0,5,675
44,medium,deepseekv4_attnmhc_dnd,wikitext2,2048000,0,6,211
44,medium,deepseekv4_attnmhc_dnd,wikitext2,2048000,0,7,878
44,medium,deepseekv4_attnmhc_dnd,wikitext2,2048000,1,0,332
44,medium,deepseekv4_attnmhc_dnd,wikitext2,2048000,1,1,373
44,medium,deepseekv4_attnmhc_dnd,wikitext2,2048000,1,2,1080
44,medium,deepseekv4_attnmhc_dnd,wikitext2,2048000,1,3,584
44,medium,deepseekv4_attnmhc_dnd,wikitext2,2048000,1,4,638
44,medium,deepseekv4_attnmhc_dnd,wikitext2,2048000,1,5,236
44,medium,deepseekv4_attnmhc_dnd,wikitext2,2048000,1,6,443
44,medium,deepseekv4_attnmhc_dnd,wikitext2,2048000,1,7,410
44,medium,deepseekv4_attnmhc_dnd,wikitext2,2048000,2,0,553
44,medium,deepseekv4_attnmhc_dnd,wikitext2,2048000,2,1,537
44,medium,deepseekv4_attnmhc_dnd,wikitext2,2048000,2,2,491
44,medium,deepseekv4_attnmhc_dnd,wikitext2,2048000,2,3,471
44,medium,deepseekv4_attnmhc_dnd,wikitext2,2048000,2,4,487
44,medium,deepseekv4_attnmhc_dnd,wikitext2,2048000,2,5,543
44,medium,deepseekv4_attnmhc_dnd,wikitext2,2048000,2,6,510
44,medium,deepseekv4_attnmhc_dnd,wikitext2,2048000,2,7,504
44,medium,deepseekv4_attnmhc_dnd,wikitext2,2048000,3,0,489
44,medium,deepseekv4_attnmhc_dnd,wikitext2,2048000,3,1,523
44,medium,deepseekv4_attnmhc_dnd,wikitext2,2048000,3,2,468
44,medium,deepseekv4_attnmhc_dnd,wikitext2,2048000,3,3,563
44,medium,deepseekv4_attnmhc_dnd,wikitext2,2048000,3,4,500
44,medium,deepseekv4_attnmhc_dnd,wikitext2,2048000,3,5,600
44,medium,deepseekv4_attnmhc_dnd,wikitext2,2048000,3,6,514
44,medium,deepseekv4_attnmhc_dnd,wikitext2,2048000,3,7,439
44,medium,deepseekv4_attnmhc_dnd,wikitext2,2048000,4,0,535
44,medium,deepseekv4_attnmhc_dnd,wikitext2,2048000,4,1,526
44,medium,deepseekv4_attnmhc_dnd,wikitext2,2048000,4,2,525
44,medium,deepseekv4_attnmhc_dnd,wikitext2,2048000,4,3,508
44,medium,deepseekv4_attnmhc_dnd,wikitext2,2048000,4,4,509
44,medium,deepseekv4_attnmhc_dnd,wikitext2,2048000,4,5,534
44,medium,deepseekv4_attnmhc_dnd,wikitext2,2048000,4,6,458
44,medium,deepseekv4_attnmhc_dnd,wikitext2,2048000,4,7,501
44,medium,deepseekv4_attnmhc_dnd,wikitext2,2048000,5,0,516
44,medium,deepseekv4_attnmhc_dnd,wikitext2,2048000,5,1,518
44,medium,deepseekv4_attnmhc_dnd,wikitext2,2048000,5,2,531
44,medium,deepseekv4_attnmhc_dnd,wikitext2,2048000,5,3,520
44,medium,deepseekv4_attnmhc_dnd,wikitext2,2048000,5,4,541
44,medium,deepseekv4_attnmhc_dnd,wikitext2,2048000,5,5,501
44,medium,deepseekv4_attnmhc_dnd,wikitext2,2048000,5,6,470
44,medium,deepseekv4_attnmhc_dnd,wikitext2,2048000,5,7,499
