seed,config,model,dataset,tokens_trained,layer,expert,count
42,medium,deepseekv4_attnmhc,tiny_shakespeare,2048,0,0,369
42,medium,deepseekv4_attnmhc,tiny_shakespeare,2048,0,1,230
42,medium,deepseekv4_attnmhc,tiny_shakespeare,2048,0,2,393
42,medium,deepseekv4_attnmhc,tiny_shakespeare,2048,0,3,876
42,medium,deepseekv4_attnmhc,tiny_shakespeare,2048,0,4,417
42,medium,deepseekv4_attnmhc,tiny_shakespeare,2048,0,5,684
42,medium,deepseekv4_attnmhc,tiny_shakespeare,2048,0,6,277
42,medium,deepseekv4_attnmhc,tiny_shakespeare,2048,0,7,850
42,medium,deepseekv4_attnmhc,tiny_shakespeare,2048,1,0,395
42,medium,deepseekv4_attnmhc,tiny_shakespeare,2048,1,1,404
42,medium,deepseekv4_attnmhc,tiny_shakespeare,2048,1,2,918
42,medium,deepseekv4_attnmhc,tiny_shakespeare,2048,1,3,496
42,medium,deepseekv4_attnmhc,tiny_shakespeare,2048,1,4,652
42,medium,deepseekv4_attnmhc,tiny_shakespeare,2048,1,5,310
42,medium,deepseekv4_attnmhc,tiny_shakespeare,2048,1,6,524
42,medium,deepseekv4_attnmhc,tiny_shakespeare,2048,1,7,397
42,medium,deepseekv4_attnmhc,tiny_shakespeare,2048,2,0,556
42,medium,deepseekv4_attnmhc,tiny_shakespeare,2048,2,1,461
42,medium,deepseekv4_attnmhc,tiny_shakespeare,2048,2,2,407
42,medium,deepseekv4_attnmhc,tiny_shakespeare,2048,2,3,487
42,medium,deepseekv4_attnmhc,tiny_shakespeare,2048,2,4,539
42,medium,deepseekv4_attnmhc,tiny_shakespeare,2048,2,5,398
42,medium,deepseekv4_attnmhc,tiny_shakespeare,2048,2,6,374
42,medium,deepseekv4_attnmhc,tiny_shakespeare,2048,2,7,874
42,medium,deepseekv4_attnmhc,tiny_shakespeare,2048,3,0,417
42,medium,deepseekv4_attnmhc,tiny_shakespeare,2048,3,1,771
42,medium,deepseekv4_attnmhc,tiny_shakespeare,2048,3,2,257
42,medium,deepseekv4_attnmhc,tiny_shakespeare,2048,3,3,585
42,medium,deepseekv4_attnmhc,tiny_shakespeare,2048,3,4,544
42,medium,deepseekv4_attnmhc,tiny_shakespeare,2048,3,5,757
42,medium,deepseekv4_attnmhc,tiny_shakespeare,2048,3,6,392
42,medium,deepseekv4_attnmhc,tiny_shakespeare,2048,3,7,373
42,medium,deepseekv4_attnmhc,tiny_shakespeare,2048,4,0,632
42,medium,deepseekv4_attnmhc,tiny_shakespeare,2048,4,1,181
42,medium,deepseekv4_attnmhc,tiny_shakespeare,2048,4,2,489
42,medium,deepseekv4_attnmhc,tiny_shakespeare,2048,4,3,425
42,medium,deepseekv4_attnmhc,tiny_shakespeare,2048,4,4,798
42,medium,deepseekv4_attnmhc,tiny_shakespeare,2048,4,5,747
42,medium,deepseekv4_attnmhc,tiny_shakespeare,2048,4,6,391
42,medium,deepseekv4_attnmhc,tiny_shakespeare,2048,4,7,433
42,medium,deepseekv4_attnmhc,tiny_shakespeare,2048,5,0,634
42,medium,deepseekv4_attnmhc,tiny_shakespeare,2048,5,1,721
42,medium,deepseekv4_attnmhc,tiny_shakespeare,2048,5,2,279
42,medium,deepseekv4_attnmhc,tiny_shakespeare,2048,5,3,493
42,medium,deepseekv4_attnmhc,tiny_shakespeare,2048,5,4,223
42,medium,deepseekv4_attnmhc,tiny_shakespeare,2048,5,5,402
42,medium,deepseekv4_attnmhc,tiny_shakespeare,2048,5,6,646
42,medium,deepseekv4_attnmhc,tiny_shakespeare,2048,5,7,698
42,medium,deepseekv4_attnmhc,tiny_shakespeare,204800,0,0,331
42,medium,deepseekv4_attnmhc,tiny_shakespeare,204800,0,1,241
42,medium,deepseekv4_attnmhc,tiny_shakespeare,204800,0,2,383
42,medium,deepseekv4_attnmhc,tiny_shakespeare,204800,0,3,871
42,medium,deepseekv4_attnmhc,tiny_shakespeare,204800,0,4,402
42,medium,deepseekv4_attnmhc,tiny_shakespeare,204800,0,5,695
42,medium,deepseekv4_attnmhc,tiny_shakespeare,204800,0,6,288
42,medium,deepseekv4_attnmhc,tiny_shakespeare,204800,0,7,885
42,medium,deepseekv4_attnmhc,tiny_shakespeare,204800,1,0,359
42,medium,deepseekv4_attnmhc,tiny_shakespeare,204800,1,1,419
42,medium,deepseekv4_attnmhc,tiny_shakespeare,204800,1,2,1001
42,medium,deepseekv4_attnmhc,tiny_shakespeare,204800,1,3,513
42,medium,deepseekv4_attnmhc,tiny_shakespeare,204800,1,4,648
42,medium,deepseekv4_attnmhc,tiny_shakespeare,204800,1,5,305
42,medium,deepseekv4_attnmhc,tiny_shakespeare,204800,1,6,482
42,medium,deepseekv4_attnmhc,tiny_shakespeare,204800,1,7,369
42,medium,deepseekv4_attnmhc,tiny_shakespeare,204800,2,0,490
42,medium,deepseekv4_attnmhc,tiny_shakespeare,204800,2,1,526
42,medium,deepseekv4_attnmhc,tiny_shakespeare,204800,2,2,454
42,medium,deepseekv4_attnmhc,tiny_shakespeare,204800,2,3,588
42,medium,deepseekv4_attnmhc,tiny_shakespeare,204800,2,4,479
42,medium,deepseekv4_attnmhc,tiny_shakespeare,204800,2,5,523
42,medium,deepseekv4_attnmhc,tiny_shakespeare,204800,2,6,528
42,medium,deepseekv4_attnmhc,tiny_shakespeare,204800,2,7,508
42,medium,deepseekv4_attnmhc,tiny_shakespeare,204800,3,0,579
42,medium,deepseekv4_attnmhc,tiny_shakespeare,204800,3,1,257
42,medium,deepseekv4_attnmhc,tiny_shakespeare,204800,3,2,544
42,medium,deepseekv4_attnmhc,tiny_shakespeare,204800,3,3,588
42,medium,deepseekv4_attnmhc,tiny_shakespeare,204800,3,4,465
42,medium,deepseekv4_attnmhc,tiny_shakespeare,204800,3,5,559
42,medium,deepseekv4_attnmhc,tiny_shakespeare,204800,3,6,619
42,medium,deepseekv4_attnmhc,tiny_shakespeare,204800,3,7,485
42,medium,deepseekv4_attnmhc,tiny_shakespeare,204800,4,0,474
42,medium,deepseekv4_attnmhc,tiny_shakespeare,204800,4,1,310
42,medium,deepseekv4_attnmhc,tiny_shakespeare,204800,4,2,456
42,medium,deepseekv4_attnmhc,tiny_shakespeare,204800,4,3,587
42,medium,deepseekv4_attnmhc,tiny_shakespeare,204800,4,4,661
42,medium,deepseekv4_attnmhc,tiny_shakespeare,204800,4,5,889
42,medium,deepseekv4_attnmhc,tiny_shakespeare,204800,4,6,312
42,medium,deepseekv4_attnmhc,tiny_shakespeare,204800,4,7,407
42,medium,deepseekv4_attnmhc,tiny_shakespeare,204800,5,0,647
42,medium,deepseekv4_attnmhc,tiny_shakespeare,204800,5,1,353
42,medium,deepseekv4_attnmhc,tiny_shakespeare,204800,5,2,575
42,medium,deepseekv4_attnmhc,tiny_shakespeare,204800,5,3,691
42,medium,deepseekv4_attnmhc,tiny_shakespeare,204800,5,4,428
42,medium,deepseekv4_attnmhc,tiny_shakespeare,204800,5,5,543
42,medium,deepseekv4_attnmhc,tiny_shakespeare,204800,5,6,627
42,medium,deepseekv4_attnmhc,tiny_shakespeare,204800,5,7,232
42,medium,deepseekv4_attnmhc,tiny_shakespeare,409600,0,0,379
42,medium,deepseekv4_attnmhc,tiny_shakespeare,409600,0,1,264
42,medium,deepseekv4_attnmhc,tiny_shakespeare,409600,0,2,348
42,medium,deepseekv4_attnmhc,tiny_shakespeare,409600,0,3,885
42,medium,deepseekv4_attnmhc,tiny_shakespeare,409600,0,4,394
42,medium,deepseekv4_attnmhc,tiny_shakespeare,409600,0,5,683
42,medium,deepseekv4_attnmhc,tiny_shakespeare,409600,0,6,290
42,medium,deepseekv4_attnmhc,tiny_shakespeare,409600,0,7,853
42,medium,deepseekv4_attnmhc,tiny_shakespeare,409600,1,0,362
42,medium,deepseekv4_attnmhc,tiny_shakespeare,409600,1,1,444
42,medium,deepseekv4_attnmhc,tiny_shakespeare,409600,1,2,893
42,medium,deepseekv4_attnmhc,tiny_shakespeare,409600,1,3,495
42,medium,deepseekv4_attnmhc,tiny_shakespeare,409600,1,4,648
42,medium,deepseekv4_attnmhc,tiny_shakespeare,409600,1,5,271
42,medium,deepseekv4_attnmhc,tiny_shakespeare,409600,1,6,573
42,medium,deepseekv4_attnmhc,tiny_shakespeare,409600,1,7,410
42,medium,deepseekv4_attnmhc,tiny_shakespeare,409600,2,0,479
42,medium,deepseekv4_attnmhc,tiny_shakespeare,409600,2,1,507
42,medium,deepseekv4_attnmhc,tiny_shakespeare,409600,2,2,501
42,medium,deepseekv4_attnmhc,tiny_shakespeare,409600,2,3,597
42,medium,deepseekv4_attnmhc,tiny_shakespeare,409600,2,4,429
42,medium,deepseekv4_attnmhc,tiny_shakespeare,409600,2,5,506
42,medium,deepseekv4_attnmhc,tiny_shakespeare,409600,2,6,578
42,medium,deepseekv4_attnmhc,tiny_shakespeare,409600,2,7,499
42,medium,deepseekv4_attnmhc,tiny_shakespeare,409600,3,0,545
42,medium,deepseekv4_attnmhc,tiny_shakespeare,409600,3,1,495
42,medium,deepseekv4_attnmhc,tiny_shakespeare,409600,3,2,520
42,medium,deepseekv4_attnmhc,tiny_shakespeare,409600,3,3,413
42,medium,deepseekv4_attnmhc,tiny_shakespeare,409600,3,4,563
42,medium,deepseekv4_attnmhc,tiny_shakespeare,409600,3,5,503
42,medium,deepseekv4_attnmhc,tiny_shakespeare,409600,3,6,553
42,medium,deepseekv4_attnmhc,tiny_shakespeare,409600,3,7,504
42,medium,deepseekv4_attnmhc,tiny_shakespeare,409600,4,0,508
42,medium,deepseekv4_attnmhc,tiny_shakespeare,409600,4,1,687
42,medium,deepseekv4_attnmhc,tiny_shakespeare,409600,4,2,486
42,medium,deepseekv4_attnmhc,tiny_shakespeare,409600,4,3,493
42,medium,deepseekv4_attnmhc,tiny_shakespeare,409600,4,4,394
42,medium,deepseekv4_attnmhc,tiny_shakespeare,409600,4,5,265
42,medium,deepseekv4_attnmhc,tiny_shakespeare,409600,4,6,601
42,medium,deepseekv4_attnmhc,tiny_shakespeare,409600,4,7,662
42,medium,deepseekv4_attnmhc,tiny_shakespeare,409600,5,0,422
42,medium,deepseekv4_attnmhc,tiny_shakespeare,409600,5,1,578
42,medium,deepseekv4_attnmhc,tiny_shakespeare,409600,5,2,569
42,medium,deepseekv4_attnmhc,tiny_shakespeare,409600,5,3,474
42,medium,deepseekv4_attnmhc,tiny_shakespeare,409600,5,4,538
42,medium,deepseekv4_attnmhc,tiny_shakespeare,409600,5,5,526
42,medium,deepseekv4_attnmhc,tiny_shakespeare,409600,5,6,483
42,medium,deepseekv4_attnmhc,tiny_shakespeare,409600,5,7,506
42,medium,deepseekv4_attnmhc,tiny_shakespeare,614400,0,0,373
42,medium,deepseekv4_attnmhc,tiny_shakespeare,614400,0,1,258
42,medium,deepseekv4_attnmhc,tiny_shakespeare,614400,0,2,379
42,medium,deepseekv4_attnmhc,tiny_shakespeare,614400,0,3,897
42,medium,deepseekv4_attnmhc,tiny_shakespeare,614400,0,4,400
42,medium,deepseekv4_attnmhc,tiny_shakespeare,614400,0,5,693
42,medium,deepseekv4_attnmhc,tiny_shakespeare,614400,0,6,290
42,medium,deepseekv4_attnmhc,tiny_shakespeare,614400,0,7,806
42,medium,deepseekv4_attnmhc,tiny_shakespeare,614400,1,0,346
42,medium,deepseekv4_attnmhc,tiny_shakespeare,614400,1,1,406
42,medium,deepseekv4_attnmhc,tiny_shakespeare,614400,1,2,986
42,medium,deepseekv4_attnmhc,tiny_shakespeare,614400,1,3,500
42,medium,deepseekv4_attnmhc,tiny_shakespeare,614400,1,4,657
42,medium,deepseekv4_attnmhc,tiny_shakespeare,614400,1,5,270
42,medium,deepseekv4_attnmhc,tiny_shakespeare,614400,1,6,516
42,medium,deepseekv4_attnmhc,tiny_shakespeare,614400,1,7,415
42,medium,deepseekv4_attnmhc,tiny_shakespeare,614400,2,0,529
42,medium,deepseekv4_attnmhc,tiny_shakespeare,614400,2,1,497
42,medium,deepseekv4_attnmhc,tiny_shakespeare,614400,2,2,545
42,medium,deepseekv4_attnmhc,tiny_shakespeare,614400,2,3,451
42,medium,deepseekv4_attnmhc,tiny_shakespeare,614400,2,4,488
42,medium,deepseekv4_attnmhc,tiny_shakespeare,614400,2,5,515
42,medium,deepseekv4_attnmhc,tiny_shakespeare,614400,2,6,558
42,medium,deepseekv4_attnmhc,tiny_shakespeare,614400,2,7,513
42,medium,deepseekv4_attnmhc,tiny_shakespeare,614400,3,0,483
42,medium,deepseekv4_attnmhc,tiny_shakespeare,614400,3,1,538
42,medium,deepseekv4_attnmhc,tiny_shakespeare,614400,3,2,465
42,medium,deepseekv4_attnmhc,tiny_shakespeare,614400,3,3,484
42,medium,deepseekv4_attnmhc,tiny_shakespeare,614400,3,4,518
42,medium,deepseekv4_attnmhc,tiny_shakespeare,614400,3,5,535
42,medium,deepseekv4_attnmhc,tiny_shakespeare,614400,3,6,564
42,medium,deepseekv4_attnmhc,tiny_shakespeare,614400,3,7,509
42,medium,deepseekv4_attnmhc,tiny_shakespeare,614400,4,0,546
42,medium,deepseekv4_attnmhc,tiny_shakespeare,614400,4,1,441
42,medium,deepseekv4_attnmhc,tiny_shakespeare,614400,4,2,579
42,medium,deepseekv4_attnmhc,tiny_shakespeare,614400,4,3,473
42,medium,deepseekv4_attnmhc,tiny_shakespeare,614400,4,4,552
42,medium,deepseekv4_attnmhc,tiny_shakespeare,614400,4,5,360
42,medium,deepseekv4_attnmhc,tiny_shakespeare,614400,4,6,706
42,medium,deepseekv4_attnmhc,tiny_shakespeare,614400,4,7,439
42,medium,deepseekv4_attnmhc,tiny_shakespeare,614400,5,0,504
42,medium,deepseekv4_attnmhc,tiny_shakespeare,614400,5,1,649
42,medium,deepseekv4_attnmhc,tiny_shakespeare,614400,5,2,551
42,medium,deepseekv4_attnmhc,tiny_shakespeare,614400,5,3,547
42,medium,deepseekv4_attnmhc,tiny_shakespeare,614400,5,4,328
42,medium,deepseekv4_attnmhc,tiny_shakespeare,614400,5,5,462
42,medium,deepseekv4_attnmhc,tiny_shakespeare,614400,5,6,517
42,medium,deepseekv4_attnmhc,tiny_shakespeare,614400,5,7,538
42,medium,deepseekv4_attnmhc,tiny_shakespeare,819200,0,0,384
42,medium,deepseekv4_attnmhc,tiny_shakespeare,819200,0,1,237
42,medium,deepseekv4_attnmhc,tiny_shakespeare,819200,0,2,389
42,medium,deepseekv4_attnmhc,tiny_shakespeare,819200,0,3,877
42,medium,deepseekv4_attnmhc,tiny_shakespeare,819200,0,4,422
42,medium,deepseekv4_attnmhc,tiny_shakespeare,819200,0,5,650
42,medium,deepseekv4_attnmhc,tiny_shakespeare,819200,0,6,282
42,medium,deepseekv4_attnmhc,tiny_shakespeare,819200,0,7,855
42,medium,deepseekv4_attnmhc,tiny_shakespeare,819200,1,0,392
42,medium,deepseekv4_attnmhc,tiny_shakespeare,819200,1,1,394
42,medium,deepseekv4_attnmhc,tiny_shakespeare,819200,1,2,940
42,medium,deepseekv4_attnmhc,tiny_shakespeare,819200,1,3,528
42,medium,deepseekv4_attnmhc,tiny_shakespeare,819200,1,4,620
42,medium,deepseekv4_attnmhc,tiny_shakespeare,819200,1,5,264
42,medium,deepseekv4_attnmhc,tiny_shakespeare,819200,1,6,528
42,medium,deepseekv4_attnmhc,tiny_shakespeare,819200,1,7,430
42,medium,deepseekv4_attnmhc,tiny_shakespeare,819200,2,0,566
42,medium,deepseekv4_attnmhc,tiny_shakespeare,819200,2,1,516
42,medium,deepseekv4_attnmhc,tiny_shakespeare,819200,2,2,460
42,medium,deepseekv4_attnmhc,tiny_shakespeare,819200,2,3,480
42,medium,deepseekv4_attnmhc,tiny_shakespeare,819200,2,4,499
42,medium,deepseekv4_attnmhc,tiny_shakespeare,819200,2,5,505
42,medium,deepseekv4_attnmhc,tiny_shakespeare,819200,2,6,537
42,medium,deepseekv4_attnmhc,tiny_shakespeare,819200,2,7,533
42,medium,deepseekv4_attnmhc,tiny_shakespeare,819200,3,0,555
42,medium,deepseekv4_attnmhc,tiny_shakespeare,819200,3,1,461
42,medium,deepseekv4_attnmhc,tiny_shakespeare,819200,3,2,500
42,medium,deepseekv4_attnmhc,tiny_shakespeare,819200,3,3,521
42,medium,deepseekv4_attnmhc,tiny_shakespeare,819200,3,4,537
42,medium,deepseekv4_attnmhc,tiny_shakespeare,819200,3,5,525
42,medium,deepseekv4_attnmhc,tiny_shakespeare,819200,3,6,458
42,medium,deepseekv4_attnmhc,tiny_shakespeare,819200,3,7,539
42,medium,deepseekv4_attnmhc,tiny_shakespeare,819200,4,0,483
42,medium,deepseekv4_attnmhc,tiny_shakespeare,819200,4,1,842
42,medium,deepseekv4_attnmhc,tiny_shakespeare,819200,4,2,531
42,medium,deepseekv4_attnmhc,tiny_shakespeare,819200,4,3,476
42,medium,deepseekv4_attnmhc,tiny_shakespeare,819200,4,4,471
42,medium,deepseekv4_attnmhc,tiny_shakespeare,819200,4,5,502
42,medium,deepseekv4_attnmhc,tiny_shakespeare,819200,4,6,376
42,medium,deepseekv4_attnmhc,tiny_shakespeare,819200,4,7,415
42,medium,deepseekv4_attnmhc,tiny_shakespeare,819200,5,0,614
42,medium,deepseekv4_attnmhc,tiny_shakespeare,819200,5,1,571
42,medium,deepseekv4_attnmhc,tiny_shakespeare,819200,5,2,617
42,medium,deepseekv4_attnmhc,tiny_shakespeare,819200,5,3,519
42,medium,deepseekv4_attnmhc,tiny_shakespeare,819200,5,4,461
42,medium,deepseekv4_attnmhc,tiny_shakespeare,819200,5,5,442
42,medium,deepseekv4_attnmhc,tiny_shakespeare,819200,5,6,464
42,medium,deepseekv4_attnmhc,tiny_shakespeare,819200,5,7,408
42,medium,deepseekv4_attnmhc,tiny_shakespeare,1024000,0,0,344
42,medium,deepseekv4_attnmhc,tiny_shakespeare,1024000,0,1,251
42,medium,deepseekv4_attnmhc,tiny_shakespeare,1024000,0,2,366
42,medium,deepseekv4_attnmhc,tiny_shakespeare,1024000,0,3,865
42,medium,deepseekv4_attnmhc,tiny_shakespeare,1024000,0,4,429
42,medium,deepseekv4_attnmhc,tiny_shakespeare,1024000,0,5,739
42,medium,deepseekv4_attnmhc,tiny_shakespeare,1024000,0,6,259
42,medium,deepseekv4_attnmhc,tiny_shakespeare,1024000,0,7,843
42,medium,deepseekv4_attnmhc,tiny_shakespeare,1024000,1,0,373
42,medium,deepseekv4_attnmhc,tiny_shakespeare,1024000,1,1,401
42,medium,deepseekv4_attnmhc,tiny_shakespeare,1024000,1,2,922
42,medium,deepseekv4_attnmhc,tiny_shakespeare,1024000,1,3,499
42,medium,deepseekv4_attnmhc,tiny_shakespeare,1024000,1,4,667
42,medium,deepseekv4_attnmhc,tiny_shakespeare,1024000,1,5,292
42,medium,deepseekv4_attnmhc,tiny_shakespeare,1024000,1,6,523
42,medium,deepseekv4_attnmhc,tiny_shakespeare,1024000,1,7,419
42,medium,deepseekv4_attnmhc,tiny_shakespeare,1024000,2,0,477
42,medium,deepseekv4_attnmhc,tiny_shakespeare,1024000,2,1,479
42,medium,deepseekv4_attnmhc,tiny_shakespeare,1024000,2,2,580
42,medium,deepseekv4_attnmhc,tiny_shakespeare,1024000,2,3,526
42,medium,deepseekv4_attnmhc,tiny_shakespeare,1024000,2,4,471
42,medium,deepseekv4_attnmhc,tiny_shakespeare,1024000,2,5,535
42,medium,deepseekv4_attnmhc,tiny_shakespeare,1024000,2,6,493
42,medium,deepseekv4_attnmhc,tiny_shakespeare,1024000,2,7,535
42,medium,deepseekv4_attnmhc,tiny_shakespeare,1024000,3,0,522
42,medium,deepseekv4_attnmhc,tiny_shakespeare,1024000,3,1,523
42,medium,deepseekv4_attnmhc,tiny_shakespeare,1024000,3,2,520
42,medium,deepseekv4_attnmhc,tiny_shakespeare,1024000,3,3,503
42,medium,deepseekv4_attnmhc,tiny_shakespeare,1024000,3,4,481
42,medium,deepseekv4_attnmhc,tiny_shakespeare,1024000,3,5,509
42,medium,deepseekv4_attnmhc,tiny_shakespeare,1024000,3,6,519
42,medium,deepseekv4_attnmhc,tiny_shakespeare,1024000,3,7,519
42,medium,deepseekv4_attnmhc,tiny_shakespeare,1024000,4,0,497
42,medium,deepseekv4_attnmhc,tiny_shakespeare,1024000,4,1,522
42,medium,deepseekv4_attnmhc,tiny_shakespeare,1024000,4,2,518
42,medium,deepseekv4_attnmhc,tiny_shakespeare,1024000,4,3,484
42,medium,deepseekv4_attnmhc,tiny_shakespeare,1024000,4,4,467
42,medium,deepseekv4_attnmhc,tiny_shakespeare,1024000,4,5,695
42,medium,deepseekv4_attnmhc,tiny_shakespeare,1024000,4,6,455
42,medium,deepseekv4_attnmhc,tiny_shakespeare,1024000,4,7,458
42,medium,deepseekv4_attnmhc,tiny_shakespeare,1024000,5,0,500
42,medium,deepseekv4_attnmhc,tiny_shakespeare,1024000,5,1,490
42,medium,deepseekv4_attnmhc,tiny_shakespeare,1024000,5,2,501
42,medium,deepseekv4_attnmhc,tiny_shakespeare,1024000,5,3,492
42,medium,deepseekv4_attnmhc,tiny_shakespeare,1024000,5,4,523
42,medium,deepseekv4_attnmhc,tiny_shakespeare,1024000,5,5,536
42,medium,deepseekv4_attnmhc,tiny_shakespeare,1024000,5,6,543
42,medium,deepseekv4_attnmhc,tiny_shakespeare,1024000,5,7,511
42,medium,deepseekv4_attnmhc,tiny_shakespeare,1228800,0,0,379
42,medium,deepseekv4_attnmhc,tiny_shakespeare,1228800,0,1,241
42,medium,deepseekv4_attnmhc,tiny_shakespeare,1228800,0,2,401
42,medium,deepseekv4_attnmhc,tiny_shakespeare,1228800,0,3,887
42,medium,deepseekv4_attnmhc,tiny_shakespeare,1228800,0,4,347
42,medium,deepseekv4_attnmhc,tiny_shakespeare,1228800,0,5,695
42,medium,deepseekv4_attnmhc,tiny_shakespeare,1228800,0,6,301
42,medium,deepseekv4_attnmhc,tiny_shakespeare,1228800,0,7,845
42,medium,deepseekv4_attnmhc,tiny_shakespeare,1228800,1,0,382
42,medium,deepseekv4_attnmhc,tiny_shakespeare,1228800,1,1,391
42,medium,deepseekv4_attnmhc,tiny_shakespeare,1228800,1,2,938
42,medium,deepseekv4_attnmhc,tiny_shakespeare,1228800,1,3,510
42,medium,deepseekv4_attnmhc,tiny_shakespeare,1228800,1,4,642
42,medium,deepseekv4_attnmhc,tiny_shakespeare,1228800,1,5,279
42,medium,deepseekv4_attnmhc,tiny_shakespeare,1228800,1,6,540
42,medium,deepseekv4_attnmhc,tiny_shakespeare,1228800,1,7,414
42,medium,deepseekv4_attnmhc,tiny_shakespeare,1228800,2,0,522
42,medium,deepseekv4_attnmhc,tiny_shakespeare,1228800,2,1,492
42,medium,deepseekv4_attnmhc,tiny_shakespeare,1228800,2,2,525
42,medium,deepseekv4_attnmhc,tiny_shakespeare,1228800,2,3,481
42,medium,deepseekv4_attnmhc,tiny_shakespeare,1228800,2,4,547
42,medium,deepseekv4_attnmhc,tiny_shakespeare,1228800,2,5,506
42,medium,deepseekv4_attnmhc,tiny_shakespeare,1228800,2,6,496
42,medium,deepseekv4_attnmhc,tiny_shakespeare,1228800,2,7,527
42,medium,deepseekv4_attnmhc,tiny_shakespeare,1228800,3,0,437
42,medium,deepseekv4_attnmhc,tiny_shakespeare,1228800,3,1,535
42,medium,deepseekv4_attnmhc,tiny_shakespeare,1228800,3,2,503
42,medium,deepseekv4_attnmhc,tiny_shakespeare,1228800,3,3,546
42,medium,deepseekv4_attnmhc,tiny_shakespeare,1228800,3,4,497
42,medium,deepseekv4_attnmhc,tiny_shakespeare,1228800,3,5,534
42,medium,deepseekv4_attnmhc,tiny_shakespeare,1228800,3,6,524
42,medium,deepseekv4_attnmhc,tiny_shakespeare,1228800,3,7,520
42,medium,deepseekv4_attnmhc,tiny_shakespeare,1228800,4,0,529
42,medium,deepseekv4_attnmhc,tiny_shakespeare,1228800,4,1,458
42,medium,deepseekv4_attnmhc,tiny_shakespeare,1228800,4,2,499
42,medium,deepseekv4_attnmhc,tiny_shakespeare,1228800,4,3,536
42,medium,deepseekv4_attnmhc,tiny_shakespeare,1228800,4,4,523
42,medium,deepseekv4_attnmhc,tiny_shakespeare,1228800,4,5,470
42,medium,deepseekv4_attnmhc,tiny_shakespeare,1228800,4,6,607
42,medium,deepseekv4_attnmhc,tiny_shakespeare,1228800,4,7,474
42,medium,deepseekv4_attnmhc,tiny_shakespeare,1228800,5,0,551
42,medium,deepseekv4_attnmhc,tiny_shakespeare,1228800,5,1,460
42,medium,deepseekv4_attnmhc,tiny_shakespeare,1228800,5,2,608
42,medium,deepseekv4_attnmhc,tiny_shakespeare,1228800,5,3,530
42,medium,deepseekv4_attnmhc,tiny_shakespeare,1228800,5,4,480
42,medium,deepseekv4_attnmhc,tiny_shakespeare,1228800,5,5,492
42,medium,deepseekv4_attnmhc,tiny_shakespeare,1228800,5,6,493
42,medium,deepseekv4_attnmhc,tiny_shakespeare,1228800,5,7,482
42,medium,deepseekv4_attnmhc,tiny_shakespeare,1433600,0,0,399
42,medium,deepseekv4_attnmhc,tiny_shakespeare,1433600,0,1,248
42,medium,deepseekv4_attnmhc,tiny_shakespeare,1433600,0,2,382
42,medium,deepseekv4_attnmhc,tiny_shakespeare,1433600,0,3,899
42,medium,deepseekv4_attnmhc,tiny_shakespeare,1433600,0,4,395
42,medium,deepseekv4_attnmhc,tiny_shakespeare,1433600,0,5,669
42,medium,deepseekv4_attnmhc,tiny_shakespeare,1433600,0,6,271
42,medium,deepseekv4_attnmhc,tiny_shakespeare,1433600,0,7,833
42,medium,deepseekv4_attnmhc,tiny_shakespeare,1433600,1,0,384
42,medium,deepseekv4_attnmhc,tiny_shakespeare,1433600,1,1,408
42,medium,deepseekv4_attnmhc,tiny_shakespeare,1433600,1,2,937
42,medium,deepseekv4_attnmhc,tiny_shakespeare,1433600,1,3,491
42,medium,deepseekv4_attnmhc,tiny_shakespeare,1433600,1,4,652
42,medium,deepseekv4_attnmhc,tiny_shakespeare,1433600,1,5,284
42,medium,deepseekv4_attnmhc,tiny_shakespeare,1433600,1,6,516
42,medium,deepseekv4_attnmhc,tiny_shakespeare,1433600,1,7,424
42,medium,deepseekv4_attnmhc,tiny_shakespeare,1433600,2,0,570
42,medium,deepseekv4_attnmhc,tiny_shakespeare,1433600,2,1,469
42,medium,deepseekv4_attnmhc,tiny_shakespeare,1433600,2,2,532
42,medium,deepseekv4_attnmhc,tiny_shakespeare,1433600,2,3,486
42,medium,deepseekv4_attnmhc,tiny_shakespeare,1433600,2,4,533
42,medium,deepseekv4_attnmhc,tiny_shakespeare,1433600,2,5,524
42,medium,deepseekv4_attnmhc,tiny_shakespeare,1433600,2,6,544
42,medium,deepseekv4_attnmhc,tiny_shakespeare,1433600,2,7,438
42,medium,deepseekv4_attnmhc,tiny_shakespeare,1433600,3,0,488
42,medium,deepseekv4_attnmhc,tiny_shakespeare,1433600,3,1,536
42,medium,deepseekv4_attnmhc,tiny_shakespeare,1433600,3,2,504
42,medium,deepseekv4_attnmhc,tiny_shakespeare,1433600,3,3,533
42,medium,deepseekv4_attnmhc,tiny_shakespeare,1433600,3,4,532
42,medium,deepseekv4_attnmhc,tiny_shakespeare,1433600,3,5,523
42,medium,deepseekv4_attnmhc,tiny_shakespeare,1433600,3,6,479
42,medium,deepseekv4_attnmhc,tiny_shakespeare,1433600,3,7,501
42,medium,deepseekv4_attnmhc,tiny_shakespeare,1433600,4,0,505
42,medium,deepseekv4_attnmhc,tiny_shakespeare,1433600,4,1,529
42,medium,deepseekv4_attnmhc,tiny_shakespeare,1433600,4,2,483
42,medium,deepseekv4_attnmhc,tiny_shakespeare,1433600,4,3,526
42,medium,deepseekv4_attnmhc,tiny_shakespeare,1433600,4,4,449
42,medium,deepseekv4_attnmhc,tiny_shakespeare,1433600,4,5,430
42,medium,deepseekv4_attnmhc,tiny_shakespeare,1433600,4,6,646
42,medium,deepseekv4_attnmhc,tiny_shakespeare,1433600,4,7,528
42,medium,deepseekv4_attnmhc,tiny_shakespeare,1433600,5,0,495
42,medium,deepseekv4_attnmhc,tiny_shakespeare,1433600,5,1,503
42,medium,deepseekv4_attnmhc,tiny_shakespeare,1433600,5,2,497
42,medium,deepseekv4_attnmhc,tiny_shakespeare,1433600,5,3,520
42,medium,deepseekv4_attnmhc,tiny_shakespeare,1433600,5,4,523
42,medium,deepseekv4_attnmhc,tiny_shakespeare,1433600,5,5,524
42,medium,deepseekv4_attnmhc,tiny_shakespeare,1433600,5,6,509
42,medium,deepseekv4_attnmhc,tiny_shakespeare,1433600,5,7,525
42,medium,deepseekv4_attnmhc,tiny_shakespeare,1638400,0,0,392
42,medium,deepseekv4_attnmhc,tiny_shakespeare,1638400,0,1,260
42,medium,deepseekv4_attnmhc,tiny_shakespeare,1638400,0,2,386
42,medium,deepseekv4_attnmhc,tiny_shakespeare,1638400,0,3,876
42,medium,deepseekv4_attnmhc,tiny_shakespeare,1638400,0,4,400
42,medium,deepseekv4_attnmhc,tiny_shakespeare,1638400,0,5,681
42,medium,deepseekv4_attnmhc,tiny_shakespeare,1638400,0,6,291
42,medium,deepseekv4_attnmhc,tiny_shakespeare,1638400,0,7,810
42,medium,deepseekv4_attnmhc,tiny_shakespeare,1638400,1,0,371
42,medium,deepseekv4_attnmhc,tiny_shakespeare,1638400,1,1,399
42,medium,deepseekv4_attnmhc,tiny_shakespeare,1638400,1,2,891
42,medium,deepseekv4_attnmhc,tiny_shakespeare,1638400,1,3,490
42,medium,deepseekv4_attnmhc,tiny_shakespeare,1638400,1,4,659
42,medium,deepseekv4_attnmhc,tiny_shakespeare,1638400,1,5,294
42,medium,deepseekv4_attnmhc,tiny_shakespeare,1638400,1,6,562
42,medium,deepseekv4_attnmhc,tiny_shakespeare,1638400,1,7,430
42,medium,deepseekv4_attnmhc,tiny_shakespeare,1638400,2,0,512
42,medium,deepseekv4_attnmhc,tiny_shakespeare,1638400,2,1,520
42,medium,deepseekv4_attnmhc,tiny_shakespeare,1638400,2,2,540
42,medium,deepseekv4_attnmhc,tiny_shakespeare,1638400,2,3,569
42,medium,deepseekv4_attnmhc,tiny_shakespeare,1638400,2,4,491
42,medium,deepseekv4_attnmhc,tiny_shakespeare,1638400,2,5,450
42,medium,deepseekv4_attnmhc,tiny_shakespeare,1638400,2,6,524
42,medium,deepseekv4_attnmhc,tiny_shakespeare,1638400,2,7,490
42,medium,deepseekv4_attnmhc,tiny_shakespeare,1638400,3,0,579
42,medium,deepseekv4_attnmhc,tiny_shakespeare,1638400,3,1,483
42,medium,deepseekv4_attnmhc,tiny_shakespeare,1638400,3,2,453
42,medium,deepseekv4_attnmhc,tiny_shakespeare,1638400,3,3,540
42,medium,deepseekv4_attnmhc,tiny_shakespeare,1638400,3,4,487
42,medium,deepseekv4_attnmhc,tiny_shakespeare,1638400,3,5,505
42,medium,deepseekv4_attnmhc,tiny_shakespeare,1638400,3,6,505
42,medium,deepseekv4_attnmhc,tiny_shakespeare,1638400,3,7,544
42,medium,deepseekv4_attnmhc,tiny_shakespeare,1638400,4,0,485
42,medium,deepseekv4_attnmhc,tiny_shakespeare,1638400,4,1,449
42,medium,deepseekv4_attnmhc,tiny_shakespeare,1638400,4,2,483
42,medium,deepseekv4_attnmhc,tiny_shakespeare,1638400,4,3,526
42,medium,deepseekv4_attnmhc,tiny_shakespeare,1638400,4,4,470
42,medium,deepseekv4_attnmhc,tiny_shakespeare,1638400,4,5,569
42,medium,deepseekv4_attnmhc,tiny_shakespeare,1638400,4,6,592
42,medium,deepseekv4_attnmhc,tiny_shakespeare,1638400,4,7,522
42,medium,deepseekv4_attnmhc,tiny_shakespeare,1638400,5,0,510
42,medium,deepseekv4_attnmhc,tiny_shakespeare,1638400,5,1,518
42,medium,deepseekv4_attnmhc,tiny_shakespeare,1638400,5,2,454
42,medium,deepseekv4_attnmhc,tiny_shakespeare,1638400,5,3,470
42,medium,deepseekv4_attnmhc,tiny_shakespeare,1638400,5,4,602
42,medium,deepseekv4_attnmhc,tiny_shakespeare,1638400,5,5,492
42,medium,deepseekv4_attnmhc,tiny_shakespeare,1638400,5,6,551
42,medium,deepseekv4_attnmhc,tiny_shakespeare,1638400,5,7,499
42,medium,deepseekv4_attnmhc,tiny_shakespeare,1843200,0,0,335
42,medium,deepseekv4_attnmhc,tiny_shakespeare,1843200,0,1,229
42,medium,deepseekv4_attnmhc,tiny_shakespeare,1843200,0,2,356
42,medium,deepseekv4_attnmhc,tiny_shakespeare,1843200,0,3,883
42,medium,deepseekv4_attnmhc,tiny_shakespeare,1843200,0,4,408
42,medium,deepseekv4_attnmhc,tiny_shakespeare,1843200,0,5,697
42,medium,deepseekv4_attnmhc,tiny_shakespeare,1843200,0,6,317
42,medium,deepseekv4_attnmhc,tiny_shakespeare,1843200,0,7,871
42,medium,deepseekv4_attnmhc,tiny_shakespeare,1843200,1,0,381
42,medium,deepseekv4_attnmhc,tiny_shakespeare,1843200,1,1,368
42,medium,deepseekv4_attnmhc,tiny_shakespeare,1843200,1,2,935
42,medium,deepseekv4_attnmhc,tiny_shakespeare,1843200,1,3,501
42,medium,deepseekv4_attnmhc,tiny_shakespeare,1843200,1,4,621
42,medium,deepseekv4_attnmhc,tiny_shakespeare,1843200,1,5,310
42,medium,deepseekv4_attnmhc,tiny_shakespeare,1843200,1,6,557
42,medium,deepseekv4_attnmhc,tiny_shakespeare,1843200,1,7,423
42,medium,deepseekv4_attnmhc,tiny_shakespeare,1843200,2,0,516
42,medium,deepseekv4_attnmhc,tiny_shakespeare,1843200,2,1,507
42,medium,deepseekv4_attnmhc,tiny_shakespeare,1843200,2,2,504
42,medium,deepseekv4_attnmhc,tiny_shakespeare,1843200,2,3,526
42,medium,deepseekv4_attnmhc,tiny_shakespeare,1843200,2,4,500
42,medium,deepseekv4_attnmhc,tiny_shakespeare,1843200,2,5,529
42,medium,deepseekv4_attnmhc,tiny_shakespeare,1843200,2,6,540
42,medium,deepseekv4_attnmhc,tiny_shakespeare,1843200,2,7,474
42,medium,deepseekv4_attnmhc,tiny_shakespeare,1843200,3,0,576
42,medium,deepseekv4_attnmhc,tiny_shakespeare,1843200,3,1,508
42,medium,deepseekv4_attnmhc,tiny_shakespeare,1843200,3,2,477
42,medium,deepseekv4_attnmhc,tiny_shakespeare,1843200,3,3,504
42,medium,deepseekv4_attnmhc,tiny_shakespeare,1843200,3,4,494
42,medium,deepseekv4_attnmhc,tiny_shakespeare,1843200,3,5,519
42,medium,deepseekv4_attnmhc,tiny_shakespeare,1843200,3,6,503
42,medium,deepseekv4_attnmhc,tiny_shakespeare,1843200,3,7,515
42,medium,deepseekv4_attnmhc,tiny_shakespeare,1843200,4,0,538
42,medium,deepseekv4_attnmhc,tiny_shakespeare,1843200,4,1,484
42,medium,deepseekv4_attnmhc,tiny_shakespeare,1843200,4,2,488
42,medium,deepseekv4_attnmhc,tiny_shakespeare,1843200,4,3,511
42,medium,deepseekv4_attnmhc,tiny_shakespeare,1843200,4,4,461
42,medium,deepseekv4_attnmhc,tiny_shakespeare,1843200,4,5,447
42,medium,deepseekv4_attnmhc,tiny_shakespeare,1843200,4,6,632
42,medium,deepseekv4_attnmhc,tiny_shakespeare,1843200,4,7,535
42,medium,deepseekv4_attnmhc,tiny_shakespeare,1843200,5,0,532
42,medium,deepseekv4_attnmhc,tiny_shakespeare,1843200,5,1,543
42,medium,deepseekv4_attnmhc,tiny_shakespeare,1843200,5,2,431
42,medium,deepseekv4_attnmhc,tiny_shakespeare,1843200,5,3,491
42,medium,deepseekv4_attnmhc,tiny_shakespeare,1843200,5,4,621
42,medium,deepseekv4_attnmhc,tiny_shakespeare,1843200,5,5,511
42,medium,deepseekv4_attnmhc,tiny_shakespeare,1843200,5,6,476
42,medium,deepseekv4_attnmhc,tiny_shakespeare,1843200,5,7,491
42,medium,deepseekv4_attnmhc,tiny_shakespeare,2048000,0,0,387
42,medium,deepseekv4_attnmhc,tiny_shakespeare,2048000,0,1,247
42,medium,deepseekv4_attnmhc,tiny_shakespeare,2048000,0,2,372
42,medium,deepseekv4_attnmhc,tiny_shakespeare,2048000,0,3,895
42,medium,deepseekv4_attnmhc,tiny_shakespeare,2048000,0,4,401
42,medium,deepseekv4_attnmhc,tiny_shakespeare,2048000,0,5,669
42,medium,deepseekv4_attnmhc,tiny_shakespeare,2048000,0,6,285
42,medium,deepseekv4_attnmhc,tiny_shakespeare,2048000,0,7,840
42,medium,deepseekv4_attnmhc,tiny_shakespeare,2048000,1,0,350
42,medium,deepseekv4_attnmhc,tiny_shakespeare,2048000,1,1,398
42,medium,deepseekv4_attnmhc,tiny_shakespeare,2048000,1,2,938
42,medium,deepseekv4_attnmhc,tiny_shakespeare,2048000,1,3,526
42,medium,deepseekv4_attnmhc,tiny_shakespeare,2048000,1,4,656
42,medium,deepseekv4_attnmhc,tiny_shakespeare,2048000,1,5,284
42,medium,deepseekv4_attnmhc,tiny_shakespeare,2048000,1,6,522
42,medium,deepseekv4_attnmhc,tiny_shakespeare,2048000,1,7,422
42,medium,deepseekv4_attnmhc,tiny_shakespeare,2048000,2,0,504
42,medium,deepseekv4_attnmhc,tiny_shakespeare,2048000,2,1,494
42,medium,deepseekv4_attnmhc,tiny_shakespeare,2048000,2,2,499
42,medium,deepseekv4_attnmhc,tiny_shakespeare,2048000,2,3,491
42,medium,deepseekv4_attnmhc,tiny_shakespeare,2048000,2,4,550
42,medium,deepseekv4_attnmhc,tiny_shakespeare,2048000,2,5,492
42,medium,deepseekv4_attnmhc,tiny_shakespeare,2048000,2,6,515
42,medium,deepseekv4_attnmhc,tiny_shakespeare,2048000,2,7,551
42,medium,deepseekv4_attnmhc,tiny_shakespeare,2048000,3,0,473
42,medium,deepseekv4_attnmhc,tiny_shakespeare,2048000,3,1,497
42,medium,deepseekv4_attnmhc,tiny_shakespeare,2048000,3,2,544
42,medium,deepseekv4_attnmhc,tiny_shakespeare,2048000,3,3,540
42,medium,deepseekv4_attnmhc,tiny_shakespeare,2048000,3,4,485
42,medium,deepseekv4_attnmhc,tiny_shakespeare,2048000,3,5,520
42,medium,deepseekv4_attnmhc,tiny_shakespeare,2048000,3,6,490
42,medium,deepseekv4_attnmhc,tiny_shakespeare,2048000,3,7,547
42,medium,deepseekv4_attnmhc,tiny_shakespeare,2048000,4,0,482
42,medium,deepseekv4_attnmhc,tiny_shakespeare,2048000,4,1,485
42,medium,deepseekv4_attnmhc,tiny_shakespeare,2048000,4,2,505
42,medium,deepseekv4_attnmhc,tiny_shakespeare,2048000,4,3,508
42,medium,deepseekv4_attnmhc,tiny_shakespeare,2048000,4,4,532
42,medium,deepseekv4_attnmhc,tiny_shakespeare,2048000,4,5,505
42,medium,deepseekv4_attnmhc,tiny_shakespeare,2048000,4,6,572
42,medium,deepseekv4_attnmhc,tiny_shakespeare,2048000,4,7,507
42,medium,deepseekv4_attnmhc,tiny_shakespeare,2048000,5,0,518
42,medium,deepseekv4_attnmhc,tiny_shakespeare,2048000,5,1,470
42,medium,deepseekv4_attnmhc,tiny_shakespeare,2048000,5,2,484
42,medium,deepseekv4_attnmhc,tiny_shakespeare,2048000,5,3,530
42,medium,deepseekv4_attnmhc,tiny_shakespeare,2048000,5,4,574
42,medium,deepseekv4_attnmhc,tiny_shakespeare,2048000,5,5,497
42,medium,deepseekv4_attnmhc,tiny_shakespeare,2048000,5,6,485
42,medium,deepseekv4_attnmhc,tiny_shakespeare,2048000,5,7,538
42,medium,deepseekv4_attnmhc_2h,tiny_shakespeare,2048,0,0,369
42,medium,deepseekv4_attnmhc_2h,tiny_shakespeare,2048,0,1,230
42,medium,deepseekv4_attnmhc_2h,tiny_shakespeare,2048,0,2,393
42,medium,deepseekv4_attnmhc_2h,tiny_shakespeare,2048,0,3,876
42,medium,deepseekv4_attnmhc_2h,tiny_shakespeare,2048,0,4,417
42,medium,deepseekv4_attnmhc_2h,tiny_shakespeare,2048,0,5,684
42,medium,deepseekv4_attnmhc_2h,tiny_shakespeare,2048,0,6,277
42,medium,deepseekv4_attnmhc_2h,tiny_shakespeare,2048,0,7,850
42,medium,deepseekv4_attnmhc_2h,tiny_shakespeare,2048,1,0,395
42,medium,deepseekv4_attnmhc_2h,tiny_shakespeare,2048,1,1,404
42,medium,deepseekv4_attnmhc_2h,tiny_shakespeare,2048,1,2,918
42,medium,deepseekv4_attnmhc_2h,tiny_shakespeare,2048,1,3,496
42,medium,deepseekv4_attnmhc_2h,tiny_shakespeare,2048,1,4,652
42,medium,deepseekv4_attnmhc_2h,tiny_shakespeare,2048,1,5,310
42,medium,deepseekv4_attnmhc_2h,tiny_shakespeare,2048,1,6,524
42,medium,deepseekv4_attnmhc_2h,tiny_shakespeare,2048,1,7,397
42,medium,deepseekv4_attnmhc_2h,tiny_shakespeare,2048,2,0,342
42,medium,deepseekv4_attnmhc_2h,tiny_shakespeare,2048,2,1,1019
42,medium,deepseekv4_attnmhc_2h,tiny_shakespeare,2048,2,2,652
42,medium,deepseekv4_attnmhc_2h,tiny_shakespeare,2048,2,3,358
42,medium,deepseekv4_attnmhc_2h,tiny_shakespeare,2048,2,4,581
42,medium,deepseekv4_attnmhc_2h,tiny_shakespeare,2048,2,5,502
42,medium,deepseekv4_attnmhc_2h,tiny_shakespeare,2048,2,6,201
42,medium,deepseekv4_attnmhc_2h,tiny_shakespeare,2048,2,7,441
42,medium,deepseekv4_attnmhc_2h,tiny_shakespeare,2048,3,0,674
42,medium,deepseekv4_attnmhc_2h,tiny_shakespeare,2048,3,1,518
42,medium,deepseekv4_attnmhc_2h,tiny_shakespeare,2048,3,2,396
42,medium,deepseekv4_attnmhc_2h,tiny_shakespeare,2048,3,3,561
42,medium,deepseekv4_attnmhc_2h,tiny_shakespeare,2048,3,4,401
42,medium,deepseekv4_attnmhc_2h,tiny_shakespeare,2048,3,5,712
42,medium,deepseekv4_attnmhc_2h,tiny_shakespeare,2048,3,6,580
42,medium,deepseekv4_attnmhc_2h,tiny_shakespeare,2048,3,7,254
42,medium,deepseekv4_attnmhc_2h,tiny_shakespeare,2048,4,0,484
42,medium,deepseekv4_attnmhc_2h,tiny_shakespeare,2048,4,1,693
42,medium,deepseekv4_attnmhc_2h,tiny_shakespeare,2048,4,2,501
42,medium,deepseekv4_attnmhc_2h,tiny_shakespeare,2048,4,3,546
42,medium,deepseekv4_attnmhc_2h,tiny_shakespeare,2048,4,4,585
42,medium,deepseekv4_attnmhc_2h,tiny_shakespeare,2048,4,5,191
42,medium,deepseekv4_attnmhc_2h,tiny_shakespeare,2048,4,6,307
42,medium,deepseekv4_attnmhc_2h,tiny_shakespeare,2048,4,7,789
42,medium,deepseekv4_attnmhc_2h,tiny_shakespeare,2048,5,0,351
42,medium,deepseekv4_attnmhc_2h,tiny_shakespeare,2048,5,1,84
42,medium,deepseekv4_attnmhc_2h,tiny_shakespeare,2048,5,2,875
42,medium,deepseekv4_attnmhc_2h,tiny_shakespeare,2048,5,3,740
42,medium,deepseekv4_attnmhc_2h,tiny_shakespeare,2048,5,4,428
42,medium,deepseekv4_attnmhc_2h,tiny_shakespeare,2048,5,5,555
42,medium,deepseekv4_attnmhc_2h,tiny_shakespeare,2048,5,6,683
42,medium,deepseekv4_attnmhc_2h,tiny_shakespeare,2048,5,7,380
42,medium,deepseekv4_attnmhc_2h,tiny_shakespeare,204800,0,0,331
42,medium,deepseekv4_attnmhc_2h,tiny_shakespeare,204800,0,1,241
42,medium,deepseekv4_attnmhc_2h,tiny_shakespeare,204800,0,2,383
42,medium,deepseekv4_attnmhc_2h,tiny_shakespeare,204800,0,3,871
42,medium,deepseekv4_attnmhc_2h,tiny_shakespeare,204800,0,4,402
42,medium,deepseekv4_attnmhc_2h,tiny_shakespeare,204800,0,5,695
42,medium,deepseekv4_attnmhc_2h,tiny_shakespeare,204800,0,6,288
42,medium,deepseekv4_attnmhc_2h,tiny_shakespeare,204800,0,7,885
42,medium,deepseekv4_attnmhc_2h,tiny_shakespeare,204800,1,0,359
42,medium,deepseekv4_attnmhc_2h,tiny_shakespeare,204800,1,1,419
42,medium,deepseekv4_attnmhc_2h,tiny_shakespeare,204800,1,2,1001
42,medium,deepseekv4_attnmhc_2h,tiny_shakespeare,204800,1,3,513
42,medium,deepseekv4_attnmhc_2h,tiny_shakespeare,204800,1,4,648
42,medium,deepseekv4_attnmhc_2h,tiny_shakespeare,204800,1,5,305
42,medium,deepseekv4_attnmhc_2h,tiny_shakespeare,204800,1,6,482
42,medium,deepseekv4_attnmhc_2h,tiny_shakespeare,204800,1,7,369
42,medium,deepseekv4_attnmhc_2h,tiny_shakespeare,204800,2,0,798
42,medium,deepseekv4_attnmhc_2h,tiny_shakespeare,204800,2,1,263
42,medium,deepseekv4_attnmhc_2h,tiny_shakespeare,204800,2,2,621
42,medium,deepseekv4_attnmhc_2h,tiny_shakespeare,204800,2,3,251
42,medium,deepseekv4_attnmhc_2h,tiny_shakespeare,204800,2,4,553
42,medium,deepseekv4_attnmhc_2h,tiny_shakespeare,204800,2,5,509
42,medium,deepseekv4_attnmhc_2h,tiny_shakespeare,204800,2,6,387
42,medium,deepseekv4_attnmhc_2h,tiny_shakespeare,204800,2,7,714
42,medium,deepseekv4_attnmhc_2h,tiny_shakespeare,204800,3,0,724
42,medium,deepseekv4_attnmhc_2h,tiny_shakespeare,204800,3,1,518
42,medium,deepseekv4_attnmhc_2h,tiny_shakespeare,204800,3,2,594
42,medium,deepseekv4_attnmhc_2h,tiny_shakespeare,204800,3,3,484
42,medium,deepseekv4_attnmhc_2h,tiny_shakespeare,204800,3,4,472
42,medium,deepseekv4_attnmhc_2h,tiny_shakespeare,204800,3,5,258
42,medium,deepseekv4_attnmhc_2h,tiny_shakespeare,204800,3,6,532
42,medium,deepseekv4_attnmhc_2h,tiny_shakespeare,204800,3,7,514
42,medium,deepseekv4_attnmhc_2h,tiny_shakespeare,204800,4,0,814
42,medium,deepseekv4_attnmhc_2h,tiny_shakespeare,204800,4,1,505
42,medium,deepseekv4_attnmhc_2h,tiny_shakespeare,204800,4,2,447
42,medium,deepseekv4_attnmhc_2h,tiny_shakespeare,204800,4,3,261
42,medium,deepseekv4_attnmhc_2h,tiny_shakespeare,204800,4,4,694
42,medium,deepseekv4_attnmhc_2h,tiny_shakespeare,204800,4,5,535
42,medium,deepseekv4_attnmhc_2h,tiny_shakespeare,204800,4,6,379
42,medium,deepseekv4_attnmhc_2h,tiny_shakespeare,204800,4,7,461
42,medium,deepseekv4_attnmhc_2h,tiny_shakespeare,204800,5,0,603
42,medium,deepseekv4_attnmhc_2h,tiny_shakespeare,204800,5,1,372
42,medium,deepseekv4_attnmhc_2h,tiny_shakespeare,204800,5,2,559
42,medium,deepseekv4_attnmhc_2h,tiny_shakespeare,204800,5,3,510
42,medium,deepseekv4_attnmhc_2h,tiny_shakespeare,204800,5,4,615
42,medium,deepseekv4_attnmhc_2h,tiny_shakespeare,204800,5,5,497
42,medium,deepseekv4_attnmhc_2h,tiny_shakespeare,204800,5,6,290
42,medium,deepseekv4_attnmhc_2h,tiny_shakespeare,204800,5,7,650
42,medium,deepseekv4_attnmhc_2h,tiny_shakespeare,409600,0,0,379
42,medium,deepseekv4_attnmhc_2h,tiny_shakespeare,409600,0,1,264
42,medium,deepseekv4_attnmhc_2h,tiny_shakespeare,409600,0,2,348
42,medium,deepseekv4_attnmhc_2h,tiny_shakespeare,409600,0,3,885
42,medium,deepseekv4_attnmhc_2h,tiny_shakespeare,409600,0,4,394
42,medium,deepseekv4_attnmhc_2h,tiny_shakespeare,409600,0,5,683
42,medium,deepseekv4_attnmhc_2h,tiny_shakespeare,409600,0,6,290
42,medium,deepseekv4_attnmhc_2h,tiny_shakespeare,409600,0,7,853
42,medium,deepseekv4_attnmhc_2h,tiny_shakespeare,409600,1,0,362
42,medium,deepseekv4_attnmhc_2h,tiny_shakespeare,409600,1,1,444
42,medium,deepseekv4_attnmhc_2h,tiny_shakespeare,409600,1,2,893
42,medium,deepseekv4_attnmhc_2h,tiny_shakespeare,409600,1,3,495
42,medium,deepseekv4_attnmhc_2h,tiny_shakespeare,409600,1,4,648
42,medium,deepseekv4_attnmhc_2h,tiny_shakespeare,409600,1,5,271
42,medium,deepseekv4_attnmhc_2h,tiny_shakespeare,409600,1,6,573
42,medium,deepseekv4_attnmhc_2h,tiny_shakespeare,409600,1,7,410
42,medium,deepseekv4_attnmhc_2h,tiny_shakespeare,409600,2,0,495
42,medium,deepseekv4_attnmhc_2h,tiny_shakespeare,409600,2,1,485
42,medium,deepseekv4_attnmhc_2h,tiny_shakespeare,409600,2,2,456
42,medium,deepseekv4_attnmhc_2h,tiny_shakespeare,409600,2,3,526
42,medium,deepseekv4_attnmhc_2h,tiny_shakespeare,409600,2,4,597
42,medium,deepseekv4_attnmhc_2h,tiny_shakespeare,409600,2,5,504
42,medium,deepseekv4_attnmhc_2h,tiny_shakespeare,409600,2,6,494
42,medium,deepseekv4_attnmhc_2h,tiny_shakespeare,409600,2,7,539
42,medium,deepseekv4_attnmhc_2h,tiny_shakespeare,409600,3,0,526
42,medium,deepseekv4_attnmhc_2h,tiny_shakespeare,409600,3,1,470
42,medium,deepseekv4_attnmhc_2h,tiny_shakespeare,409600,3,2,516
42,medium,deepseekv4_attnmhc_2h,tiny_shakespeare,409600,3,3,444
42,medium,deepseekv4_attnmhc_2h,tiny_shakespeare,409600,3,4,446
42,medium,deepseekv4_attnmhc_2h,tiny_shakespeare,409600,3,5,561
42,medium,deepseekv4_attnmhc_2h,tiny_shakespeare,409600,3,6,606
42,medium,deepseekv4_attnmhc_2h,tiny_shakespeare,409600,3,7,527
42,medium,deepseekv4_attnmhc_2h,tiny_shakespeare,409600,4,0,584
42,medium,deepseekv4_attnmhc_2h,tiny_shakespeare,409600,4,1,445
42,medium,deepseekv4_attnmhc_2h,tiny_shakespeare,409600,4,2,480
42,medium,deepseekv4_attnmhc_2h,tiny_shakespeare,409600,4,3,565
42,medium,deepseekv4_attnmhc_2h,tiny_shakespeare,409600,4,4,465
42,medium,deepseekv4_attnmhc_2h,tiny_shakespeare,409600,4,5,517
42,medium,deepseekv4_attnmhc_2h,tiny_shakespeare,409600,4,6,547
42,medium,deepseekv4_attnmhc_2h,tiny_shakespeare,409600,4,7,493
42,medium,deepseekv4_attnmhc_2h,tiny_shakespeare,409600,5,0,495
42,medium,deepseekv4_attnmhc_2h,tiny_shakespeare,409600,5,1,548
42,medium,deepseekv4_attnmhc_2h,tiny_shakespeare,409600,5,2,381
42,medium,deepseekv4_attnmhc_2h,tiny_shakespeare,409600,5,3,434
42,medium,deepseekv4_attnmhc_2h,tiny_shakespeare,409600,5,4,398
42,medium,deepseekv4_attnmhc_2h,tiny_shakespeare,409600,5,5,629
42,medium,deepseekv4_attnmhc_2h,tiny_shakespeare,409600,5,6,544
42,medium,deepseekv4_attnmhc_2h,tiny_shakespeare,409600,5,7,667
42,medium,deepseekv4_attnmhc_2h,tiny_shakespeare,614400,0,0,373
42,medium,deepseekv4_attnmhc_2h,tiny_shakespeare,614400,0,1,258
42,medium,deepseekv4_attnmhc_2h,tiny_shakespeare,614400,0,2,379
42,medium,deepseekv4_attnmhc_2h,tiny_shakespeare,614400,0,3,897
42,medium,deepseekv4_attnmhc_2h,tiny_shakespeare,614400,0,4,400
42,medium,deepseekv4_attnmhc_2h,tiny_shakespeare,614400,0,5,693
42,medium,deepseekv4_attnmhc_2h,tiny_shakespeare,614400,0,6,290
42,medium,deepseekv4_attnmhc_2h,tiny_shakespeare,614400,0,7,806
42,medium,deepseekv4_attnmhc_2h,tiny_shakespeare,614400,1,0,346
42,medium,deepseekv4_attnmhc_2h,tiny_shakespeare,614400,1,1,406
42,medium,deepseekv4_attnmhc_2h,tiny_shakespeare,614400,1,2,986
42,medium,deepseekv4_attnmhc_2h,tiny_shakespeare,614400,1,3,500
42,medium,deepseekv4_attnmhc_2h,tiny_shakespeare,614400,1,4,657
42,medium,deepseekv4_attnmhc_2h,tiny_shakespeare,614400,1,5,270
42,medium,deepseekv4_attnmhc_2h,tiny_shakespeare,614400,1,6,516
42,medium,deepseekv4_attnmhc_2h,tiny_shakespeare,614400,1,7,415
42,medium,deepseekv4_attnmhc_2h,tiny_shakespeare,614400,2,0,416
42,medium,deepseekv4_attnmhc_2h,tiny_shakespeare,614400,2,1,514
42,medium,deepseekv4_attnmhc_2h,tiny_shakespeare,614400,2,2,492
42,medium,deepseekv4_attnmhc_2h,tiny_shakespeare,614400,2,3,472
42,medium,deepseekv4_attnmhc_2h,tiny_shakespeare,614400,2,4,602
42,medium,deepseekv4_attnmhc_2h,tiny_shakespeare,614400,2,5,561
42,medium,deepseekv4_attnmhc_2h,tiny_shakespeare,614400,2,6,613
42,medium,deepseekv4_attnmhc_2h,tiny_shakespeare,614400,2,7,426
42,medium,deepseekv4_attnmhc_2h,tiny_shakespeare,614400,3,0,529
42,medium,deepseekv4_attnmhc_2h,tiny_shakespeare,614400,3,1,461
42,medium,deepseekv4_attnmhc_2h,tiny_shakespeare,614400,3,2,404
42,medium,deepseekv4_attnmhc_2h,tiny_shakespeare,614400,3,3,521
42,medium,deepseekv4_attnmhc_2h,tiny_shakespeare,614400,3,4,411
42,medium,deepseekv4_attnmhc_2h,tiny_shakespeare,614400,3,5,426
42,medium,deepseekv4_attnmhc_2h,tiny_shakespeare,614400,3,6,567
42,medium,deepseekv4_attnmhc_2h,tiny_shakespeare,614400,3,7,777
42,medium,deepseekv4_attnmhc_2h,tiny_shakespeare,614400,4,0,516
42,medium,deepseekv4_attnmhc_2h,tiny_shakespeare,614400,4,1,546
42,medium,deepseekv4_attnmhc_2h,tiny_shakespeare,614400,4,2,461
42,medium,deepseekv4_attnmhc_2h,tiny_shakespeare,614400,4,3,508
42,medium,deepseekv4_attnmhc_2h,tiny_shakespeare,614400,4,4,563
42,medium,deepseekv4_attnmhc_2h,tiny_shakespeare,614400,4,5,446
42,medium,deepseekv4_attnmhc_2h,tiny_shakespeare,614400,4,6,500
42,medium,deepseekv4_attnmhc_2h,tiny_shakespeare,614400,4,7,556
42,medium,deepseekv4_attnmhc_2h,tiny_shakespeare,614400,5,0,412
42,medium,deepseekv4_attnmhc_2h,tiny_shakespeare,614400,5,1,501
42,medium,deepseekv4_attnmhc_2h,tiny_shakespeare,614400,5,2,470
42,medium,deepseekv4_attnmhc_2h,tiny_shakespeare,614400,5,3,500
42,medium,deepseekv4_attnmhc_2h,tiny_shakespeare,614400,5,4,503
42,medium,deepseekv4_attnmhc_2h,tiny_shakespeare,614400,5,5,549
42,medium,deepseekv4_attnmhc_2h,tiny_shakespeare,614400,5,6,603
42,medium,deepseekv4_attnmhc_2h,tiny_shakespeare,614400,5,7,558
42,medium,deepseekv4_attnmhc_2h,tiny_shakespeare,819200,0,0,384
42,medium,deepseekv4_attnmhc_2h,tiny_shakespeare,819200,0,1,237
42,medium,deepseekv4_attnmhc_2h,tiny_shakespeare,819200,0,2,389
42,medium,deepseekv4_attnmhc_2h,tiny_shakespeare,819200,0,3,877
42,medium,deepseekv4_attnmhc_2h,tiny_shakespeare,819200,0,4,422
42,medium,deepseekv4_attnmhc_2h,tiny_shakespeare,819200,0,5,650
42,medium,deepseekv4_attnmhc_2h,tiny_shakespeare,819200,0,6,282
42,medium,deepseekv4_attnmhc_2h,tiny_shakespeare,819200,0,7,855
42,medium,deepseekv4_attnmhc_2h,tiny_shakespeare,819200,1,0,392
42,medium,deepseekv4_attnmhc_2h,tiny_shakespeare,819200,1,1,394
42,medium,deepseekv4_attnmhc_2h,tiny_shakespeare,819200,1,2,940
42,medium,deepseekv4_attnmhc_2h,tiny_shakespeare,819200,1,3,528
42,medium,deepseekv4_attnmhc_2h,tiny_shakespeare,819200,1,4,620
42,medium,deepseekv4_attnmhc_2h,tiny_shakespeare,819200,1,5,264
42,medium,deepseekv4_attnmhc_2h,tiny_shakespeare,819200,1,6,528
42,medium,deepseekv4_attnmhc_2h,tiny_shakespeare,819200,1,7,430
42,medium,deepseekv4_attnmhc_2h,tiny_shakespeare,819200,2,0,556
42,medium,deepseekv4_attnmhc_2h,tiny_shakespeare,819200,2,1,510
42,medium,deepseekv4_attnmhc_2h,tiny_shakespeare,819200,2,2,517
42,medium,deepseekv4_attnmhc_2h,tiny_shakespeare,819200,2,3,458
42,medium,deepseekv4_attnmhc_2h,tiny_shakespeare,819200,2,4,537
42,medium,deepseekv4_attnmhc_2h,tiny_shakespeare,819200,2,5,542
42,medium,deepseekv4_attnmhc_2h,tiny_shakespeare,819200,2,6,483
42,medium,deepseekv4_attnmhc_2h,tiny_shakespeare,819200,2,7,493
42,medium,deepseekv4_attnmhc_2h,tiny_shakespeare,819200,3,0,514
42,medium,deepseekv4_attnmhc_2h,tiny_shakespeare,819200,3,1,586
42,medium,deepseekv4_attnmhc_2h,tiny_shakespeare,819200,3,2,472
42,medium,deepseekv4_attnmhc_2h,tiny_shakespeare,819200,3,3,509
42,medium,deepseekv4_attnmhc_2h,tiny_shakespeare,819200,3,4,498
42,medium,deepseekv4_attnmhc_2h,tiny_shakespeare,819200,3,5,402
42,medium,deepseekv4_attnmhc_2h,tiny_shakespeare,819200,3,6,524
42,medium,deepseekv4_attnmhc_2h,tiny_shakespeare,819200,3,7,591
42,medium,deepseekv4_attnmhc_2h,tiny_shakespeare,819200,4,0,467
42,medium,deepseekv4_attnmhc_2h,tiny_shakespeare,819200,4,1,597
42,medium,deepseekv4_attnmhc_2h,tiny_shakespeare,819200,4,2,480
42,medium,deepseekv4_attnmhc_2h,tiny_shakespeare,819200,4,3,595
42,medium,deepseekv4_attnmhc_2h,tiny_shakespeare,819200,4,4,469
42,medium,deepseekv4_attnmhc_2h,tiny_shakespeare,819200,4,5,514
42,medium,deepseekv4_attnmhc_2h,tiny_shakespeare,819200,4,6,513
42,medium,deepseekv4_attnmhc_2h,tiny_shakespeare,819200,4,7,461
42,medium,deepseekv4_attnmhc_2h,tiny_shakespeare,819200,5,0,454
42,medium,deepseekv4_attnmhc_2h,tiny_shakespeare,819200,5,1,527
42,medium,deepseekv4_attnmhc_2h,tiny_shakespeare,819200,5,2,519
42,medium,deepseekv4_attnmhc_2h,tiny_shakespeare,819200,5,3,530
42,medium,deepseekv4_attnmhc_2h,tiny_shakespeare,819200,5,4,483
42,medium,deepseekv4_attnmhc_2h,tiny_shakespeare,819200,5,5,515
42,medium,deepseekv4_attnmhc_2h,tiny_shakespeare,819200,5,6,486
42,medium,deepseekv4_attnmhc_2h,tiny_shakespeare,819200,5,7,582
42,medium,deepseekv4_attnmhc_2h,tiny_shakespeare,1024000,0,0,344
42,medium,deepseekv4_attnmhc_2h,tiny_shakespeare,1024000,0,1,251
42,medium,deepseekv4_attnmhc_2h,tiny_shakespeare,1024000,0,2,366
42,medium,deepseekv4_attnmhc_2h,tiny_shakespeare,1024000,0,3,865
42,medium,deepseekv4_attnmhc_2h,tiny_shakespeare,1024000,0,4,429
42,medium,deepseekv4_attnmhc_2h,tiny_shakespeare,1024000,0,5,739
42,medium,deepseekv4_attnmhc_2h,tiny_shakespeare,1024000,0,6,259
42,medium,deepseekv4_attnmhc_2h,tiny_shakespeare,1024000,0,7,843
42,medium,deepseekv4_attnmhc_2h,tiny_shakespeare,1024000,1,0,373
42,medium,deepseekv4_attnmhc_2h,tiny_shakespeare,1024000,1,1,401
42,medium,deepseekv4_attnmhc_2h,tiny_shakespeare,1024000,1,2,922
42,medium,deepseekv4_attnmhc_2h,tiny_shakespeare,1024000,1,3,499
42,medium,deepseekv4_attnmhc_2h,tiny_shakespeare,1024000,1,4,667
42,medium,deepseekv4_attnmhc_2h,tiny_shakespeare,1024000,1,5,292
42,medium,deepseekv4_attnmhc_2h,tiny_shakespeare,1024000,1,6,523
42,medium,deepseekv4_attnmhc_2h,tiny_shakespeare,1024000,1,7,419
42,medium,deepseekv4_attnmhc_2h,tiny_shakespeare,1024000,2,0,515
42,medium,deepseekv4_attnmhc_2h,tiny_shakespeare,1024000,2,1,538
42,medium,deepseekv4_attnmhc_2h,tiny_shakespeare,1024000,2,2,540
42,medium,deepseekv4_attnmhc_2h,tiny_shakespeare,1024000,2,3,570
42,medium,deepseekv4_attnmhc_2h,tiny_shakespeare,1024000,2,4,474
42,medium,deepseekv4_attnmhc_2h,tiny_shakespeare,1024000,2,5,513
42,medium,deepseekv4_attnmhc_2h,tiny_shakespeare,1024000,2,6,503
42,medium,deepseekv4_attnmhc_2h,tiny_shakespeare,1024000,2,7,443
42,medium,deepseekv4_attnmhc_2h,tiny_shakespeare,1024000,3,0,558
42,medium,deepseekv4_attnmhc_2h,tiny_shakespeare,1024000,3,1,403
42,medium,deepseekv4_attnmhc_2h,tiny_shakespeare,1024000,3,2,479
42,medium,deepseekv4_attnmhc_2h,tiny_shakespeare,1024000,3,3,530
42,medium,deepseekv4_attnmhc_2h,tiny_shakespeare,1024000,3,4,556
42,medium,deepseekv4_attnmhc_2h,tiny_shakespeare,1024000,3,5,464
42,medium,deepseekv4_attnmhc_2h,tiny_shakespeare,1024000,3,6,537
42,medium,deepseekv4_attnmhc_2h,tiny_shakespeare,1024000,3,7,569
42,medium,deepseekv4_attnmhc_2h,tiny_shakespeare,1024000,4,0,513
42,medium,deepseekv4_attnmhc_2h,tiny_shakespeare,1024000,4,1,488
42,medium,deepseekv4_attnmhc_2h,tiny_shakespeare,1024000,4,2,476
42,medium,deepseekv4_attnmhc_2h,tiny_shakespeare,1024000,4,3,515
42,medium,deepseekv4_attnmhc_2h,tiny_shakespeare,1024000,4,4,440
42,medium,deepseekv4_attnmhc_2h,tiny_shakespeare,1024000,4,5,507
42,medium,deepseekv4_attnmhc_2h,tiny_shakespeare,1024000,4,6,621
42,medium,deepseekv4_attnmhc_2h,tiny_shakespeare,1024000,4,7,536
42,medium,deepseekv4_attnmhc_2h,tiny_shakespeare,1024000,5,0,538
42,medium,deepseekv4_attnmhc_2h,tiny_shakespeare,1024000,5,1,513
42,medium,deepseekv4_attnmhc_2h,tiny_shakespeare,1024000,5,2,488
42,medium,deepseekv4_attnmhc_2h,tiny_shakespeare,1024000,5,3,515
42,medium,deepseekv4_attnmhc_2h,tiny_shakespeare,1024000,5,4,509
42,medium,deepseekv4_attnmhc_2h,tiny_shakespeare,1024000,5,5,482
42,medium,deepseekv4_attnmhc_2h,tiny_shakespeare,1024000,5,6,549
42,medium,deepseekv4_attnmhc_2h,tiny_shakespeare,1024000,5,7,502
42,medium,deepseekv4_attnmhc_2h,tiny_shakespeare,1228800,0,0,379
42,medium,deepseekv4_attnmhc_2h,tiny_shakespeare,1228800,0,1,241
42,medium,deepseekv4_attnmhc_2h,tiny_shakespeare,1228800,0,2,401
42,medium,deepseekv4_attnmhc_2h,tiny_shakespeare,1228800,0,3,887
42,medium,deepseekv4_attnmhc_2h,tiny_shakespeare,1228800,0,4,347
42,medium,deepseekv4_attnmhc_2h,tiny_shakespeare,1228800,0,5,695
42,medium,deepseekv4_attnmhc_2h,tiny_shakespeare,1228800,0,6,301
42,medium,deepseekv4_attnmhc_2h,tiny_shakespeare,1228800,0,7,845
42,medium,deepseekv4_attnmhc_2h,tiny_shakespeare,1228800,1,0,382
42,medium,deepseekv4_attnmhc_2h,tiny_shakespeare,1228800,1,1,391
42,medium,deepseekv4_attnmhc_2h,tiny_shakespeare,1228800,1,2,938
42,medium,deepseekv4_attnmhc_2h,tiny_shakespeare,1228800,1,3,510
42,medium,deepseekv4_attnmhc_2h,tiny_shakespeare,1228800,1,4,642
42,medium,deepseekv4_attnmhc_2h,tiny_shakespeare,1228800,1,5,279
42,medium,deepseekv4_attnmhc_2h,tiny_shakespeare,1228800,1,6,540
42,medium,deepseekv4_attnmhc_2h,tiny_shakespeare,1228800,1,7,414
42,medium,deepseekv4_attnmhc_2h,tiny_shakespeare,1228800,2,0,501
42,medium,deepseekv4_attnmhc_2h,tiny_shakespeare,1228800,2,1,533
42,medium,deepseekv4_attnmhc_2h,tiny_shakespeare,1228800,2,2,555
42,medium,deepseekv4_attnmhc_2h,tiny_shakespeare,1228800,2,3,616
42,medium,deepseekv4_attnmhc_2h,tiny_shakespeare,1228800,2,4,506
42,medium,deepseekv4_attnmhc_2h,tiny_shakespeare,1228800,2,5,532
42,medium,deepseekv4_attnmhc_2h,tiny_shakespeare,1228800,2,6,486
42,medium,deepseekv4_attnmhc_2h,tiny_shakespeare,1228800,2,7,367
42,medium,deepseekv4_attnmhc_2h,tiny_shakespeare,1228800,3,0,387
42,medium,deepseekv4_attnmhc_2h,tiny_shakespeare,1228800,3,1,623
42,medium,deepseekv4_attnmhc_2h,tiny_shakespeare,1228800,3,2,562
42,medium,deepseekv4_attnmhc_2h,tiny_shakespeare,1228800,3,3,509
42,medium,deepseekv4_attnmhc_2h,tiny_shakespeare,1228800,3,4,560
42,medium,deepseekv4_attnmhc_2h,tiny_shakespeare,1228800,3,5,482
42,medium,deepseekv4_attnmhc_2h,tiny_shakespeare,1228800,3,6,476
42,medium,deepseekv4_attnmhc_2h,tiny_shakespeare,1228800,3,7,497
42,medium,deepseekv4_attnmhc_2h,tiny_shakespeare,1228800,4,0,501
42,medium,deepseekv4_attnmhc_2h,tiny_shakespeare,1228800,4,1,482
42,medium,deepseekv4_attnmhc_2h,tiny_shakespeare,1228800,4,2,539
42,medium,deepseekv4_attnmhc_2h,tiny_shakespeare,1228800,4,3,503
42,medium,deepseekv4_attnmhc_2h,tiny_shakespeare,1228800,4,4,499
42,medium,deepseekv4_attnmhc_2h,tiny_shakespeare,1228800,4,5,484
42,medium,deepseekv4_attnmhc_2h,tiny_shakespeare,1228800,4,6,640
42,medium,deepseekv4_attnmhc_2h,tiny_shakespeare,1228800,4,7,448
42,medium,deepseekv4_attnmhc_2h,tiny_shakespeare,1228800,5,0,563
42,medium,deepseekv4_attnmhc_2h,tiny_shakespeare,1228800,5,1,449
42,medium,deepseekv4_attnmhc_2h,tiny_shakespeare,1228800,5,2,443
42,medium,deepseekv4_attnmhc_2h,tiny_shakespeare,1228800,5,3,537
42,medium,deepseekv4_attnmhc_2h,tiny_shakespeare,1228800,5,4,526
42,medium,deepseekv4_attnmhc_2h,tiny_shakespeare,1228800,5,5,466
42,medium,deepseekv4_attnmhc_2h,tiny_shakespeare,1228800,5,6,563
42,medium,deepseekv4_attnmhc_2h,tiny_shakespeare,1228800,5,7,549
42,medium,deepseekv4_attnmhc_2h,tiny_shakespeare,1433600,0,0,399
42,medium,deepseekv4_attnmhc_2h,tiny_shakespeare,1433600,0,1,248
42,medium,deepseekv4_attnmhc_2h,tiny_shakespeare,1433600,0,2,382
42,medium,deepseekv4_attnmhc_2h,tiny_shakespeare,1433600,0,3,899
42,medium,deepseekv4_attnmhc_2h,tiny_shakespeare,1433600,0,4,395
42,medium,deepseekv4_attnmhc_2h,tiny_shakespeare,1433600,0,5,669
42,medium,deepseekv4_attnmhc_2h,tiny_shakespeare,1433600,0,6,271
42,medium,deepseekv4_attnmhc_2h,tiny_shakespeare,1433600,0,7,833
42,medium,deepseekv4_attnmhc_2h,tiny_shakespeare,1433600,1,0,384
42,medium,deepseekv4_attnmhc_2h,tiny_shakespeare,1433600,1,1,408
42,medium,deepseekv4_attnmhc_2h,tiny_shakespeare,1433600,1,2,937
42,medium,deepseekv4_attnmhc_2h,tiny_shakespeare,1433600,1,3,491
42,medium,deepseekv4_attnmhc_2h,tiny_shakespeare,1433600,1,4,652
42,medium,deepseekv4_attnmhc_2h,tiny_shakespeare,1433600,1,5,284
42,medium,deepseekv4_attnmhc_2h,tiny_shakespeare,1433600,1,6,516
42,medium,deepseekv4_attnmhc_2h,tiny_shakespeare,1433600,1,7,424
42,medium,deepseekv4_attnmhc_2h,tiny_shakespeare,1433600,2,0,483
42,medium,deepseekv4_attnmhc_2h,tiny_shakespeare,1433600,2,1,509
42,medium,deepseekv4_attnmhc_2h,tiny_shakespeare,1433600,2,2,525
42,medium,deepseekv4_attnmhc_2h,tiny_shakespeare,1433600,2,3,507
42,medium,deepseekv4_attnmhc_2h,tiny_shakespeare,1433600,2,4,528
42,medium,deepseekv4_attnmhc_2h,tiny_shakespeare,1433600,2,5,521
42,medium,deepseekv4_attnmhc_2h,tiny_shakespeare,1433600,2,6,526
42,medium,deepseekv4_attnmhc_2h,tiny_shakespeare,1433600,2,7,497
42,medium,deepseekv4_attnmhc_2h,tiny_shakespeare,1433600,3,0,501
42,medium,deepseekv4_attnmhc_2h,tiny_shakespeare,1433600,3,1,512
42,medium,deepseekv4_attnmhc_2h,tiny_shakespeare,1433600,3,2,524
42,medium,deepseekv4_attnmhc_2h,tiny_shakespeare,1433600,3,3,555
42,medium,deepseekv4_attnmhc_2h,tiny_shakespeare,1433600,3,4,591
42,medium,deepseekv4_attnmhc_2h,tiny_shakespeare,1433600,3,5,404
42,medium,deepseekv4_attnmhc_2h,tiny_shakespeare,1433600,3,6,529
42,medium,deepseekv4_attnmhc_2h,tiny_shakespeare,1433600,3,7,480
42,medium,deepseekv4_attnmhc_2h,tiny_shakespeare,1433600,4,0,551
42,medium,deepseekv4_attnmhc_2h,tiny_shakespeare,1433600,4,1,468
42,medium,deepseekv4_attnmhc_2h,tiny_shakespeare,1433600,4,2,525
42,medium,deepseekv4_attnmhc_2h,tiny_shakespeare,1433600,4,3,503
42,medium,deepseekv4_attnmhc_2h,tiny_shakespeare,1433600,4,4,599
42,medium,deepseekv4_attnmhc_2h,tiny_shakespeare,1433600,4,5,498
42,medium,deepseekv4_attnmhc_2h,tiny_shakespeare,1433600,4,6,463
42,medium,deepseekv4_attnmhc_2h,tiny_shakespeare,1433600,4,7,489
42,medium,deepseekv4_attnmhc_2h,tiny_shakespeare,1433600,5,0,511
42,medium,deepseekv4_attnmhc_2h,tiny_shakespeare,1433600,5,1,400
42,medium,deepseekv4_attnmhc_2h,tiny_shakespeare,1433600,5,2,627
42,medium,deepseekv4_attnmhc_2h,tiny_shakespeare,1433600,5,3,530
42,medium,deepseekv4_attnmhc_2h,tiny_shakespeare,1433600,5,4,556
42,medium,deepseekv4_attnmhc_2h,tiny_shakespeare,1433600,5,5,458
42,medium,deepseekv4_attnmhc_2h,tiny_shakespeare,1433600,5,6,491
42,medium,deepseekv4_attnmhc_2h,tiny_shakespeare,1433600,5,7,523
42,medium,deepseekv4_attnmhc_2h,tiny_shakespeare,1638400,0,0,392
42,medium,deepseekv4_attnmhc_2h,tiny_shakespeare,1638400,0,1,260
42,medium,deepseekv4_attnmhc_2h,tiny_shakespeare,1638400,0,2,386
42,medium,deepseekv4_attnmhc_2h,tiny_shakespeare,1638400,0,3,876
42,medium,deepseekv4_attnmhc_2h,tiny_shakespeare,1638400,0,4,400
42,medium,deepseekv4_attnmhc_2h,tiny_shakespeare,1638400,0,5,681
42,medium,deepseekv4_attnmhc_2h,tiny_shakespeare,1638400,0,6,291
42,medium,deepseekv4_attnmhc_2h,tiny_shakespeare,1638400,0,7,810
42,medium,deepseekv4_attnmhc_2h,tiny_shakespeare,1638400,1,0,371
42,medium,deepseekv4_attnmhc_2h,tiny_shakespeare,1638400,1,1,399
42,medium,deepseekv4_attnmhc_2h,tiny_shakespeare,1638400,1,2,891
42,medium,deepseekv4_attnmhc_2h,tiny_shakespeare,1638400,1,3,490
42,medium,deepseekv4_attnmhc_2h,tiny_shakespeare,1638400,1,4,659
42,medium,deepseekv4_attnmhc_2h,tiny_shakespeare,1638400,1,5,294
42,medium,deepseekv4_attnmhc_2h,tiny_shakespeare,1638400,1,6,562
42,medium,deepseekv4_attnmhc_2h,tiny_shakespeare,1638400,1,7,430
42,medium,deepseekv4_attnmhc_2h,tiny_shakespeare,1638400,2,0,466
42,medium,deepseekv4_attnmhc_2h,tiny_shakespeare,1638400,2,1,475
42,medium,deepseekv4_attnmhc_2h,tiny_shakespeare,1638400,2,2,506
42,medium,deepseekv4_attnmhc_2h,tiny_shakespeare,1638400,2,3,481
42,medium,deepseekv4_attnmhc_2h,tiny_shakespeare,1638400,2,4,578
42,medium,deepseekv4_attnmhc_2h,tiny_shakespeare,1638400,2,5,488
42,medium,deepseekv4_attnmhc_2h,tiny_shakespeare,1638400,2,6,523
42,medium,deepseekv4_attnmhc_2h,tiny_shakespeare,1638400,2,7,579
42,medium,deepseekv4_attnmhc_2h,tiny_shakespeare,1638400,3,0,580
42,medium,deepseekv4_attnmhc_2h,tiny_shakespeare,1638400,3,1,472
42,medium,deepseekv4_attnmhc_2h,tiny_shakespeare,1638400,3,2,534
42,medium,deepseekv4_attnmhc_2h,tiny_shakespeare,1638400,3,3,503
42,medium,deepseekv4_attnmhc_2h,tiny_shakespeare,1638400,3,4,526
42,medium,deepseekv4_attnmhc_2h,tiny_shakespeare,1638400,3,5,564
42,medium,deepseekv4_attnmhc_2h,tiny_shakespeare,1638400,3,6,408
42,medium,deepseekv4_attnmhc_2h,tiny_shakespeare,1638400,3,7,509
42,medium,deepseekv4_attnmhc_2h,tiny_shakespeare,1638400,4,0,495
42,medium,deepseekv4_attnmhc_2h,tiny_shakespeare,1638400,4,1,459
42,medium,deepseekv4_attnmhc_2h,tiny_shakespeare,1638400,4,2,525
42,medium,deepseekv4_attnmhc_2h,tiny_shakespeare,1638400,4,3,490
42,medium,deepseekv4_attnmhc_2h,tiny_shakespeare,1638400,4,4,499
42,medium,deepseekv4_attnmhc_2h,tiny_shakespeare,1638400,4,5,590
42,medium,deepseekv4_attnmhc_2h,tiny_shakespeare,1638400,4,6,477
42,medium,deepseekv4_attnmhc_2h,tiny_shakespeare,1638400,4,7,561
42,medium,deepseekv4_attnmhc_2h,tiny_shakespeare,1638400,5,0,539
42,medium,deepseekv4_attnmhc_2h,tiny_shakespeare,1638400,5,1,499
42,medium,deepseekv4_attnmhc_2h,tiny_shakespeare,1638400,5,2,512
42,medium,deepseekv4_attnmhc_2h,tiny_shakespeare,1638400,5,3,536
42,medium,deepseekv4_attnmhc_2h,tiny_shakespeare,1638400,5,4,489
42,medium,deepseekv4_attnmhc_2h,tiny_shakespeare,1638400,5,5,511
42,medium,deepseekv4_attnmhc_2h,tiny_shakespeare,1638400,5,6,569
42,medium,deepseekv4_attnmhc_2h,tiny_shakespeare,1638400,5,7,441
42,medium,deepseekv4_attnmhc_2h,tiny_shakespeare,1843200,0,0,335
42,medium,deepseekv4_attnmhc_2h,tiny_shakespeare,1843200,0,1,229
42,medium,deepseekv4_attnmhc_2h,tiny_shakespeare,1843200,0,2,356
42,medium,deepseekv4_attnmhc_2h,tiny_shakespeare,1843200,0,3,883
42,medium,deepseekv4_attnmhc_2h,tiny_shakespeare,1843200,0,4,408
42,medium,deepseekv4_attnmhc_2h,tiny_shakespeare,1843200,0,5,697
42,medium,deepseekv4_attnmhc_2h,tiny_shakespeare,1843200,0,6,317
42,medium,deepseekv4_attnmhc_2h,tiny_shakespeare,1843200,0,7,871
42,medium,deepseekv4_attnmhc_2h,tiny_shakespeare,1843200,1,0,381
42,medium,deepseekv4_attnmhc_2h,tiny_shakespeare,1843200,1,1,368
42,medium,deepseekv4_attnmhc_2h,tiny_shakespeare,1843200,1,2,935
42,medium,deepseekv4_attnmhc_2h,tiny_shakespeare,1843200,1,3,501
42,medium,deepseekv4_attnmhc_2h,tiny_shakespeare,1843200,1,4,621
42,medium,deepseekv4_attnmhc_2h,tiny_shakespeare,1843200,1,5,310
42,medium,deepseekv4_attnmhc_2h,tiny_shakespeare,1843200,1,6,557
42,medium,deepseekv4_attnmhc_2h,tiny_shakespeare,1843200,1,7,423
42,medium,deepseekv4_attnmhc_2h,tiny_shakespeare,1843200,2,0,478
42,medium,deepseekv4_attnmhc_2h,tiny_shakespeare,1843200,2,1,526
42,medium,deepseekv4_attnmhc_2h,tiny_shakespeare,1843200,2,2,535
42,medium,deepseekv4_attnmhc_2h,tiny_shakespeare,1843200,2,3,548
42,medium,deepseekv4_attnmhc_2h,tiny_shakespeare,1843200,2,4,442
42,medium,deepseekv4_attnmhc_2h,tiny_shakespeare,1843200,2,5,518
42,medium,deepseekv4_attnmhc_2h,tiny_shakespeare,1843200,2,6,470
42,medium,deepseekv4_attnmhc_2h,tiny_shakespeare,1843200,2,7,579
42,medium,deepseekv4_attnmhc_2h,tiny_shakespeare,1843200,3,0,548
42,medium,deepseekv4_attnmhc_2h,tiny_shakespeare,1843200,3,1,478
42,medium,deepseekv4_attnmhc_2h,tiny_shakespeare,1843200,3,2,537
42,medium,deepseekv4_attnmhc_2h,tiny_shakespeare,1843200,3,3,476
42,medium,deepseekv4_attnmhc_2h,tiny_shakespeare,1843200,3,4,555
42,medium,deepseekv4_attnmhc_2h,tiny_shakespeare,1843200,3,5,530
42,medium,deepseekv4_attnmhc_2h,tiny_shakespeare,1843200,3,6,566
42,medium,deepseekv4_attnmhc_2h,tiny_shakespeare,1843200,3,7,406
42,medium,deepseekv4_attnmhc_2h,tiny_shakespeare,1843200,4,0,454
42,medium,deepseekv4_attnmhc_2h,tiny_shakespeare,1843200,4,1,537
42,medium,deepseekv4_attnmhc_2h,tiny_shakespeare,1843200,4,2,561
42,medium,deepseekv4_attnmhc_2h,tiny_shakespeare,1843200,4,3,434
42,medium,deepseekv4_attnmhc_2h,tiny_shakespeare,1843200,4,4,484
42,medium,deepseekv4_attnmhc_2h,tiny_shakespeare,1843200,4,5,611
42,medium,deepseekv4_attnmhc_2h,tiny_shakespeare,1843200,4,6,578
42,medium,deepseekv4_attnmhc_2h,tiny_shakespeare,1843200,4,7,437
42,medium,deepseekv4_attnmhc_2h,tiny_shakespeare,1843200,5,0,621
42,medium,deepseekv4_attnmhc_2h,tiny_shakespeare,1843200,5,1,547
42,medium,deepseekv4_attnmhc_2h,tiny_shakespeare,1843200,5,2,432
42,medium,deepseekv4_attnmhc_2h,tiny_shakespeare,1843200,5,3,471
42,medium,deepseekv4_attnmhc_2h,tiny_shakespeare,1843200,5,4,474
42,medium,deepseekv4_attnmhc_2h,tiny_shakespeare,1843200,5,5,578
42,medium,deepseekv4_attnmhc_2h,tiny_shakespeare,1843200,5,6,502
42,medium,deepseekv4_attnmhc_2h,tiny_shakespeare,1843200,5,7,471
42,medium,deepseekv4_attnmhc_2h,tiny_shakespeare,2048000,0,0,387
42,medium,deepseekv4_attnmhc_2h,tiny_shakespeare,2048000,0,1,247
42,medium,deepseekv4_attnmhc_2h,tiny_shakespeare,2048000,0,2,372
42,medium,deepseekv4_attnmhc_2h,tiny_shakespeare,2048000,0,3,895
42,medium,deepseekv4_attnmhc_2h,tiny_shakespeare,2048000,0,4,401
42,medium,deepseekv4_attnmhc_2h,tiny_shakespeare,2048000,0,5,669
42,medium,deepseekv4_attnmhc_2h,tiny_shakespeare,2048000,0,6,285
42,medium,deepseekv4_attnmhc_2h,tiny_shakespeare,2048000,0,7,840
42,medium,deepseekv4_attnmhc_2h,tiny_shakespeare,2048000,1,0,350
42,medium,deepseekv4_attnmhc_2h,tiny_shakespeare,2048000,1,1,398
42,medium,deepseekv4_attnmhc_2h,tiny_shakespeare,2048000,1,2,938
42,medium,deepseekv4_attnmhc_2h,tiny_shakespeare,2048000,1,3,526
42,medium,deepseekv4_attnmhc_2h,tiny_shakespeare,2048000,1,4,656
42,medium,deepseekv4_attnmhc_2h,tiny_shakespeare,2048000,1,5,284
42,medium,deepseekv4_attnmhc_2h,tiny_shakespeare,2048000,1,6,522
42,medium,deepseekv4_attnmhc_2h,tiny_shakespeare,2048000,1,7,422
42,medium,deepseekv4_attnmhc_2h,tiny_shakespeare,2048000,2,0,510
42,medium,deepseekv4_attnmhc_2h,tiny_shakespeare,2048000,2,1,453
42,medium,deepseekv4_attnmhc_2h,tiny_shakespeare,2048000,2,2,547
42,medium,deepseekv4_attnmhc_2h,tiny_shakespeare,2048000,2,3,501
42,medium,deepseekv4_attnmhc_2h,tiny_shakespeare,2048000,2,4,524
42,medium,deepseekv4_attnmhc_2h,tiny_shakespeare,2048000,2,5,523
42,medium,deepseekv4_attnmhc_2h,tiny_shakespeare,2048000,2,6,510
42,medium,deepseekv4_attnmhc_2h,tiny_shakespeare,2048000,2,7,528
42,medium,deepseekv4_attnmhc_2h,tiny_shakespeare,2048000,3,0,482
42,medium,deepseekv4_attnmhc_2h,tiny_shakespeare,2048000,3,1,456
42,medium,deepseekv4_attnmhc_2h,tiny_shakespeare,2048000,3,2,546
42,medium,deepseekv4_attnmhc_2h,tiny_shakespeare,2048000,3,3,526
42,medium,deepseekv4_attnmhc_2h,tiny_shakespeare,2048000,3,4,530
42,medium,deepseekv4_attnmhc_2h,tiny_shakespeare,2048000,3,5,546
42,medium,deepseekv4_attnmhc_2h,tiny_shakespeare,2048000,3,6,460
42,medium,deepseekv4_attnmhc_2h,tiny_shakespeare,2048000,3,7,550
42,medium,deepseekv4_attnmhc_2h,tiny_shakespeare,2048000,4,0,530
42,medium,deepseekv4_attnmhc_2h,tiny_shakespeare,2048000,4,1,469
42,medium,deepseekv4_attnmhc_2h,tiny_shakespeare,2048000,4,2,495
42,medium,deepseekv4_attnmhc_2h,tiny_shakespeare,2048000,4,3,536
42,medium,deepseekv4_attnmhc_2h,tiny_shakespeare,2048000,4,4,556
42,medium,deepseekv4_attnmhc_2h,tiny_shakespeare,2048000,4,5,499
42,medium,deepseekv4_attnmhc_2h,tiny_shakespeare,2048000,4,6,527
42,medium,deepseekv4_attnmhc_2h,tiny_shakespeare,2048000,4,7,484
42,medium,deepseekv4_attnmhc_2h,tiny_shakespeare,2048000,5,0,514
42,medium,deepseekv4_attnmhc_2h,tiny_shakespeare,2048000,5,1,468
42,medium,deepseekv4_attnmhc_2h,tiny_shakespeare,2048000,5,2,566
42,medium,deepseekv4_attnmhc_2h,tiny_shakespeare,2048000,5,3,500
42,medium,deepseekv4_attnmhc_2h,tiny_shakespeare,2048000,5,4,551
42,medium,deepseekv4_attnmhc_2h,tiny_shakespeare,2048000,5,5,518
42,medium,deepseekv4_attnmhc_2h,tiny_shakespeare,2048000,5,6,484
42,medium,deepseekv4_attnmhc_2h,tiny_shakespeare,2048000,5,7,495
42,medium,deepseekv4_attnmhc_dnd,tiny_shakespeare,2048,0,0,369
42,medium,deepseekv4_attnmhc_dnd,tiny_shakespeare,2048,0,1,230
42,medium,deepseekv4_attnmhc_dnd,tiny_shakespeare,2048,0,2,393
42,medium,deepseekv4_attnmhc_dnd,tiny_shakespeare,2048,0,3,876
42,medium,deepseekv4_attnmhc_dnd,tiny_shakespeare,2048,0,4,417
42,medium,deepseekv4_attnmhc_dnd,tiny_shakespeare,2048,0,5,684
42,medium,deepseekv4_attnmhc_dnd,tiny_shakespeare,2048,0,6,277
42,medium,deepseekv4_attnmhc_dnd,tiny_shakespeare,2048,0,7,850
42,medium,deepseekv4_attnmhc_dnd,tiny_shakespeare,2048,1,0,395
42,medium,deepseekv4_attnmhc_dnd,tiny_shakespeare,2048,1,1,404
42,medium,deepseekv4_attnmhc_dnd,tiny_shakespeare,2048,1,2,918
42,medium,deepseekv4_attnmhc_dnd,tiny_shakespeare,2048,1,3,496
42,medium,deepseekv4_attnmhc_dnd,tiny_shakespeare,2048,1,4,652
42,medium,deepseekv4_attnmhc_dnd,tiny_shakespeare,2048,1,5,310
42,medium,deepseekv4_attnmhc_dnd,tiny_shakespeare,2048,1,6,524
42,medium,deepseekv4_attnmhc_dnd,tiny_shakespeare,2048,1,7,397
42,medium,deepseekv4_attnmhc_dnd,tiny_shakespeare,2048,2,0,773
42,medium,deepseekv4_attnmhc_dnd,tiny_shakespeare,2048,2,1,565
42,medium,deepseekv4_attnmhc_dnd,tiny_shakespeare,2048,2,2,657
42,medium,deepseekv4_attnmhc_dnd,tiny_shakespeare,2048,2,3,609
42,medium,deepseekv4_attnmhc_dnd,tiny_shakespeare,2048,2,4,637
42,medium,deepseekv4_attnmhc_dnd,tiny_shakespeare,2048,2,5,539
42,medium,deepseekv4_attnmhc_dnd,tiny_shakespeare,2048,2,6,207
42,medium,deepseekv4_attnmhc_dnd,tiny_shakespeare,2048,2,7,109
42,medium,deepseekv4_attnmhc_dnd,tiny_shakespeare,2048,3,0,827
42,medium,deepseekv4_attnmhc_dnd,tiny_shakespeare,2048,3,1,377
42,medium,deepseekv4_attnmhc_dnd,tiny_shakespeare,2048,3,2,488
42,medium,deepseekv4_attnmhc_dnd,tiny_shakespeare,2048,3,3,676
42,medium,deepseekv4_attnmhc_dnd,tiny_shakespeare,2048,3,4,310
42,medium,deepseekv4_attnmhc_dnd,tiny_shakespeare,2048,3,5,720
42,medium,deepseekv4_attnmhc_dnd,tiny_shakespeare,2048,3,6,213
42,medium,deepseekv4_attnmhc_dnd,tiny_shakespeare,2048,3,7,485
42,medium,deepseekv4_attnmhc_dnd,tiny_shakespeare,2048,4,0,550
42,medium,deepseekv4_attnmhc_dnd,tiny_shakespeare,2048,4,1,1032
42,medium,deepseekv4_attnmhc_dnd,tiny_shakespeare,2048,4,2,267
42,medium,deepseekv4_attnmhc_dnd,tiny_shakespeare,2048,4,3,538
42,medium,deepseekv4_attnmhc_dnd,tiny_shakespeare,2048,4,4,513
42,medium,deepseekv4_attnmhc_dnd,tiny_shakespeare,2048,4,5,374
42,medium,deepseekv4_attnmhc_dnd,tiny_shakespeare,2048,4,6,534
42,medium,deepseekv4_attnmhc_dnd,tiny_shakespeare,2048,4,7,288
42,medium,deepseekv4_attnmhc_dnd,tiny_shakespeare,2048,5,0,575
42,medium,deepseekv4_attnmhc_dnd,tiny_shakespeare,2048,5,1,951
42,medium,deepseekv4_attnmhc_dnd,tiny_shakespeare,2048,5,2,377
42,medium,deepseekv4_attnmhc_dnd,tiny_shakespeare,2048,5,3,339
42,medium,deepseekv4_attnmhc_dnd,tiny_shakespeare,2048,5,4,1059
42,medium,deepseekv4_attnmhc_dnd,tiny_shakespeare,2048,5,5,216
42,medium,deepseekv4_attnmhc_dnd,tiny_shakespeare,2048,5,6,283
42,medium,deepseekv4_attnmhc_dnd,tiny_shakespeare,2048,5,7,296
42,medium,deepseekv4_attnmhc_dnd,tiny_shakespeare,204800,0,0,331
42,medium,deepseekv4_attnmhc_dnd,tiny_shakespeare,204800,0,1,241
42,medium,deepseekv4_attnmhc_dnd,tiny_shakespeare,204800,0,2,383
42,medium,deepseekv4_attnmhc_dnd,tiny_shakespeare,204800,0,3,871
42,medium,deepseekv4_attnmhc_dnd,tiny_shakespeare,204800,0,4,402
42,medium,deepseekv4_attnmhc_dnd,tiny_shakespeare,204800,0,5,695
42,medium,deepseekv4_attnmhc_dnd,tiny_shakespeare,204800,0,6,288
42,medium,deepseekv4_attnmhc_dnd,tiny_shakespeare,204800,0,7,885
42,medium,deepseekv4_attnmhc_dnd,tiny_shakespeare,204800,1,0,359
42,medium,deepseekv4_attnmhc_dnd,tiny_shakespeare,204800,1,1,419
42,medium,deepseekv4_attnmhc_dnd,tiny_shakespeare,204800,1,2,1001
42,medium,deepseekv4_attnmhc_dnd,tiny_shakespeare,204800,1,3,513
42,medium,deepseekv4_attnmhc_dnd,tiny_shakespeare,204800,1,4,648
42,medium,deepseekv4_attnmhc_dnd,tiny_shakespeare,204800,1,5,305
42,medium,deepseekv4_attnmhc_dnd,tiny_shakespeare,204800,1,6,482
42,medium,deepseekv4_attnmhc_dnd,tiny_shakespeare,204800,1,7,369
42,medium,deepseekv4_attnmhc_dnd,tiny_shakespeare,204800,2,0,607
42,medium,deepseekv4_attnmhc_dnd,tiny_shakespeare,204800,2,1,507
42,medium,deepseekv4_attnmhc_dnd,tiny_shakespeare,204800,2,2,471
42,medium,deepseekv4_attnmhc_dnd,tiny_shakespeare,204800,2,3,452
42,medium,deepseekv4_attnmhc_dnd,tiny_shakespeare,204800,2,4,505
42,medium,deepseekv4_attnmhc_dnd,tiny_shakespeare,204800,2,5,457
42,medium,deepseekv4_attnmhc_dnd,tiny_shakespeare,204800,2,6,744
42,medium,deepseekv4_attnmhc_dnd,tiny_shakespeare,204800,2,7,353
42,medium,deepseekv4_attnmhc_dnd,tiny_shakespeare,204800,3,0,373
42,medium,deepseekv4_attnmhc_dnd,tiny_shakespeare,204800,3,1,520
42,medium,deepseekv4_attnmhc_dnd,tiny_shakespeare,204800,3,2,708
42,medium,deepseekv4_attnmhc_dnd,tiny_shakespeare,204800,3,3,528
42,medium,deepseekv4_attnmhc_dnd,tiny_shakespeare,204800,3,4,417
42,medium,deepseekv4_attnmhc_dnd,tiny_shakespeare,204800,3,5,487
42,medium,deepseekv4_attnmhc_dnd,tiny_shakespeare,204800,3,6,497
42,medium,deepseekv4_attnmhc_dnd,tiny_shakespeare,204800,3,7,566
42,medium,deepseekv4_attnmhc_dnd,tiny_shakespeare,204800,4,0,470
42,medium,deepseekv4_attnmhc_dnd,tiny_shakespeare,204800,4,1,538
42,medium,deepseekv4_attnmhc_dnd,tiny_shakespeare,204800,4,2,536
42,medium,deepseekv4_attnmhc_dnd,tiny_shakespeare,204800,4,3,526
42,medium,deepseekv4_attnmhc_dnd,tiny_shakespeare,204800,4,4,466
42,medium,deepseekv4_attnmhc_dnd,tiny_shakespeare,204800,4,5,465
42,medium,deepseekv4_attnmhc_dnd,tiny_shakespeare,204800,4,6,590
42,medium,deepseekv4_attnmhc_dnd,tiny_shakespeare,204800,4,7,505
42,medium,deepseekv4_attnmhc_dnd,tiny_shakespeare,204800,5,0,396
42,medium,deepseekv4_attnmhc_dnd,tiny_shakespeare,204800,5,1,660
42,medium,deepseekv4_attnmhc_dnd,tiny_shakespeare,204800,5,2,354
42,medium,deepseekv4_attnmhc_dnd,tiny_shakespeare,204800,5,3,389
42,medium,deepseekv4_attnmhc_dnd,tiny_shakespeare,204800,5,4,316
42,medium,deepseekv4_attnmhc_dnd,tiny_shakespeare,204800,5,5,682
42,medium,deepseekv4_attnmhc_dnd,tiny_shakespeare,204800,5,6,339
42,medium,deepseekv4_attnmhc_dnd,tiny_shakespeare,204800,5,7,960
42,medium,deepseekv4_attnmhc_dnd,tiny_shakespeare,409600,0,0,379
42,medium,deepseekv4_attnmhc_dnd,tiny_shakespeare,409600,0,1,264
42,medium,deepseekv4_attnmhc_dnd,tiny_shakespeare,409600,0,2,348
42,medium,deepseekv4_attnmhc_dnd,tiny_shakespeare,409600,0,3,885
42,medium,deepseekv4_attnmhc_dnd,tiny_shakespeare,409600,0,4,394
42,medium,deepseekv4_attnmhc_dnd,tiny_shakespeare,409600,0,5,683
42,medium,deepseekv4_attnmhc_dnd,tiny_shakespeare,409600,0,6,290
42,medium,deepseekv4_attnmhc_dnd,tiny_shakespeare,409600,0,7,853
42,medium,deepseekv4_attnmhc_dnd,tiny_shakespeare,409600,1,0,362
42,medium,deepseekv4_attnmhc_dnd,tiny_shakespeare,409600,1,1,444
42,medium,deepseekv4_attnmhc_dnd,tiny_shakespeare,409600,1,2,893
42,medium,deepseekv4_attnmhc_dnd,tiny_shakespeare,409600,1,3,495
42,medium,deepseekv4_attnmhc_dnd,tiny_shakespeare,409600,1,4,648
42,medium,deepseekv4_attnmhc_dnd,tiny_shakespeare,409600,1,5,271
42,medium,deepseekv4_attnmhc_dnd,tiny_shakespeare,409600,1,6,573
42,medium,deepseekv4_attnmhc_dnd,tiny_shakespeare,409600,1,7,410
42,medium,deepseekv4_attnmhc_dnd,tiny_shakespeare,409600,2,0,466
42,medium,deepseekv4_attnmhc_dnd,tiny_shakespeare,409600,2,1,506
42,medium,deepseekv4_attnmhc_dnd,tiny_shakespeare,409600,2,2,558
42,medium,deepseekv4_attnmhc_dnd,tiny_shakespeare,409600,2,3,450
42,medium,deepseekv4_attnmhc_dnd,tiny_shakespeare,409600,2,4,472
42,medium,deepseekv4_attnmhc_dnd,tiny_shakespeare,409600,2,5,510
42,medium,deepseekv4_attnmhc_dnd,tiny_shakespeare,409600,2,6,666
42,medium,deepseekv4_attnmhc_dnd,tiny_shakespeare,409600,2,7,468
42,medium,deepseekv4_attnmhc_dnd,tiny_shakespeare,409600,3,0,513
42,medium,deepseekv4_attnmhc_dnd,tiny_shakespeare,409600,3,1,509
42,medium,deepseekv4_attnmhc_dnd,tiny_shakespeare,409600,3,2,500
42,medium,deepseekv4_attnmhc_dnd,tiny_shakespeare,409600,3,3,543
42,medium,deepseekv4_attnmhc_dnd,tiny_shakespeare,409600,3,4,539
42,medium,deepseekv4_attnmhc_dnd,tiny_shakespeare,409600,3,5,506
42,medium,deepseekv4_attnmhc_dnd,tiny_shakespeare,409600,3,6,429
42,medium,deepseekv4_attnmhc_dnd,tiny_shakespeare,409600,3,7,557
42,medium,deepseekv4_attnmhc_dnd,tiny_shakespeare,409600,4,0,502
42,medium,deepseekv4_attnmhc_dnd,tiny_shakespeare,409600,4,1,438
42,medium,deepseekv4_attnmhc_dnd,tiny_shakespeare,409600,4,2,609
42,medium,deepseekv4_attnmhc_dnd,tiny_shakespeare,409600,4,3,545
42,medium,deepseekv4_attnmhc_dnd,tiny_shakespeare,409600,4,4,486
42,medium,deepseekv4_attnmhc_dnd,tiny_shakespeare,409600,4,5,538
42,medium,deepseekv4_attnmhc_dnd,tiny_shakespeare,409600,4,6,483
42,medium,deepseekv4_attnmhc_dnd,tiny_shakespeare,409600,4,7,495
42,medium,deepseekv4_attnmhc_dnd,tiny_shakespeare,409600,5,0,473
42,medium,deepseekv4_attnmhc_dnd,tiny_shakespeare,409600,5,1,550
42,medium,deepseekv4_attnmhc_dnd,tiny_shakespeare,409600,5,2,516
42,medium,deepseekv4_attnmhc_dnd,tiny_shakespeare,409600,5,3,481
42,medium,deepseekv4_attnmhc_dnd,tiny_shakespeare,409600,5,4,560
42,medium,deepseekv4_attnmhc_dnd,tiny_shakespeare,409600,5,5,463
42,medium,deepseekv4_attnmhc_dnd,tiny_shakespeare,409600,5,6,541
42,medium,deepseekv4_attnmhc_dnd,tiny_shakespeare,409600,5,7,512
42,medium,deepseekv4_attnmhc_dnd,tiny_shakespeare,614400,0,0,373
42,medium,deepseekv4_attnmhc_dnd,tiny_shakespeare,614400,0,1,258
42,medium,deepseekv4_attnmhc_dnd,tiny_shakespeare,614400,0,2,379
42,medium,deepseekv4_attnmhc_dnd,tiny_shakespeare,614400,0,3,897
42,medium,deepseekv4_attnmhc_dnd,tiny_shakespeare,614400,0,4,400
42,medium,deepseekv4_attnmhc_dnd,tiny_shakespeare,614400,0,5,693
42,medium,deepseekv4_attnmhc_dnd,tiny_shakespeare,614400,0,6,290
42,medium,deepseekv4_attnmhc_dnd,tiny_shakespeare,614400,0,7,806
42,medium,deepseekv4_attnmhc_dnd,tiny_shakespeare,614400,1,0,346
42,medium,deepseekv4_attnmhc_dnd,tiny_shakespeare,614400,1,1,406
42,medium,deepseekv4_attnmhc_dnd,tiny_shakespeare,614400,1,2,986
42,medium,deepseekv4_attnmhc_dnd,tiny_shakespeare,614400,1,3,500
42,medium,deepseekv4_attnmhc_dnd,tiny_shakespeare,614400,1,4,657
42,medium,deepseekv4_attnmhc_dnd,tiny_shakespeare,614400,1,5,270
42,medium,deepseekv4_attnmhc_dnd,tiny_shakespeare,614400,1,6,516
42,medium,deepseekv4_attnmhc_dnd,tiny_shakespeare,614400,1,7,415
42,medium,deepseekv4_attnmhc_dnd,tiny_shakespeare,614400,2,0,484
42,medium,deepseekv4_attnmhc_dnd,tiny_shakespeare,614400,2,1,551
42,medium,deepseekv4_attnmhc_dnd,tiny_shakespeare,614400,2,2,510
42,medium,deepseekv4_attnmhc_dnd,tiny_shakespeare,614400,2,3,553
42,medium,deepseekv4_attnmhc_dnd,tiny_shakespeare,614400,2,4,487
42,medium,deepseekv4_attnmhc_dnd,tiny_shakespeare,614400,2,5,511
42,medium,deepseekv4_attnmhc_dnd,tiny_shakespeare,614400,2,6,476
42,medium,deepseekv4_attnmhc_dnd,tiny_shakespeare,614400,2,7,524
42,medium,deepseekv4_attnmhc_dnd,tiny_shakespeare,614400,3,0,542
42,medium,deepseekv4_attnmhc_dnd,tiny_shakespeare,614400,3,1,543
42,medium,deepseekv4_attnmhc_dnd,tiny_shakespeare,614400,3,2,529
42,medium,deepseekv4_attnmhc_dnd,tiny_shakespeare,614400,3,3,434
42,medium,deepseekv4_attnmhc_dnd,tiny_shakespeare,614400,3,4,568
42,medium,deepseekv4_attnmhc_dnd,tiny_shakespeare,614400,3,5,475
42,medium,deepseekv4_attnmhc_dnd,tiny_shakespeare,614400,3,6,547
42,medium,deepseekv4_attnmhc_dnd,tiny_shakespeare,614400,3,7,458
42,medium,deepseekv4_attnmhc_dnd,tiny_shakespeare,614400,4,0,536
42,medium,deepseekv4_attnmhc_dnd,tiny_shakespeare,614400,4,1,566
42,medium,deepseekv4_attnmhc_dnd,tiny_shakespeare,614400,4,2,490
42,medium,deepseekv4_attnmhc_dnd,tiny_shakespeare,614400,4,3,547
42,medium,deepseekv4_attnmhc_dnd,tiny_shakespeare,614400,4,4,441
42,medium,deepseekv4_attnmhc_dnd,tiny_shakespeare,614400,4,5,543
42,medium,deepseekv4_attnmhc_dnd,tiny_shakespeare,614400,4,6,607
42,medium,deepseekv4_attnmhc_dnd,tiny_shakespeare,614400,4,7,366
42,medium,deepseekv4_attnmhc_dnd,tiny_shakespeare,614400,5,0,472
42,medium,deepseekv4_attnmhc_dnd,tiny_shakespeare,614400,5,1,431
42,medium,deepseekv4_attnmhc_dnd,tiny_shakespeare,614400,5,2,587
42,medium,deepseekv4_attnmhc_dnd,tiny_shakespeare,614400,5,3,635
42,medium,deepseekv4_attnmhc_dnd,tiny_shakespeare,614400,5,4,533
42,medium,deepseekv4_attnmhc_dnd,tiny_shakespeare,614400,5,5,474
42,medium,deepseekv4_attnmhc_dnd,tiny_shakespeare,614400,5,6,486
42,medium,deepseekv4_attnmhc_dnd,tiny_shakespeare,614400,5,7,478
42,medium,deepseekv4_attnmhc_dnd,tiny_shakespeare,819200,0,0,384
42,medium,deepseekv4_attnmhc_dnd,tiny_shakespeare,819200,0,1,237
42,medium,deepseekv4_attnmhc_dnd,tiny_shakespeare,819200,0,2,389
42,medium,deepseekv4_attnmhc_dnd,tiny_shakespeare,819200,0,3,877
42,medium,deepseekv4_attnmhc_dnd,tiny_shakespeare,819200,0,4,422
42,medium,deepseekv4_attnmhc_dnd,tiny_shakespeare,819200,0,5,650
42,medium,deepseekv4_attnmhc_dnd,tiny_shakespeare,819200,0,6,282
42,medium,deepseekv4_attnmhc_dnd,tiny_shakespeare,819200,0,7,855
42,medium,deepseekv4_attnmhc_dnd,tiny_shakespeare,819200,1,0,392
42,medium,deepseekv4_attnmhc_dnd,tiny_shakespeare,819200,1,1,394
42,medium,deepseekv4_attnmhc_dnd,tiny_shakespeare,819200,1,2,940
42,medium,deepseekv4_attnmhc_dnd,tiny_shakespeare,819200,1,3,528
42,medium,deepseekv4_attnmhc_dnd,tiny_shakespeare,819200,1,4,620
42,medium,deepseekv4_attnmhc_dnd,tiny_shakespeare,819200,1,5,264
42,medium,deepseekv4_attnmhc_dnd,tiny_shakespeare,819200,1,6,528
42,medium,deepseekv4_attnmhc_dnd,tiny_shakespeare,819200,1,7,430
42,medium,deepseekv4_attnmhc_dnd,tiny_shakespeare,819200,2,0,512
42,medium,deepseekv4_attnmhc_dnd,tiny_shakespeare,819200,2,1,452
42,medium,deepseekv4_attnmhc_dnd,tiny_shakespeare,819200,2,2,507
42,medium,deepseekv4_attnmhc_dnd,tiny_shakespeare,819200,2,3,520
42,medium,deepseekv4_attnmhc_dnd,tiny_shakespeare,819200,2,4,555
42,medium,deepseekv4_attnmhc_dnd,tiny_shakespeare,819200,2,5,517
42,medium,deepseekv4_attnmhc_dnd,tiny_shakespeare,819200,2,6,501
42,medium,deepseekv4_attnmhc_dnd,tiny_shakespeare,819200,2,7,532
42,medium,deepseekv4_attnmhc_dnd,tiny_shakespeare,819200,3,0,498
42,medium,deepseekv4_attnmhc_dnd,tiny_shakespeare,819200,3,1,500
42,medium,deepseekv4_attnmhc_dnd,tiny_shakespeare,819200,3,2,562
42,medium,deepseekv4_attnmhc_dnd,tiny_shakespeare,819200,3,3,540
42,medium,deepseekv4_attnmhc_dnd,tiny_shakespeare,819200,3,4,475
42,medium,deepseekv4_attnmhc_dnd,tiny_shakespeare,819200,3,5,463
42,medium,deepseekv4_attnmhc_dnd,tiny_shakespeare,819200,3,6,529
42,medium,deepseekv4_attnmhc_dnd,tiny_shakespeare,819200,3,7,529
42,medium,deepseekv4_attnmhc_dnd,tiny_shakespeare,819200,4,0,558
42,medium,deepseekv4_attnmhc_dnd,tiny_shakespeare,819200,4,1,543
42,medium,deepseekv4_attnmhc_dnd,tiny_shakespeare,819200,4,2,516
42,medium,deepseekv4_attnmhc_dnd,tiny_shakespeare,819200,4,3,535
42,medium,deepseekv4_attnmhc_dnd,tiny_shakespeare,819200,4,4,518
42,medium,deepseekv4_attnmhc_dnd,tiny_shakespeare,819200,4,5,489
42,medium,deepseekv4_attnmhc_dnd,tiny_shakespeare,819200,4,6,504
42,medium,deepseekv4_attnmhc_dnd,tiny_shakespeare,819200,4,7,433
42,medium,deepseekv4_attnmhc_dnd,tiny_shakespeare,819200,5,0,470
42,medium,deepseekv4_attnmhc_dnd,tiny_shakespeare,819200,5,1,557
42,medium,deepseekv4_attnmhc_dnd,tiny_shakespeare,819200,5,2,505
42,medium,deepseekv4_attnmhc_dnd,tiny_shakespeare,819200,5,3,601
42,medium,deepseekv4_attnmhc_dnd,tiny_shakespeare,819200,5,4,430
42,medium,deepseekv4_attnmhc_dnd,tiny_shakespeare,819200,5,5,514
42,medium,deepseekv4_attnmhc_dnd,tiny_shakespeare,819200,5,6,517
42,medium,deepseekv4_attnmhc_dnd,tiny_shakespeare,819200,5,7,502
42,medium,deepseekv4_attnmhc_dnd,tiny_shakespeare,1024000,0,0,344
42,medium,deepseekv4_attnmhc_dnd,tiny_shakespeare,1024000,0,1,251
42,medium,deepseekv4_attnmhc_dnd,tiny_shakespeare,1024000,0,2,366
42,medium,deepseekv4_attnmhc_dnd,tiny_shakespeare,1024000,0,3,865
42,medium,deepseekv4_attnmhc_dnd,tiny_shakespeare,1024000,0,4,429
42,medium,deepseekv4_attnmhc_dnd,tiny_shakespeare,1024000,0,5,739
42,medium,deepseekv4_attnmhc_dnd,tiny_shakespeare,1024000,0,6,259
42,medium,deepseekv4_attnmhc_dnd,tiny_shakespeare,1024000,0,7,843
42,medium,deepseekv4_attnmhc_dnd,tiny_shakespeare,1024000,1,0,373
42,medium,deepseekv4_attnmhc_dnd,tiny_shakespeare,1024000,1,1,401
42,medium,deepseekv4_attnmhc_dnd,tiny_shakespeare,1024000,1,2,922
42,medium,deepseekv4_attnmhc_dnd,tiny_shakespeare,1024000,1,3,499
42,medium,deepseekv4_attnmhc_dnd,tiny_shakespeare,1024000,1,4,667
42,medium,deepseekv4_attnmhc_dnd,tiny_shakespeare,1024000,1,5,292
42,medium,deepseekv4_attnmhc_dnd,tiny_shakespeare,1024000,1,6,523
42,medium,deepseekv4_attnmhc_dnd,tiny_shakespeare,1024000,1,7,419
42,medium,deepseekv4_attnmhc_dnd,tiny_shakespeare,1024000,2,0,513
42,medium,deepseekv4_attnmhc_dnd,tiny_shakespeare,1024000,2,1,503
42,medium,deepseekv4_attnmhc_dnd,tiny_shakespeare,1024000,2,2,563
42,medium,deepseekv4_attnmhc_dnd,tiny_shakespeare,1024000,2,3,503
42,medium,deepseekv4_attnmhc_dnd,tiny_shakespeare,1024000,2,4,468
42,medium,deepseekv4_attnmhc_dnd,tiny_shakespeare,1024000,2,5,503
42,medium,deepseekv4_attnmhc_dnd,tiny_shakespeare,1024000,2,6,556
42,medium,deepseekv4_attnmhc_dnd,tiny_shakespeare,1024000,2,7,487
42,medium,deepseekv4_attnmhc_dnd,tiny_shakespeare,1024000,3,0,520
42,medium,deepseekv4_attnmhc_dnd,tiny_shakespeare,1024000,3,1,513
42,medium,deepseekv4_attnmhc_dnd,tiny_shakespeare,1024000,3,2,532
42,medium,deepseekv4_attnmhc_dnd,tiny_shakespeare,1024000,3,3,481
42,medium,deepseekv4_attnmhc_dnd,tiny_shakespeare,1024000,3,4,512
42,medium,deepseekv4_attnmhc_dnd,tiny_shakespeare,1024000,3,5,519
42,medium,deepseekv4_attnmhc_dnd,tiny_shakespeare,1024000,3,6,527
42,medium,deepseekv4_attnmhc_dnd,tiny_shakespeare,1024000,3,7,492
42,medium,deepseekv4_attnmhc_dnd,tiny_shakespeare,1024000,4,0,559
42,medium,deepseekv4_attnmhc_dnd,tiny_shakespeare,1024000,4,1,528
42,medium,deepseekv4_attnmhc_dnd,tiny_shakespeare,1024000,4,2,504
42,medium,deepseekv4_attnmhc_dnd,tiny_shakespeare,1024000,4,3,505
42,medium,deepseekv4_attnmhc_dnd,tiny_shakespeare,1024000,4,4,539
42,medium,deepseekv4_attnmhc_dnd,tiny_shakespeare,1024000,4,5,435
42,medium,deepseekv4_attnmhc_dnd,tiny_shakespeare,1024000,4,6,493
42,medium,deepseekv4_attnmhc_dnd,tiny_shakespeare,1024000,4,7,533
42,medium,deepseekv4_attnmhc_dnd,tiny_shakespeare,1024000,5,0,455
42,medium,deepseekv4_attnmhc_dnd,tiny_shakespeare,1024000,5,1,567
42,medium,deepseekv4_attnmhc_dnd,tiny_shakespeare,1024000,5,2,521
42,medium,deepseekv4_attnmhc_dnd,tiny_shakespeare,1024000,5,3,521
42,medium,deepseekv4_attnmhc_dnd,tiny_shakespeare,1024000,5,4,559
42,medium,deepseekv4_attnmhc_dnd,tiny_shakespeare,1024000,5,5,493
42,medium,deepseekv4_attnmhc_dnd,tiny_shakespeare,1024000,5,6,436
42,medium,deepseekv4_attnmhc_dnd,tiny_shakespeare,1024000,5,7,544
42,medium,deepseekv4_attnmhc_dnd,tiny_shakespeare,1228800,0,0,379
42,medium,deepseekv4_attnmhc_dnd,tiny_shakespeare,1228800,0,1,241
42,medium,deepseekv4_attnmhc_dnd,tiny_shakespeare,1228800,0,2,401
42,medium,deepseekv4_attnmhc_dnd,tiny_shakespeare,1228800,0,3,887
42,medium,deepseekv4_attnmhc_dnd,tiny_shakespeare,1228800,0,4,347
42,medium,deepseekv4_attnmhc_dnd,tiny_shakespeare,1228800,0,5,695
42,medium,deepseekv4_attnmhc_dnd,tiny_shakespeare,1228800,0,6,301
42,medium,deepseekv4_attnmhc_dnd,tiny_shakespeare,1228800,0,7,845
42,medium,deepseekv4_attnmhc_dnd,tiny_shakespeare,1228800,1,0,382
42,medium,deepseekv4_attnmhc_dnd,tiny_shakespeare,1228800,1,1,391
42,medium,deepseekv4_attnmhc_dnd,tiny_shakespeare,1228800,1,2,938
42,medium,deepseekv4_attnmhc_dnd,tiny_shakespeare,1228800,1,3,510
42,medium,deepseekv4_attnmhc_dnd,tiny_shakespeare,1228800,1,4,642
42,medium,deepseekv4_attnmhc_dnd,tiny_shakespeare,1228800,1,5,279
42,medium,deepseekv4_attnmhc_dnd,tiny_shakespeare,1228800,1,6,540
42,medium,deepseekv4_attnmhc_dnd,tiny_shakespeare,1228800,1,7,414
42,medium,deepseekv4_attnmhc_dnd,tiny_shakespeare,1228800,2,0,484
42,medium,deepseekv4_attnmhc_dnd,tiny_shakespeare,1228800,2,1,544
42,medium,deepseekv4_attnmhc_dnd,tiny_shakespeare,1228800,2,2,429
42,medium,deepseekv4_attnmhc_dnd,tiny_shakespeare,1228800,2,3,486
42,medium,deepseekv4_attnmhc_dnd,tiny_shakespeare,1228800,2,4,533
42,medium,deepseekv4_attnmhc_dnd,tiny_shakespeare,1228800,2,5,539
42,medium,deepseekv4_attnmhc_dnd,tiny_shakespeare,1228800,2,6,541
42,medium,deepseekv4_attnmhc_dnd,tiny_shakespeare,1228800,2,7,540
42,medium,deepseekv4_attnmhc_dnd,tiny_shakespeare,1228800,3,0,523
42,medium,deepseekv4_attnmhc_dnd,tiny_shakespeare,1228800,3,1,537
42,medium,deepseekv4_attnmhc_dnd,tiny_shakespeare,1228800,3,2,544
42,medium,deepseekv4_attnmhc_dnd,tiny_shakespeare,1228800,3,3,488
42,medium,deepseekv4_attnmhc_dnd,tiny_shakespeare,1228800,3,4,540
42,medium,deepseekv4_attnmhc_dnd,tiny_shakespeare,1228800,3,5,511
42,medium,deepseekv4_attnmhc_dnd,tiny_shakespeare,1228800,3,6,512
42,medium,deepseekv4_attnmhc_dnd,tiny_shakespeare,1228800,3,7,441
42,medium,deepseekv4_attnmhc_dnd,tiny_shakespeare,1228800,4,0,567
42,medium,deepseekv4_attnmhc_dnd,tiny_shakespeare,1228800,4,1,464
42,medium,deepseekv4_attnmhc_dnd,tiny_shakespeare,1228800,4,2,500
42,medium,deepseekv4_attnmhc_dnd,tiny_shakespeare,1228800,4,3,548
42,medium,deepseekv4_attnmhc_dnd,tiny_shakespeare,1228800,4,4,455
42,medium,deepseekv4_attnmhc_dnd,tiny_shakespeare,1228800,4,5,551
42,medium,deepseekv4_attnmhc_dnd,tiny_shakespeare,1228800,4,6,475
42,medium,deepseekv4_attnmhc_dnd,tiny_shakespeare,1228800,4,7,536
42,medium,deepseekv4_attnmhc_dnd,tiny_shakespeare,1228800,5,0,533
42,medium,deepseekv4_attnmhc_dnd,tiny_shakespeare,1228800,5,1,497
42,medium,deepseekv4_attnmhc_dnd,tiny_shakespeare,1228800,5,2,503
42,medium,deepseekv4_attnmhc_dnd,tiny_shakespeare,1228800,5,3,538
42,medium,deepseekv4_attnmhc_dnd,tiny_shakespeare,1228800,5,4,535
42,medium,deepseekv4_attnmhc_dnd,tiny_shakespeare,1228800,5,5,540
42,medium,deepseekv4_attnmhc_dnd,tiny_shakespeare,1228800,5,6,461
42,medium,deepseekv4_attnmhc_dnd,tiny_shakespeare,1228800,5,7,489
42,medium,deepseekv4_attnmhc_dnd,tiny_shakespeare,1433600,0,0,399
42,medium,deepseekv4_attnmhc_dnd,tiny_shakespeare,1433600,0,1,248
42,medium,deepseekv4_attnmhc_dnd,tiny_shakespeare,1433600,0,2,382
42,medium,deepseekv4_attnmhc_dnd,tiny_shakespeare,1433600,0,3,899
42,medium,deepseekv4_attnmhc_dnd,tiny_shakespeare,1433600,0,4,395
42,medium,deepseekv4_attnmhc_dnd,tiny_shakespeare,1433600,0,5,669
42,medium,deepseekv4_attnmhc_dnd,tiny_shakespeare,1433600,0,6,271
42,medium,deepseekv4_attnmhc_dnd,tiny_shakespeare,1433600,0,7,833
42,medium,deepseekv4_attnmhc_dnd,tiny_shakespeare,1433600,1,0,384
42,medium,deepseekv4_attnmhc_dnd,tiny_shakespeare,1433600,1,1,408
42,medium,deepseekv4_attnmhc_dnd,tiny_shakespeare,1433600,1,2,937
42,medium,deepseekv4_attnmhc_dnd,tiny_shakespeare,1433600,1,3,491
42,medium,deepseekv4_attnmhc_dnd,tiny_shakespeare,1433600,1,4,652
42,medium,deepseekv4_attnmhc_dnd,tiny_shakespeare,1433600,1,5,284
42,medium,deepseekv4_attnmhc_dnd,tiny_shakespeare,1433600,1,6,516
42,medium,deepseekv4_attnmhc_dnd,tiny_shakespeare,1433600,1,7,424
42,medium,deepseekv4_attnmhc_dnd,tiny_shakespeare,1433600,2,0,547
42,medium,deepseekv4_attnmhc_dnd,tiny_shakespeare,1433600,2,1,453
42,medium,deepseekv4_attnmhc_dnd,tiny_shakespeare,1433600,2,2,498
42,medium,deepseekv4_attnmhc_dnd,tiny_shakespeare,1433600,2,3,523
42,medium,deepseekv4_attnmhc_dnd,tiny_shakespeare,1433600,2,4,500
42,medium,deepseekv4_attnmhc_dnd,tiny_shakespeare,1433600,2,5,518
42,medium,deepseekv4_attnmhc_dnd,tiny_shakespeare,1433600,2,6,498
42,medium,deepseekv4_attnmhc_dnd,tiny_shakespeare,1433600,2,7,559
42,medium,deepseekv4_attnmhc_dnd,tiny_shakespeare,1433600,3,0,503
42,medium,deepseekv4_attnmhc_dnd,tiny_shakespeare,1433600,3,1,502
42,medium,deepseekv4_attnmhc_dnd,tiny_shakespeare,1433600,3,2,541
42,medium,deepseekv4_attnmhc_dnd,tiny_shakespeare,1433600,3,3,506
42,medium,deepseekv4_attnmhc_dnd,tiny_shakespeare,1433600,3,4,505
42,medium,deepseekv4_attnmhc_dnd,tiny_shakespeare,1433600,3,5,520
42,medium,deepseekv4_attnmhc_dnd,tiny_shakespeare,1433600,3,6,502
42,medium,deepseekv4_attnmhc_dnd,tiny_shakespeare,1433600,3,7,517
42,medium,deepseekv4_attnmhc_dnd,tiny_shakespeare,1433600,4,0,525
42,medium,deepseekv4_attnmhc_dnd,tiny_shakespeare,1433600,4,1,508
42,medium,deepseekv4_attnmhc_dnd,tiny_shakespeare,1433600,4,2,507
42,medium,deepseekv4_attnmhc_dnd,tiny_shakespeare,1433600,4,3,475
42,medium,deepseekv4_attnmhc_dnd,tiny_shakespeare,1433600,4,4,523
42,medium,deepseekv4_attnmhc_dnd,tiny_shakespeare,1433600,4,5,506
42,medium,deepseekv4_attnmhc_dnd,tiny_shakespeare,1433600,4,6,540
42,medium,deepseekv4_attnmhc_dnd,tiny_shakespeare,1433600,4,7,512
42,medium,deepseekv4_attnmhc_dnd,tiny_shakespeare,1433600,5,0,575
42,medium,deepseekv4_attnmhc_dnd,tiny_shakespeare,1433600,5,1,435
42,medium,deepseekv4_attnmhc_dnd,tiny_shakespeare,1433600,5,2,558
42,medium,deepseekv4_attnmhc_dnd,tiny_shakespeare,1433600,5,3,453
42,medium,deepseekv4_attnmhc_dnd,tiny_shakespeare,1433600,5,4,504
42,medium,deepseekv4_attnmhc_dnd,tiny_shakespeare,1433600,5,5,553
42,medium,deepseekv4_attnmhc_dnd,tiny_shakespeare,1433600,5,6,528
42,medium,deepseekv4_attnmhc_dnd,tiny_shakespeare,1433600,5,7,490
42,medium,deepseekv4_attnmhc_dnd,tiny_shakespeare,1638400,0,0,392
42,medium,deepseekv4_attnmhc_dnd,tiny_shakespeare,1638400,0,1,260
42,medium,deepseekv4_attnmhc_dnd,tiny_shakespeare,1638400,0,2,386
42,medium,deepseekv4_attnmhc_dnd,tiny_shakespeare,1638400,0,3,876
42,medium,deepseekv4_attnmhc_dnd,tiny_shakespeare,1638400,0,4,400
42,medium,deepseekv4_attnmhc_dnd,tiny_shakespeare,1638400,0,5,681
42,medium,deepseekv4_attnmhc_dnd,tiny_shakespeare,1638400,0,6,291
42,medium,deepseekv4_attnmhc_dnd,tiny_shakespeare,1638400,0,7,810
42,medium,deepseekv4_attnmhc_dnd,tiny_shakespeare,1638400,1,0,371
42,medium,deepseekv4_attnmhc_dnd,tiny_shakespeare,1638400,1,1,399
42,medium,deepseekv4_attnmhc_dnd,tiny_shakespeare,1638400,1,2,891
42,medium,deepseekv4_attnmhc_dnd,tiny_shakespeare,1638400,1,3,490
42,medium,deepseekv4_attnmhc_dnd,tiny_shakespeare,1638400,1,4,659
42,medium,deepseekv4_attnmhc_dnd,tiny_shakespeare,1638400,1,5,294
42,medium,deepseekv4_attnmhc_dnd,tiny_shakespeare,1638400,1,6,562
42,medium,deepseekv4_attnmhc_dnd,tiny_shakespeare,1638400,1,7,430
42,medium,deepseekv4_attnmhc_dnd,tiny_shakespeare,1638400,2,0,496
42,medium,deepseekv4_attnmhc_dnd,tiny_shakespeare,1638400,2,1,501
42,medium,deepseekv4_attnmhc_dnd,tiny_shakespeare,1638400,2,2,549
42,medium,deepseekv4_attnmhc_dnd,tiny_shakespeare,1638400,2,3,475
42,medium,deepseekv4_attnmhc_dnd,tiny_shakespeare,1638400,2,4,586
42,medium,deepseekv4_attnmhc_dnd,tiny_shakespeare,1638400,2,5,497
42,medium,deepseekv4_attnmhc_dnd,tiny_shakespeare,1638400,2,6,522
42,medium,deepseekv4_attnmhc_dnd,tiny_shakespeare,1638400,2,7,470
42,medium,deepseekv4_attnmhc_dnd,tiny_shakespeare,1638400,3,0,546
42,medium,deepseekv4_attnmhc_dnd,tiny_shakespeare,1638400,3,1,515
42,medium,deepseekv4_attnmhc_dnd,tiny_shakespeare,1638400,3,2,487
42,medium,deepseekv4_attnmhc_dnd,tiny_shakespeare,1638400,3,3,502
42,medium,deepseekv4_attnmhc_dnd,tiny_shakespeare,1638400,3,4,532
42,medium,deepseekv4_attnmhc_dnd,tiny_shakespeare,1638400,3,5,486
42,medium,deepseekv4_attnmhc_dnd,tiny_shakespeare,1638400,3,6,502
42,medium,deepseekv4_attnmhc_dnd,tiny_shakespeare,1638400,3,7,526
42,medium,deepseekv4_attnmhc_dnd,tiny_shakespeare,1638400,4,0,485
42,medium,deepseekv4_attnmhc_dnd,tiny_shakespeare,1638400,4,1,519
42,medium,deepseekv4_attnmhc_dnd,tiny_shakespeare,1638400,4,2,559
42,medium,deepseekv4_attnmhc_dnd,tiny_shakespeare,1638400,4,3,436
42,medium,deepseekv4_attnmhc_dnd,tiny_shakespeare,1638400,4,4,558
42,medium,deepseekv4_attnmhc_dnd,tiny_shakespeare,1638400,4,5,527
42,medium,deepseekv4_attnmhc_dnd,tiny_shakespeare,1638400,4,6,484
42,medium,deepseekv4_attnmhc_dnd,tiny_shakespeare,1638400,4,7,528
42,medium,deepseekv4_attnmhc_dnd,tiny_shakespeare,1638400,5,0,537
42,medium,deepseekv4_attnmhc_dnd,tiny_shakespeare,1638400,5,1,537
42,medium,deepseekv4_attnmhc_dnd,tiny_shakespeare,1638400,5,2,526
42,medium,deepseekv4_attnmhc_dnd,tiny_shakespeare,1638400,5,3,570
42,medium,deepseekv4_attnmhc_dnd,tiny_shakespeare,1638400,5,4,482
42,medium,deepseekv4_attnmhc_dnd,tiny_shakespeare,1638400,5,5,444
42,medium,deepseekv4_attnmhc_dnd,tiny_shakespeare,1638400,5,6,497
42,medium,deepseekv4_attnmhc_dnd,tiny_shakespeare,1638400,5,7,503
42,medium,deepseekv4_attnmhc_dnd,tiny_shakespeare,1843200,0,0,335
42,medium,deepseekv4_attnmhc_dnd,tiny_shakespeare,1843200,0,1,229
42,medium,deepseekv4_attnmhc_dnd,tiny_shakespeare,1843200,0,2,356
42,medium,deepseekv4_attnmhc_dnd,tiny_shakespeare,1843200,0,3,883
42,medium,deepseekv4_attnmhc_dnd,tiny_shakespeare,1843200,0,4,408
42,medium,deepseekv4_attnmhc_dnd,tiny_shakespeare,1843200,0,5,697
42,medium,deepseekv4_attnmhc_dnd,tiny_shakespeare,1843200,0,6,317
42,medium,deepseekv4_attnmhc_dnd,tiny_shakespeare,1843200,0,7,871
42,medium,deepseekv4_attnmhc_dnd,tiny_shakespeare,1843200,1,0,381
42,medium,deepseekv4_attnmhc_dnd,tiny_shakespeare,1843200,1,1,368
42,medium,deepseekv4_attnmhc_dnd,tiny_shakespeare,1843200,1,2,935
42,medium,deepseekv4_attnmhc_dnd,tiny_shakespeare,1843200,1,3,501
42,medium,deepseekv4_attnmhc_dnd,tiny_shakespeare,1843200,1,4,621
42,medium,deepseekv4_attnmhc_dnd,tiny_shakespeare,1843200,1,5,310
42,medium,deepseekv4_attnmhc_dnd,tiny_shakespeare,1843200,1,6,557
42,medium,deepseekv4_attnmhc_dnd,tiny_shakespeare,1843200,1,7,423
42,medium,deepseekv4_attnmhc_dnd,tiny_shakespeare,1843200,2,0,524
42,medium,deepseekv4_attnmhc_dnd,tiny_shakespeare,1843200,2,1,526
42,medium,deepseekv4_attnmhc_dnd,tiny_shakespeare,1843200,2,2,464
42,medium,deepseekv4_attnmhc_dnd,tiny_shakespeare,1843200,2,3,468
42,medium,deepseekv4_attnmhc_dnd,tiny_shakespeare,1843200,2,4,628
42,medium,deepseekv4_attnmhc_dnd,tiny_shakespeare,1843200,2,5,524
42,medium,deepseekv4_attnmhc_dnd,tiny_shakespeare,1843200,2,6,487
42,medium,deepseekv4_attnmhc_dnd,tiny_shakespeare,1843200,2,7,475
42,medium,deepseekv4_attnmhc_dnd,tiny_shakespeare,1843200,3,0,538
42,medium,deepseekv4_attnmhc_dnd,tiny_shakespeare,1843200,3,1,510
42,medium,deepseekv4_attnmhc_dnd,tiny_shakespeare,1843200,3,2,492
42,medium,deepseekv4_attnmhc_dnd,tiny_shakespeare,1843200,3,3,505
42,medium,deepseekv4_attnmhc_dnd,tiny_shakespeare,1843200,3,4,469
42,medium,deepseekv4_attnmhc_dnd,tiny_shakespeare,1843200,3,5,484
42,medium,deepseekv4_attnmhc_dnd,tiny_shakespeare,1843200,3,6,505
42,medium,deepseekv4_attnmhc_dnd,tiny_shakespeare,1843200,3,7,593
42,medium,deepseekv4_attnmhc_dnd,tiny_shakespeare,1843200,4,0,530
42,medium,deepseekv4_attnmhc_dnd,tiny_shakespeare,1843200,4,1,567
42,medium,deepseekv4_attnmhc_dnd,tiny_shakespeare,1843200,4,2,559
42,medium,deepseekv4_attnmhc_dnd,tiny_shakespeare,1843200,4,3,442
42,medium,deepseekv4_attnmhc_dnd,tiny_shakespeare,1843200,4,4,493
42,medium,deepseekv4_attnmhc_dnd,tiny_shakespeare,1843200,4,5,481
42,medium,deepseekv4_attnmhc_dnd,tiny_shakespeare,1843200,4,6,462
42,medium,deepseekv4_attnmhc_dnd,tiny_shakespeare,1843200,4,7,562
42,medium,deepseekv4_attnmhc_dnd,tiny_shakespeare,1843200,5,0,549
42,medium,deepseekv4_attnmhc_dnd,tiny_shakespeare,1843200,5,1,616
42,medium,deepseekv4_attnmhc_dnd,tiny_shakespeare,1843200,5,2,489
42,medium,deepseekv4_attnmhc_dnd,tiny_shakespeare,1843200,5,3,481
42,medium,deepseekv4_attnmhc_dnd,tiny_shakespeare,1843200,5,4,490
42,medium,deepseekv4_attnmhc_dnd,tiny_shakespeare,1843200,5,5,529
42,medium,deepseekv4_attnmhc_dnd,tiny_shakespeare,1843200,5,6,468
42,medium,deepseekv4_attnmhc_dnd,tiny_shakespeare,1843200,5,7,474
42,medium,deepseekv4_attnmhc_dnd,tiny_shakespeare,2048000,0,0,387
42,medium,deepseekv4_attnmhc_dnd,tiny_shakespeare,2048000,0,1,247
42,medium,deepseekv4_attnmhc_dnd,tiny_shakespeare,2048000,0,2,372
42,medium,deepseekv4_attnmhc_dnd,tiny_shakespeare,2048000,0,3,895
42,medium,deepseekv4_attnmhc_dnd,tiny_shakespeare,2048000,0,4,401
42,medium,deepseekv4_attnmhc_dnd,tiny_shakespeare,2048000,0,5,669
42,medium,deepseekv4_attnmhc_dnd,tiny_shakespeare,2048000,0,6,285
42,medium,deepseekv4_attnmhc_dnd,tiny_shakespeare,2048000,0,7,840
42,medium,deepseekv4_attnmhc_dnd,tiny_shakespeare,2048000,1,0,350
42,medium,deepseekv4_attnmhc_dnd,tiny_shakespeare,2048000,1,1,398
42,medium,deepseekv4_attnmhc_dnd,tiny_shakespeare,2048000,1,2,938
42,medium,deepseekv4_attnmhc_dnd,tiny_shakespeare,2048000,1,3,526
42,medium,deepseekv4_attnmhc_dnd,tiny_shakespeare,2048000,1,4,656
42,medium,deepseekv4_attnmhc_dnd,tiny_shakespeare,2048000,1,5,284
42,medium,deepseekv4_attnmhc_dnd,tiny_shakespeare,2048000,1,6,522
42,medium,deepseekv4_attnmhc_dnd,tiny_shakespeare,2048000,1,7,422
42,medium,deepseekv4_attnmhc_dnd,tiny_shakespeare,2048000,2,0,558
42,medium,deepseekv4_attnmhc_dnd,tiny_shakespeare,2048000,2,1,526
42,medium,deepseekv4_attnmhc_dnd,tiny_shakespeare,2048000,2,2,492
42,medium,deepseekv4_attnmhc_dnd,tiny_shakespeare,2048000,2,3,503
42,medium,deepseekv4_attnmhc_dnd,tiny_shakespeare,2048000,2,4,516
42,medium,deepseekv4_attnmhc_dnd,tiny_shakespeare,2048000,2,5,463
42,medium,deepseekv4_attnmhc_dnd,tiny_shakespeare,2048000,2,6,538
42,medium,deepseekv4_attnmhc_dnd,tiny_shakespeare,2048000,2,7,500
42,medium,deepseekv4_attnmhc_dnd,tiny_shakespeare,2048000,3,0,537
42,medium,deepseekv4_attnmhc_dnd,tiny_shakespeare,2048000,3,1,541
42,medium,deepseekv4_attnmhc_dnd,tiny_shakespeare,2048000,3,2,464
42,medium,deepseekv4_attnmhc_dnd,tiny_shakespeare,2048000,3,3,501
42,medium,deepseekv4_attnmhc_dnd,tiny_shakespeare,2048000,3,4,537
42,medium,deepseekv4_attnmhc_dnd,tiny_shakespeare,2048000,3,5,519
42,medium,deepseekv4_attnmhc_dnd,tiny_shakespeare,2048000,3,6,528
42,medium,deepseekv4_attnmhc_dnd,tiny_shakespeare,2048000,3,7,469
42,medium,deepseekv4_attnmhc_dnd,tiny_shakespeare,2048000,4,0,514
42,medium,deepseekv4_attnmhc_dnd,tiny_shakespeare,2048000,4,1,579
42,medium,deepseekv4_attnmhc_dnd,tiny_shakespeare,2048000,4,2,497
42,medium,deepseekv4_attnmhc_dnd,tiny_shakespeare,2048000,4,3,461
42,medium,deepseekv4_attnmhc_dnd,tiny_shakespeare,2048000,4,4,518
42,medium,deepseekv4_attnmhc_dnd,tiny_shakespeare,2048000,4,5,484
42,medium,deepseekv4_attnmhc_dnd,tiny_shakespeare,2048000,4,6,488
42,medium,deepseekv4_attnmhc_dnd,tiny_shakespeare,2048000,4,7,555
42,medium,deepseekv4_attnmhc_dnd,tiny_shakespeare,2048000,5,0,501
42,medium,deepseekv4_attnmhc_dnd,tiny_shakespeare,2048000,5,1,506
42,medium,deepseekv4_attnmhc_dnd,tiny_shakespeare,2048000,5,2,465
42,medium,deepseekv4_attnmhc_dnd,tiny_shakespeare,2048000,5,3,528
42,medium,deepseekv4_attnmhc_dnd,tiny_shakespeare,2048000,5,4,546
42,medium,deepseekv4_attnmhc_dnd,tiny_shakespeare,2048000,5,5,514
42,medium,deepseekv4_attnmhc_dnd,tiny_shakespeare,2048000,5,6,522
42,medium,deepseekv4_attnmhc_dnd,tiny_shakespeare,2048000,5,7,514
43,medium,deepseekv4_attnmhc,tiny_shakespeare,2048,0,0,362
43,medium,deepseekv4_attnmhc,tiny_shakespeare,2048,0,1,263
43,medium,deepseekv4_attnmhc,tiny_shakespeare,2048,0,2,357
43,medium,deepseekv4_attnmhc,tiny_shakespeare,2048,0,3,875
43,medium,deepseekv4_attnmhc,tiny_shakespeare,2048,0,4,403
43,medium,deepseekv4_attnmhc,tiny_shakespeare,2048,0,5,704
43,medium,deepseekv4_attnmhc,tiny_shakespeare,2048,0,6,286
43,medium,deepseekv4_attnmhc,tiny_shakespeare,2048,0,7,846
43,medium,deepseekv4_attnmhc,tiny_shakespeare,2048,1,0,363
43,medium,deepseekv4_attnmhc,tiny_shakespeare,2048,1,1,424
43,medium,deepseekv4_attnmhc,tiny_shakespeare,2048,1,2,942
43,medium,deepseekv4_attnmhc,tiny_shakespeare,2048,1,3,507
43,medium,deepseekv4_attnmhc,tiny_shakespeare,2048,1,4,667
43,medium,deepseekv4_attnmhc,tiny_shakespeare,2048,1,5,298
43,medium,deepseekv4_attnmhc,tiny_shakespeare,2048,1,6,482
43,medium,deepseekv4_attnmhc,tiny_shakespeare,2048,1,7,413
43,medium,deepseekv4_attnmhc,tiny_shakespeare,2048,2,0,176
43,medium,deepseekv4_attnmhc,tiny_shakespeare,2048,2,1,342
43,medium,deepseekv4_attnmhc,tiny_shakespeare,2048,2,2,555
43,medium,deepseekv4_attnmhc,tiny_shakespeare,2048,2,3,843
43,medium,deepseekv4_attnmhc,tiny_shakespeare,2048,2,4,390
43,medium,deepseekv4_attnmhc,tiny_shakespeare,2048,2,5,776
43,medium,deepseekv4_attnmhc,tiny_shakespeare,2048,2,6,693
43,medium,deepseekv4_attnmhc,tiny_shakespeare,2048,2,7,321
43,medium,deepseekv4_attnmhc,tiny_shakespeare,2048,3,0,903
43,medium,deepseekv4_attnmhc,tiny_shakespeare,2048,3,1,547
43,medium,deepseekv4_attnmhc,tiny_shakespeare,2048,3,2,251
43,medium,deepseekv4_attnmhc,tiny_shakespeare,2048,3,3,570
43,medium,deepseekv4_attnmhc,tiny_shakespeare,2048,3,4,399
43,medium,deepseekv4_attnmhc,tiny_shakespeare,2048,3,5,689
43,medium,deepseekv4_attnmhc,tiny_shakespeare,2048,3,6,344
43,medium,deepseekv4_attnmhc,tiny_shakespeare,2048,3,7,393
43,medium,deepseekv4_attnmhc,tiny_shakespeare,2048,4,0,310
43,medium,deepseekv4_attnmhc,tiny_shakespeare,2048,4,1,649
43,medium,deepseekv4_attnmhc,tiny_shakespeare,2048,4,2,972
43,medium,deepseekv4_attnmhc,tiny_shakespeare,2048,4,3,593
43,medium,deepseekv4_attnmhc,tiny_shakespeare,2048,4,4,394
43,medium,deepseekv4_attnmhc,tiny_shakespeare,2048,4,5,348
43,medium,deepseekv4_attnmhc,tiny_shakespeare,2048,4,6,530
43,medium,deepseekv4_attnmhc,tiny_shakespeare,2048,4,7,300
43,medium,deepseekv4_attnmhc,tiny_shakespeare,2048,5,0,702
43,medium,deepseekv4_attnmhc,tiny_shakespeare,2048,5,1,535
43,medium,deepseekv4_attnmhc,tiny_shakespeare,2048,5,2,364
43,medium,deepseekv4_attnmhc,tiny_shakespeare,2048,5,3,480
43,medium,deepseekv4_attnmhc,tiny_shakespeare,2048,5,4,666
43,medium,deepseekv4_attnmhc,tiny_shakespeare,2048,5,5,483
43,medium,deepseekv4_attnmhc,tiny_shakespeare,2048,5,6,376
43,medium,deepseekv4_attnmhc,tiny_shakespeare,2048,5,7,490
43,medium,deepseekv4_attnmhc,tiny_shakespeare,204800,0,0,336
43,medium,deepseekv4_attnmhc,tiny_shakespeare,204800,0,1,263
43,medium,deepseekv4_attnmhc,tiny_shakespeare,204800,0,2,381
43,medium,deepseekv4_attnmhc,tiny_shakespeare,204800,0,3,868
43,medium,deepseekv4_attnmhc,tiny_shakespeare,204800,0,4,399
43,medium,deepseekv4_attnmhc,tiny_shakespeare,204800,0,5,684
43,medium,deepseekv4_attnmhc,tiny_shakespeare,204800,0,6,317
43,medium,deepseekv4_attnmhc,tiny_shakespeare,204800,0,7,848
43,medium,deepseekv4_attnmhc,tiny_shakespeare,204800,1,0,369
43,medium,deepseekv4_attnmhc,tiny_shakespeare,204800,1,1,415
43,medium,deepseekv4_attnmhc,tiny_shakespeare,204800,1,2,946
43,medium,deepseekv4_attnmhc,tiny_shakespeare,204800,1,3,490
43,medium,deepseekv4_attnmhc,tiny_shakespeare,204800,1,4,641
43,medium,deepseekv4_attnmhc,tiny_shakespeare,204800,1,5,304
43,medium,deepseekv4_attnmhc,tiny_shakespeare,204800,1,6,530
43,medium,deepseekv4_attnmhc,tiny_shakespeare,204800,1,7,401
43,medium,deepseekv4_attnmhc,tiny_shakespeare,204800,2,0,511
43,medium,deepseekv4_attnmhc,tiny_shakespeare,204800,2,1,411
43,medium,deepseekv4_attnmhc,tiny_shakespeare,204800,2,2,478
43,medium,deepseekv4_attnmhc,tiny_shakespeare,204800,2,3,540
43,medium,deepseekv4_attnmhc,tiny_shakespeare,204800,2,4,492
43,medium,deepseekv4_attnmhc,tiny_shakespeare,204800,2,5,486
43,medium,deepseekv4_attnmhc,tiny_shakespeare,204800,2,6,535
43,medium,deepseekv4_attnmhc,tiny_shakespeare,204800,2,7,643
43,medium,deepseekv4_attnmhc,tiny_shakespeare,204800,3,0,451
43,medium,deepseekv4_attnmhc,tiny_shakespeare,204800,3,1,564
43,medium,deepseekv4_attnmhc,tiny_shakespeare,204800,3,2,491
43,medium,deepseekv4_attnmhc,tiny_shakespeare,204800,3,3,375
43,medium,deepseekv4_attnmhc,tiny_shakespeare,204800,3,4,545
43,medium,deepseekv4_attnmhc,tiny_shakespeare,204800,3,5,539
43,medium,deepseekv4_attnmhc,tiny_shakespeare,204800,3,6,618
43,medium,deepseekv4_attnmhc,tiny_shakespeare,204800,3,7,513
43,medium,deepseekv4_attnmhc,tiny_shakespeare,204800,4,0,615
43,medium,deepseekv4_attnmhc,tiny_shakespeare,204800,4,1,620
43,medium,deepseekv4_attnmhc,tiny_shakespeare,204800,4,2,522
43,medium,deepseekv4_attnmhc,tiny_shakespeare,204800,4,3,478
43,medium,deepseekv4_attnmhc,tiny_shakespeare,204800,4,4,359
43,medium,deepseekv4_attnmhc,tiny_shakespeare,204800,4,5,607
43,medium,deepseekv4_attnmhc,tiny_shakespeare,204800,4,6,577
43,medium,deepseekv4_attnmhc,tiny_shakespeare,204800,4,7,318
43,medium,deepseekv4_attnmhc,tiny_shakespeare,204800,5,0,272
43,medium,deepseekv4_attnmhc,tiny_shakespeare,204800,5,1,517
43,medium,deepseekv4_attnmhc,tiny_shakespeare,204800,5,2,483
43,medium,deepseekv4_attnmhc,tiny_shakespeare,204800,5,3,574
43,medium,deepseekv4_attnmhc,tiny_shakespeare,204800,5,4,530
43,medium,deepseekv4_attnmhc,tiny_shakespeare,204800,5,5,433
43,medium,deepseekv4_attnmhc,tiny_shakespeare,204800,5,6,588
43,medium,deepseekv4_attnmhc,tiny_shakespeare,204800,5,7,699
43,medium,deepseekv4_attnmhc,tiny_shakespeare,409600,0,0,336
43,medium,deepseekv4_attnmhc,tiny_shakespeare,409600,0,1,245
43,medium,deepseekv4_attnmhc,tiny_shakespeare,409600,0,2,351
43,medium,deepseekv4_attnmhc,tiny_shakespeare,409600,0,3,861
43,medium,deepseekv4_attnmhc,tiny_shakespeare,409600,0,4,426
43,medium,deepseekv4_attnmhc,tiny_shakespeare,409600,0,5,731
43,medium,deepseekv4_attnmhc,tiny_shakespeare,409600,0,6,288
43,medium,deepseekv4_attnmhc,tiny_shakespeare,409600,0,7,858
43,medium,deepseekv4_attnmhc,tiny_shakespeare,409600,1,0,361
43,medium,deepseekv4_attnmhc,tiny_shakespeare,409600,1,1,395
43,medium,deepseekv4_attnmhc,tiny_shakespeare,409600,1,2,993
43,medium,deepseekv4_attnmhc,tiny_shakespeare,409600,1,3,518
43,medium,deepseekv4_attnmhc,tiny_shakespeare,409600,1,4,631
43,medium,deepseekv4_attnmhc,tiny_shakespeare,409600,1,5,300
43,medium,deepseekv4_attnmhc,tiny_shakespeare,409600,1,6,495
43,medium,deepseekv4_attnmhc,tiny_shakespeare,409600,1,7,403
43,medium,deepseekv4_attnmhc,tiny_shakespeare,409600,2,0,490
43,medium,deepseekv4_attnmhc,tiny_shakespeare,409600,2,1,581
43,medium,deepseekv4_attnmhc,tiny_shakespeare,409600,2,2,498
43,medium,deepseekv4_attnmhc,tiny_shakespeare,409600,2,3,564
43,medium,deepseekv4_attnmhc,tiny_shakespeare,409600,2,4,526
43,medium,deepseekv4_attnmhc,tiny_shakespeare,409600,2,5,531
43,medium,deepseekv4_attnmhc,tiny_shakespeare,409600,2,6,447
43,medium,deepseekv4_attnmhc,tiny_shakespeare,409600,2,7,459
43,medium,deepseekv4_attnmhc,tiny_shakespeare,409600,3,0,581
43,medium,deepseekv4_attnmhc,tiny_shakespeare,409600,3,1,380
43,medium,deepseekv4_attnmhc,tiny_shakespeare,409600,3,2,472
43,medium,deepseekv4_attnmhc,tiny_shakespeare,409600,3,3,656
43,medium,deepseekv4_attnmhc,tiny_shakespeare,409600,3,4,596
43,medium,deepseekv4_attnmhc,tiny_shakespeare,409600,3,5,455
43,medium,deepseekv4_attnmhc,tiny_shakespeare,409600,3,6,374
43,medium,deepseekv4_attnmhc,tiny_shakespeare,409600,3,7,582
43,medium,deepseekv4_attnmhc,tiny_shakespeare,409600,4,0,545
43,medium,deepseekv4_attnmhc,tiny_shakespeare,409600,4,1,499
43,medium,deepseekv4_attnmhc,tiny_shakespeare,409600,4,2,538
43,medium,deepseekv4_attnmhc,tiny_shakespeare,409600,4,3,567
43,medium,deepseekv4_attnmhc,tiny_shakespeare,409600,4,4,643
43,medium,deepseekv4_attnmhc,tiny_shakespeare,409600,4,5,323
43,medium,deepseekv4_attnmhc,tiny_shakespeare,409600,4,6,507
43,medium,deepseekv4_attnmhc,tiny_shakespeare,409600,4,7,474
43,medium,deepseekv4_attnmhc,tiny_shakespeare,409600,5,0,325
43,medium,deepseekv4_attnmhc,tiny_shakespeare,409600,5,1,419
43,medium,deepseekv4_attnmhc,tiny_shakespeare,409600,5,2,677
43,medium,deepseekv4_attnmhc,tiny_shakespeare,409600,5,3,504
43,medium,deepseekv4_attnmhc,tiny_shakespeare,409600,5,4,551
43,medium,deepseekv4_attnmhc,tiny_shakespeare,409600,5,5,445
43,medium,deepseekv4_attnmhc,tiny_shakespeare,409600,5,6,485
43,medium,deepseekv4_attnmhc,tiny_shakespeare,409600,5,7,690
43,medium,deepseekv4_attnmhc,tiny_shakespeare,614400,0,0,359
43,medium,deepseekv4_attnmhc,tiny_shakespeare,614400,0,1,226
43,medium,deepseekv4_attnmhc,tiny_shakespeare,614400,0,2,362
43,medium,deepseekv4_attnmhc,tiny_shakespeare,614400,0,3,892
43,medium,deepseekv4_attnmhc,tiny_shakespeare,614400,0,4,413
43,medium,deepseekv4_attnmhc,tiny_shakespeare,614400,0,5,710
43,medium,deepseekv4_attnmhc,tiny_shakespeare,614400,0,6,284
43,medium,deepseekv4_attnmhc,tiny_shakespeare,614400,0,7,850
43,medium,deepseekv4_attnmhc,tiny_shakespeare,614400,1,0,391
43,medium,deepseekv4_attnmhc,tiny_shakespeare,614400,1,1,399
43,medium,deepseekv4_attnmhc,tiny_shakespeare,614400,1,2,919
43,medium,deepseekv4_attnmhc,tiny_shakespeare,614400,1,3,505
43,medium,deepseekv4_attnmhc,tiny_shakespeare,614400,1,4,633
43,medium,deepseekv4_attnmhc,tiny_shakespeare,614400,1,5,285
43,medium,deepseekv4_attnmhc,tiny_shakespeare,614400,1,6,536
43,medium,deepseekv4_attnmhc,tiny_shakespeare,614400,1,7,428
43,medium,deepseekv4_attnmhc,tiny_shakespeare,614400,2,0,593
43,medium,deepseekv4_attnmhc,tiny_shakespeare,614400,2,1,529
43,medium,deepseekv4_attnmhc,tiny_shakespeare,614400,2,2,459
43,medium,deepseekv4_attnmhc,tiny_shakespeare,614400,2,3,439
43,medium,deepseekv4_attnmhc,tiny_shakespeare,614400,2,4,562
43,medium,deepseekv4_attnmhc,tiny_shakespeare,614400,2,5,469
43,medium,deepseekv4_attnmhc,tiny_shakespeare,614400,2,6,511
43,medium,deepseekv4_attnmhc,tiny_shakespeare,614400,2,7,534
43,medium,deepseekv4_attnmhc,tiny_shakespeare,614400,3,0,489
43,medium,deepseekv4_attnmhc,tiny_shakespeare,614400,3,1,447
43,medium,deepseekv4_attnmhc,tiny_shakespeare,614400,3,2,482
43,medium,deepseekv4_attnmhc,tiny_shakespeare,614400,3,3,483
43,medium,deepseekv4_attnmhc,tiny_shakespeare,614400,3,4,520
43,medium,deepseekv4_attnmhc,tiny_shakespeare,614400,3,5,531
43,medium,deepseekv4_attnmhc,tiny_shakespeare,614400,3,6,590
43,medium,deepseekv4_attnmhc,tiny_shakespeare,614400,3,7,554
43,medium,deepseekv4_attnmhc,tiny_shakespeare,614400,4,0,513
43,medium,deepseekv4_attnmhc,tiny_shakespeare,614400,4,1,429
43,medium,deepseekv4_attnmhc,tiny_shakespeare,614400,4,2,523
43,medium,deepseekv4_attnmhc,tiny_shakespeare,614400,4,3,573
43,medium,deepseekv4_attnmhc,tiny_shakespeare,614400,4,4,499
43,medium,deepseekv4_attnmhc,tiny_shakespeare,614400,4,5,485
43,medium,deepseekv4_attnmhc,tiny_shakespeare,614400,4,6,544
43,medium,deepseekv4_attnmhc,tiny_shakespeare,614400,4,7,530
43,medium,deepseekv4_attnmhc,tiny_shakespeare,614400,5,0,540
43,medium,deepseekv4_attnmhc,tiny_shakespeare,614400,5,1,502
43,medium,deepseekv4_attnmhc,tiny_shakespeare,614400,5,2,548
43,medium,deepseekv4_attnmhc,tiny_shakespeare,614400,5,3,508
43,medium,deepseekv4_attnmhc,tiny_shakespeare,614400,5,4,551
43,medium,deepseekv4_attnmhc,tiny_shakespeare,614400,5,5,480
43,medium,deepseekv4_attnmhc,tiny_shakespeare,614400,5,6,476
43,medium,deepseekv4_attnmhc,tiny_shakespeare,614400,5,7,491
43,medium,deepseekv4_attnmhc,tiny_shakespeare,819200,0,0,374
43,medium,deepseekv4_attnmhc,tiny_shakespeare,819200,0,1,247
43,medium,deepseekv4_attnmhc,tiny_shakespeare,819200,0,2,378
43,medium,deepseekv4_attnmhc,tiny_shakespeare,819200,0,3,874
43,medium,deepseekv4_attnmhc,tiny_shakespeare,819200,0,4,383
43,medium,deepseekv4_attnmhc,tiny_shakespeare,819200,0,5,683
43,medium,deepseekv4_attnmhc,tiny_shakespeare,819200,0,6,275
43,medium,deepseekv4_attnmhc,tiny_shakespeare,819200,0,7,882
43,medium,deepseekv4_attnmhc,tiny_shakespeare,819200,1,0,389
43,medium,deepseekv4_attnmhc,tiny_shakespeare,819200,1,1,409
43,medium,deepseekv4_attnmhc,tiny_shakespeare,819200,1,2,937
43,medium,deepseekv4_attnmhc,tiny_shakespeare,819200,1,3,508
43,medium,deepseekv4_attnmhc,tiny_shakespeare,819200,1,4,648
43,medium,deepseekv4_attnmhc,tiny_shakespeare,819200,1,5,278
43,medium,deepseekv4_attnmhc,tiny_shakespeare,819200,1,6,517
43,medium,deepseekv4_attnmhc,tiny_shakespeare,819200,1,7,410
43,medium,deepseekv4_attnmhc,tiny_shakespeare,819200,2,0,514
43,medium,deepseekv4_attnmhc,tiny_shakespeare,819200,2,1,517
43,medium,deepseekv4_attnmhc,tiny_shakespeare,819200,2,2,564
43,medium,deepseekv4_attnmhc,tiny_shakespeare,819200,2,3,490
43,medium,deepseekv4_attnmhc,tiny_shakespeare,819200,2,4,491
43,medium,deepseekv4_attnmhc,tiny_shakespeare,819200,2,5,575
43,medium,deepseekv4_attnmhc,tiny_shakespeare,819200,2,6,494
43,medium,deepseekv4_attnmhc,tiny_shakespeare,819200,2,7,451
43,medium,deepseekv4_attnmhc,tiny_shakespeare,819200,3,0,473
43,medium,deepseekv4_attnmhc,tiny_shakespeare,819200,3,1,520
43,medium,deepseekv4_attnmhc,tiny_shakespeare,819200,3,2,468
43,medium,deepseekv4_attnmhc,tiny_shakespeare,819200,3,3,580
43,medium,deepseekv4_attnmhc,tiny_shakespeare,819200,3,4,530
43,medium,deepseekv4_attnmhc,tiny_shakespeare,819200,3,5,537
43,medium,deepseekv4_attnmhc,tiny_shakespeare,819200,3,6,546
43,medium,deepseekv4_attnmhc,tiny_shakespeare,819200,3,7,442
43,medium,deepseekv4_attnmhc,tiny_shakespeare,819200,4,0,451
43,medium,deepseekv4_attnmhc,tiny_shakespeare,819200,4,1,554
43,medium,deepseekv4_attnmhc,tiny_shakespeare,819200,4,2,546
43,medium,deepseekv4_attnmhc,tiny_shakespeare,819200,4,3,549
43,medium,deepseekv4_attnmhc,tiny_shakespeare,819200,4,4,569
43,medium,deepseekv4_attnmhc,tiny_shakespeare,819200,4,5,458
43,medium,deepseekv4_attnmhc,tiny_shakespeare,819200,4,6,505
43,medium,deepseekv4_attnmhc,tiny_shakespeare,819200,4,7,464
43,medium,deepseekv4_attnmhc,tiny_shakespeare,819200,5,0,553
43,medium,deepseekv4_attnmhc,tiny_shakespeare,819200,5,1,513
43,medium,deepseekv4_attnmhc,tiny_shakespeare,819200,5,2,506
43,medium,deepseekv4_attnmhc,tiny_shakespeare,819200,5,3,505
43,medium,deepseekv4_attnmhc,tiny_shakespeare,819200,5,4,518
43,medium,deepseekv4_attnmhc,tiny_shakespeare,819200,5,5,560
43,medium,deepseekv4_attnmhc,tiny_shakespeare,819200,5,6,458
43,medium,deepseekv4_attnmhc,tiny_shakespeare,819200,5,7,483
43,medium,deepseekv4_attnmhc,tiny_shakespeare,1024000,0,0,349
43,medium,deepseekv4_attnmhc,tiny_shakespeare,1024000,0,1,221
43,medium,deepseekv4_attnmhc,tiny_shakespeare,1024000,0,2,381
43,medium,deepseekv4_attnmhc,tiny_shakespeare,1024000,0,3,896
43,medium,deepseekv4_attnmhc,tiny_shakespeare,1024000,0,4,402
43,medium,deepseekv4_attnmhc,tiny_shakespeare,1024000,0,5,693
43,medium,deepseekv4_attnmhc,tiny_shakespeare,1024000,0,6,296
43,medium,deepseekv4_attnmhc,tiny_shakespeare,1024000,0,7,858
43,medium,deepseekv4_attnmhc,tiny_shakespeare,1024000,1,0,367
43,medium,deepseekv4_attnmhc,tiny_shakespeare,1024000,1,1,356
43,medium,deepseekv4_attnmhc,tiny_shakespeare,1024000,1,2,963
43,medium,deepseekv4_attnmhc,tiny_shakespeare,1024000,1,3,517
43,medium,deepseekv4_attnmhc,tiny_shakespeare,1024000,1,4,634
43,medium,deepseekv4_attnmhc,tiny_shakespeare,1024000,1,5,294
43,medium,deepseekv4_attnmhc,tiny_shakespeare,1024000,1,6,544
43,medium,deepseekv4_attnmhc,tiny_shakespeare,1024000,1,7,421
43,medium,deepseekv4_attnmhc,tiny_shakespeare,1024000,2,0,489
43,medium,deepseekv4_attnmhc,tiny_shakespeare,1024000,2,1,551
43,medium,deepseekv4_attnmhc,tiny_shakespeare,1024000,2,2,533
43,medium,deepseekv4_attnmhc,tiny_shakespeare,1024000,2,3,551
43,medium,deepseekv4_attnmhc,tiny_shakespeare,1024000,2,4,482
43,medium,deepseekv4_attnmhc,tiny_shakespeare,1024000,2,5,544
43,medium,deepseekv4_attnmhc,tiny_shakespeare,1024000,2,6,496
43,medium,deepseekv4_attnmhc,tiny_shakespeare,1024000,2,7,450
43,medium,deepseekv4_attnmhc,tiny_shakespeare,1024000,3,0,428
43,medium,deepseekv4_attnmhc,tiny_shakespeare,1024000,3,1,539
43,medium,deepseekv4_attnmhc,tiny_shakespeare,1024000,3,2,510
43,medium,deepseekv4_attnmhc,tiny_shakespeare,1024000,3,3,445
43,medium,deepseekv4_attnmhc,tiny_shakespeare,1024000,3,4,505
43,medium,deepseekv4_attnmhc,tiny_shakespeare,1024000,3,5,551
43,medium,deepseekv4_attnmhc,tiny_shakespeare,1024000,3,6,548
43,medium,deepseekv4_attnmhc,tiny_shakespeare,1024000,3,7,570
43,medium,deepseekv4_attnmhc,tiny_shakespeare,1024000,4,0,608
43,medium,deepseekv4_attnmhc,tiny_shakespeare,1024000,4,1,548
43,medium,deepseekv4_attnmhc,tiny_shakespeare,1024000,4,2,467
43,medium,deepseekv4_attnmhc,tiny_shakespeare,1024000,4,3,499
43,medium,deepseekv4_attnmhc,tiny_shakespeare,1024000,4,4,483
43,medium,deepseekv4_attnmhc,tiny_shakespeare,1024000,4,5,569
43,medium,deepseekv4_attnmhc,tiny_shakespeare,1024000,4,6,472
43,medium,deepseekv4_attnmhc,tiny_shakespeare,1024000,4,7,450
43,medium,deepseekv4_attnmhc,tiny_shakespeare,1024000,5,0,498
43,medium,deepseekv4_attnmhc,tiny_shakespeare,1024000,5,1,569
43,medium,deepseekv4_attnmhc,tiny_shakespeare,1024000,5,2,519
43,medium,deepseekv4_attnmhc,tiny_shakespeare,1024000,5,3,464
43,medium,deepseekv4_attnmhc,tiny_shakespeare,1024000,5,4,568
43,medium,deepseekv4_attnmhc,tiny_shakespeare,1024000,5,5,488
43,medium,deepseekv4_attnmhc,tiny_shakespeare,1024000,5,6,501
43,medium,deepseekv4_attnmhc,tiny_shakespeare,1024000,5,7,489
43,medium,deepseekv4_attnmhc,tiny_shakespeare,1228800,0,0,387
43,medium,deepseekv4_attnmhc,tiny_shakespeare,1228800,0,1,233
43,medium,deepseekv4_attnmhc,tiny_shakespeare,1228800,0,2,388
43,medium,deepseekv4_attnmhc,tiny_shakespeare,1228800,0,3,872
43,medium,deepseekv4_attnmhc,tiny_shakespeare,1228800,0,4,408
43,medium,deepseekv4_attnmhc,tiny_shakespeare,1228800,0,5,686
43,medium,deepseekv4_attnmhc,tiny_shakespeare,1228800,0,6,298
43,medium,deepseekv4_attnmhc,tiny_shakespeare,1228800,0,7,824
43,medium,deepseekv4_attnmhc,tiny_shakespeare,1228800,1,0,385
43,medium,deepseekv4_attnmhc,tiny_shakespeare,1228800,1,1,366
43,medium,deepseekv4_attnmhc,tiny_shakespeare,1228800,1,2,958
43,medium,deepseekv4_attnmhc,tiny_shakespeare,1228800,1,3,511
43,medium,deepseekv4_attnmhc,tiny_shakespeare,1228800,1,4,636
43,medium,deepseekv4_attnmhc,tiny_shakespeare,1228800,1,5,288
43,medium,deepseekv4_attnmhc,tiny_shakespeare,1228800,1,6,530
43,medium,deepseekv4_attnmhc,tiny_shakespeare,1228800,1,7,422
43,medium,deepseekv4_attnmhc,tiny_shakespeare,1228800,2,0,512
43,medium,deepseekv4_attnmhc,tiny_shakespeare,1228800,2,1,530
43,medium,deepseekv4_attnmhc,tiny_shakespeare,1228800,2,2,535
43,medium,deepseekv4_attnmhc,tiny_shakespeare,1228800,2,3,512
43,medium,deepseekv4_attnmhc,tiny_shakespeare,1228800,2,4,533
43,medium,deepseekv4_attnmhc,tiny_shakespeare,1228800,2,5,484
43,medium,deepseekv4_attnmhc,tiny_shakespeare,1228800,2,6,520
43,medium,deepseekv4_attnmhc,tiny_shakespeare,1228800,2,7,470
43,medium,deepseekv4_attnmhc,tiny_shakespeare,1228800,3,0,523
43,medium,deepseekv4_attnmhc,tiny_shakespeare,1228800,3,1,456
43,medium,deepseekv4_attnmhc,tiny_shakespeare,1228800,3,2,512
43,medium,deepseekv4_attnmhc,tiny_shakespeare,1228800,3,3,481
43,medium,deepseekv4_attnmhc,tiny_shakespeare,1228800,3,4,547
43,medium,deepseekv4_attnmhc,tiny_shakespeare,1228800,3,5,528
43,medium,deepseekv4_attnmhc,tiny_shakespeare,1228800,3,6,544
43,medium,deepseekv4_attnmhc,tiny_shakespeare,1228800,3,7,505
43,medium,deepseekv4_attnmhc,tiny_shakespeare,1228800,4,0,505
43,medium,deepseekv4_attnmhc,tiny_shakespeare,1228800,4,1,532
43,medium,deepseekv4_attnmhc,tiny_shakespeare,1228800,4,2,527
43,medium,deepseekv4_attnmhc,tiny_shakespeare,1228800,4,3,508
43,medium,deepseekv4_attnmhc,tiny_shakespeare,1228800,4,4,597
43,medium,deepseekv4_attnmhc,tiny_shakespeare,1228800,4,5,460
43,medium,deepseekv4_attnmhc,tiny_shakespeare,1228800,4,6,513
43,medium,deepseekv4_attnmhc,tiny_shakespeare,1228800,4,7,454
43,medium,deepseekv4_attnmhc,tiny_shakespeare,1228800,5,0,566
43,medium,deepseekv4_attnmhc,tiny_shakespeare,1228800,5,1,523
43,medium,deepseekv4_attnmhc,tiny_shakespeare,1228800,5,2,549
43,medium,deepseekv4_attnmhc,tiny_shakespeare,1228800,5,3,479
43,medium,deepseekv4_attnmhc,tiny_shakespeare,1228800,5,4,516
43,medium,deepseekv4_attnmhc,tiny_shakespeare,1228800,5,5,467
43,medium,deepseekv4_attnmhc,tiny_shakespeare,1228800,5,6,500
43,medium,deepseekv4_attnmhc,tiny_shakespeare,1228800,5,7,496
43,medium,deepseekv4_attnmhc,tiny_shakespeare,1433600,0,0,363
43,medium,deepseekv4_attnmhc,tiny_shakespeare,1433600,0,1,280
43,medium,deepseekv4_attnmhc,tiny_shakespeare,1433600,0,2,390
43,medium,deepseekv4_attnmhc,tiny_shakespeare,1433600,0,3,872
43,medium,deepseekv4_attnmhc,tiny_shakespeare,1433600,0,4,394
43,medium,deepseekv4_attnmhc,tiny_shakespeare,1433600,0,5,694
43,medium,deepseekv4_attnmhc,tiny_shakespeare,1433600,0,6,295
43,medium,deepseekv4_attnmhc,tiny_shakespeare,1433600,0,7,808
43,medium,deepseekv4_attnmhc,tiny_shakespeare,1433600,1,0,351
43,medium,deepseekv4_attnmhc,tiny_shakespeare,1433600,1,1,423
43,medium,deepseekv4_attnmhc,tiny_shakespeare,1433600,1,2,989
43,medium,deepseekv4_attnmhc,tiny_shakespeare,1433600,1,3,501
43,medium,deepseekv4_attnmhc,tiny_shakespeare,1433600,1,4,646
43,medium,deepseekv4_attnmhc,tiny_shakespeare,1433600,1,5,284
43,medium,deepseekv4_attnmhc,tiny_shakespeare,1433600,1,6,493
43,medium,deepseekv4_attnmhc,tiny_shakespeare,1433600,1,7,409
43,medium,deepseekv4_attnmhc,tiny_shakespeare,1433600,2,0,516
43,medium,deepseekv4_attnmhc,tiny_shakespeare,1433600,2,1,547
43,medium,deepseekv4_attnmhc,tiny_shakespeare,1433600,2,2,529
43,medium,deepseekv4_attnmhc,tiny_shakespeare,1433600,2,3,520
43,medium,deepseekv4_attnmhc,tiny_shakespeare,1433600,2,4,494
43,medium,deepseekv4_attnmhc,tiny_shakespeare,1433600,2,5,503
43,medium,deepseekv4_attnmhc,tiny_shakespeare,1433600,2,6,503
43,medium,deepseekv4_attnmhc,tiny_shakespeare,1433600,2,7,484
43,medium,deepseekv4_attnmhc,tiny_shakespeare,1433600,3,0,537
43,medium,deepseekv4_attnmhc,tiny_shakespeare,1433600,3,1,515
43,medium,deepseekv4_attnmhc,tiny_shakespeare,1433600,3,2,487
43,medium,deepseekv4_attnmhc,tiny_shakespeare,1433600,3,3,532
43,medium,deepseekv4_attnmhc,tiny_shakespeare,1433600,3,4,479
43,medium,deepseekv4_attnmhc,tiny_shakespeare,1433600,3,5,518
43,medium,deepseekv4_attnmhc,tiny_shakespeare,1433600,3,6,501
43,medium,deepseekv4_attnmhc,tiny_shakespeare,1433600,3,7,527
43,medium,deepseekv4_attnmhc,tiny_shakespeare,1433600,4,0,565
43,medium,deepseekv4_attnmhc,tiny_shakespeare,1433600,4,1,452
43,medium,deepseekv4_attnmhc,tiny_shakespeare,1433600,4,2,603
43,medium,deepseekv4_attnmhc,tiny_shakespeare,1433600,4,3,501
43,medium,deepseekv4_attnmhc,tiny_shakespeare,1433600,4,4,507
43,medium,deepseekv4_attnmhc,tiny_shakespeare,1433600,4,5,456
43,medium,deepseekv4_attnmhc,tiny_shakespeare,1433600,4,6,484
43,medium,deepseekv4_attnmhc,tiny_shakespeare,1433600,4,7,528
43,medium,deepseekv4_attnmhc,tiny_shakespeare,1433600,5,0,471
43,medium,deepseekv4_attnmhc,tiny_shakespeare,1433600,5,1,483
43,medium,deepseekv4_attnmhc,tiny_shakespeare,1433600,5,2,544
43,medium,deepseekv4_attnmhc,tiny_shakespeare,1433600,5,3,499
43,medium,deepseekv4_attnmhc,tiny_shakespeare,1433600,5,4,537
43,medium,deepseekv4_attnmhc,tiny_shakespeare,1433600,5,5,504
43,medium,deepseekv4_attnmhc,tiny_shakespeare,1433600,5,6,528
43,medium,deepseekv4_attnmhc,tiny_shakespeare,1433600,5,7,530
43,medium,deepseekv4_attnmhc,tiny_shakespeare,1638400,0,0,361
43,medium,deepseekv4_attnmhc,tiny_shakespeare,1638400,0,1,253
43,medium,deepseekv4_attnmhc,tiny_shakespeare,1638400,0,2,374
43,medium,deepseekv4_attnmhc,tiny_shakespeare,1638400,0,3,876
43,medium,deepseekv4_attnmhc,tiny_shakespeare,1638400,0,4,410
43,medium,deepseekv4_attnmhc,tiny_shakespeare,1638400,0,5,679
43,medium,deepseekv4_attnmhc,tiny_shakespeare,1638400,0,6,286
43,medium,deepseekv4_attnmhc,tiny_shakespeare,1638400,0,7,857
43,medium,deepseekv4_attnmhc,tiny_shakespeare,1638400,1,0,345
43,medium,deepseekv4_attnmhc,tiny_shakespeare,1638400,1,1,437
43,medium,deepseekv4_attnmhc,tiny_shakespeare,1638400,1,2,914
43,medium,deepseekv4_attnmhc,tiny_shakespeare,1638400,1,3,506
43,medium,deepseekv4_attnmhc,tiny_shakespeare,1638400,1,4,657
43,medium,deepseekv4_attnmhc,tiny_shakespeare,1638400,1,5,291
43,medium,deepseekv4_attnmhc,tiny_shakespeare,1638400,1,6,525
43,medium,deepseekv4_attnmhc,tiny_shakespeare,1638400,1,7,421
43,medium,deepseekv4_attnmhc,tiny_shakespeare,1638400,2,0,492
43,medium,deepseekv4_attnmhc,tiny_shakespeare,1638400,2,1,533
43,medium,deepseekv4_attnmhc,tiny_shakespeare,1638400,2,2,548
43,medium,deepseekv4_attnmhc,tiny_shakespeare,1638400,2,3,493
43,medium,deepseekv4_attnmhc,tiny_shakespeare,1638400,2,4,514
43,medium,deepseekv4_attnmhc,tiny_shakespeare,1638400,2,5,492
43,medium,deepseekv4_attnmhc,tiny_shakespeare,1638400,2,6,505
43,medium,deepseekv4_attnmhc,tiny_shakespeare,1638400,2,7,519
43,medium,deepseekv4_attnmhc,tiny_shakespeare,1638400,3,0,525
43,medium,deepseekv4_attnmhc,tiny_shakespeare,1638400,3,1,565
43,medium,deepseekv4_attnmhc,tiny_shakespeare,1638400,3,2,480
43,medium,deepseekv4_attnmhc,tiny_shakespeare,1638400,3,3,485
43,medium,deepseekv4_attnmhc,tiny_shakespeare,1638400,3,4,544
43,medium,deepseekv4_attnmhc,tiny_shakespeare,1638400,3,5,500
43,medium,deepseekv4_attnmhc,tiny_shakespeare,1638400,3,6,517
43,medium,deepseekv4_attnmhc,tiny_shakespeare,1638400,3,7,480
43,medium,deepseekv4_attnmhc,tiny_shakespeare,1638400,4,0,527
43,medium,deepseekv4_attnmhc,tiny_shakespeare,1638400,4,1,496
43,medium,deepseekv4_attnmhc,tiny_shakespeare,1638400,4,2,560
43,medium,deepseekv4_attnmhc,tiny_shakespeare,1638400,4,3,529
43,medium,deepseekv4_attnmhc,tiny_shakespeare,1638400,4,4,522
43,medium,deepseekv4_attnmhc,tiny_shakespeare,1638400,4,5,497
43,medium,deepseekv4_attnmhc,tiny_shakespeare,1638400,4,6,459
43,medium,deepseekv4_attnmhc,tiny_shakespeare,1638400,4,7,506
43,medium,deepseekv4_attnmhc,tiny_shakespeare,1638400,5,0,486
43,medium,deepseekv4_attnmhc,tiny_shakespeare,1638400,5,1,473
43,medium,deepseekv4_attnmhc,tiny_shakespeare,1638400,5,2,532
43,medium,deepseekv4_attnmhc,tiny_shakespeare,1638400,5,3,541
43,medium,deepseekv4_attnmhc,tiny_shakespeare,1638400,5,4,506
43,medium,deepseekv4_attnmhc,tiny_shakespeare,1638400,5,5,588
43,medium,deepseekv4_attnmhc,tiny_shakespeare,1638400,5,6,454
43,medium,deepseekv4_attnmhc,tiny_shakespeare,1638400,5,7,516
43,medium,deepseekv4_attnmhc,tiny_shakespeare,1843200,0,0,390
43,medium,deepseekv4_attnmhc,tiny_shakespeare,1843200,0,1,246
43,medium,deepseekv4_attnmhc,tiny_shakespeare,1843200,0,2,378
43,medium,deepseekv4_attnmhc,tiny_shakespeare,1843200,0,3,873
43,medium,deepseekv4_attnmhc,tiny_shakespeare,1843200,0,4,406
43,medium,deepseekv4_attnmhc,tiny_shakespeare,1843200,0,5,689
43,medium,deepseekv4_attnmhc,tiny_shakespeare,1843200,0,6,262
43,medium,deepseekv4_attnmhc,tiny_shakespeare,1843200,0,7,852
43,medium,deepseekv4_attnmhc,tiny_shakespeare,1843200,1,0,372
43,medium,deepseekv4_attnmhc,tiny_shakespeare,1843200,1,1,418
43,medium,deepseekv4_attnmhc,tiny_shakespeare,1843200,1,2,946
43,medium,deepseekv4_attnmhc,tiny_shakespeare,1843200,1,3,527
43,medium,deepseekv4_attnmhc,tiny_shakespeare,1843200,1,4,648
43,medium,deepseekv4_attnmhc,tiny_shakespeare,1843200,1,5,263
43,medium,deepseekv4_attnmhc,tiny_shakespeare,1843200,1,6,517
43,medium,deepseekv4_attnmhc,tiny_shakespeare,1843200,1,7,405
43,medium,deepseekv4_attnmhc,tiny_shakespeare,1843200,2,0,531
43,medium,deepseekv4_attnmhc,tiny_shakespeare,1843200,2,1,485
43,medium,deepseekv4_attnmhc,tiny_shakespeare,1843200,2,2,537
43,medium,deepseekv4_attnmhc,tiny_shakespeare,1843200,2,3,524
43,medium,deepseekv4_attnmhc,tiny_shakespeare,1843200,2,4,489
43,medium,deepseekv4_attnmhc,tiny_shakespeare,1843200,2,5,525
43,medium,deepseekv4_attnmhc,tiny_shakespeare,1843200,2,6,487
43,medium,deepseekv4_attnmhc,tiny_shakespeare,1843200,2,7,518
43,medium,deepseekv4_attnmhc,tiny_shakespeare,1843200,3,0,506
43,medium,deepseekv4_attnmhc,tiny_shakespeare,1843200,3,1,473
43,medium,deepseekv4_attnmhc,tiny_shakespeare,1843200,3,2,543
43,medium,deepseekv4_attnmhc,tiny_shakespeare,1843200,3,3,497
43,medium,deepseekv4_attnmhc,tiny_shakespeare,1843200,3,4,534
43,medium,deepseekv4_attnmhc,tiny_shakespeare,1843200,3,5,499
43,medium,deepseekv4_attnmhc,tiny_shakespeare,1843200,3,6,534
43,medium,deepseekv4_attnmhc,tiny_shakespeare,1843200,3,7,510
43,medium,deepseekv4_attnmhc,tiny_shakespeare,1843200,4,0,468
43,medium,deepseekv4_attnmhc,tiny_shakespeare,1843200,4,1,484
43,medium,deepseekv4_attnmhc,tiny_shakespeare,1843200,4,2,472
43,medium,deepseekv4_attnmhc,tiny_shakespeare,1843200,4,3,540
43,medium,deepseekv4_attnmhc,tiny_shakespeare,1843200,4,4,539
43,medium,deepseekv4_attnmhc,tiny_shakespeare,1843200,4,5,515
43,medium,deepseekv4_attnmhc,tiny_shakespeare,1843200,4,6,508
43,medium,deepseekv4_attnmhc,tiny_shakespeare,1843200,4,7,570
43,medium,deepseekv4_attnmhc,tiny_shakespeare,1843200,5,0,505
43,medium,deepseekv4_attnmhc,tiny_shakespeare,1843200,5,1,446
43,medium,deepseekv4_attnmhc,tiny_shakespeare,1843200,5,2,540
43,medium,deepseekv4_attnmhc,tiny_shakespeare,1843200,5,3,477
43,medium,deepseekv4_attnmhc,tiny_shakespeare,1843200,5,4,509
43,medium,deepseekv4_attnmhc,tiny_shakespeare,1843200,5,5,523
43,medium,deepseekv4_attnmhc,tiny_shakespeare,1843200,5,6,538
43,medium,deepseekv4_attnmhc,tiny_shakespeare,1843200,5,7,558
43,medium,deepseekv4_attnmhc,tiny_shakespeare,2048000,0,0,345
43,medium,deepseekv4_attnmhc,tiny_shakespeare,2048000,0,1,245
43,medium,deepseekv4_attnmhc,tiny_shakespeare,2048000,0,2,365
43,medium,deepseekv4_attnmhc,tiny_shakespeare,2048000,0,3,866
43,medium,deepseekv4_attnmhc,tiny_shakespeare,2048000,0,4,435
43,medium,deepseekv4_attnmhc,tiny_shakespeare,2048000,0,5,706
43,medium,deepseekv4_attnmhc,tiny_shakespeare,2048000,0,6,292
43,medium,deepseekv4_attnmhc,tiny_shakespeare,2048000,0,7,842
43,medium,deepseekv4_attnmhc,tiny_shakespeare,2048000,1,0,363
43,medium,deepseekv4_attnmhc,tiny_shakespeare,2048000,1,1,384
43,medium,deepseekv4_attnmhc,tiny_shakespeare,2048000,1,2,957
43,medium,deepseekv4_attnmhc,tiny_shakespeare,2048000,1,3,515
43,medium,deepseekv4_attnmhc,tiny_shakespeare,2048000,1,4,650
43,medium,deepseekv4_attnmhc,tiny_shakespeare,2048000,1,5,301
43,medium,deepseekv4_attnmhc,tiny_shakespeare,2048000,1,6,514
43,medium,deepseekv4_attnmhc,tiny_shakespeare,2048000,1,7,412
43,medium,deepseekv4_attnmhc,tiny_shakespeare,2048000,2,0,549
43,medium,deepseekv4_attnmhc,tiny_shakespeare,2048000,2,1,495
43,medium,deepseekv4_attnmhc,tiny_shakespeare,2048000,2,2,461
43,medium,deepseekv4_attnmhc,tiny_shakespeare,2048000,2,3,510
43,medium,deepseekv4_attnmhc,tiny_shakespeare,2048000,2,4,496
43,medium,deepseekv4_attnmhc,tiny_shakespeare,2048000,2,5,530
43,medium,deepseekv4_attnmhc,tiny_shakespeare,2048000,2,6,520
43,medium,deepseekv4_attnmhc,tiny_shakespeare,2048000,2,7,535
43,medium,deepseekv4_attnmhc,tiny_shakespeare,2048000,3,0,497
43,medium,deepseekv4_attnmhc,tiny_shakespeare,2048000,3,1,528
43,medium,deepseekv4_attnmhc,tiny_shakespeare,2048000,3,2,530
43,medium,deepseekv4_attnmhc,tiny_shakespeare,2048000,3,3,504
43,medium,deepseekv4_attnmhc,tiny_shakespeare,2048000,3,4,492
43,medium,deepseekv4_attnmhc,tiny_shakespeare,2048000,3,5,518
43,medium,deepseekv4_attnmhc,tiny_shakespeare,2048000,3,6,504
43,medium,deepseekv4_attnmhc,tiny_shakespeare,2048000,3,7,523
43,medium,deepseekv4_attnmhc,tiny_shakespeare,2048000,4,0,529
43,medium,deepseekv4_attnmhc,tiny_shakespeare,2048000,4,1,517
43,medium,deepseekv4_attnmhc,tiny_shakespeare,2048000,4,2,513
43,medium,deepseekv4_attnmhc,tiny_shakespeare,2048000,4,3,501
43,medium,deepseekv4_attnmhc,tiny_shakespeare,2048000,4,4,499
43,medium,deepseekv4_attnmhc,tiny_shakespeare,2048000,4,5,494
43,medium,deepseekv4_attnmhc,tiny_shakespeare,2048000,4,6,521
43,medium,deepseekv4_attnmhc,tiny_shakespeare,2048000,4,7,522
43,medium,deepseekv4_attnmhc,tiny_shakespeare,2048000,5,0,620
43,medium,deepseekv4_attnmhc,tiny_shakespeare,2048000,5,1,541
43,medium,deepseekv4_attnmhc,tiny_shakespeare,2048000,5,2,487
43,medium,deepseekv4_attnmhc,tiny_shakespeare,2048000,5,3,533
43,medium,deepseekv4_attnmhc,tiny_shakespeare,2048000,5,4,485
43,medium,deepseekv4_attnmhc,tiny_shakespeare,2048000,5,5,471
43,medium,deepseekv4_attnmhc,tiny_shakespeare,2048000,5,6,444
43,medium,deepseekv4_attnmhc,tiny_shakespeare,2048000,5,7,515
43,medium,deepseekv4_attnmhc_2h,tiny_shakespeare,2048,0,0,362
43,medium,deepseekv4_attnmhc_2h,tiny_shakespeare,2048,0,1,263
43,medium,deepseekv4_attnmhc_2h,tiny_shakespeare,2048,0,2,357
43,medium,deepseekv4_attnmhc_2h,tiny_shakespeare,2048,0,3,875
43,medium,deepseekv4_attnmhc_2h,tiny_shakespeare,2048,0,4,403
43,medium,deepseekv4_attnmhc_2h,tiny_shakespeare,2048,0,5,704
43,medium,deepseekv4_attnmhc_2h,tiny_shakespeare,2048,0,6,286
43,medium,deepseekv4_attnmhc_2h,tiny_shakespeare,2048,0,7,846
43,medium,deepseekv4_attnmhc_2h,tiny_shakespeare,2048,1,0,363
43,medium,deepseekv4_attnmhc_2h,tiny_shakespeare,2048,1,1,424
43,medium,deepseekv4_attnmhc_2h,tiny_shakespeare,2048,1,2,942
43,medium,deepseekv4_attnmhc_2h,tiny_shakespeare,2048,1,3,507
43,medium,deepseekv4_attnmhc_2h,tiny_shakespeare,2048,1,4,667
43,medium,deepseekv4_attnmhc_2h,tiny_shakespeare,2048,1,5,298
43,medium,deepseekv4_attnmhc_2h,tiny_shakespeare,2048,1,6,482
43,medium,deepseekv4_attnmhc_2h,tiny_shakespeare,2048,1,7,413
43,medium,deepseekv4_attnmhc_2h,tiny_shakespeare,2048,2,0,154
43,medium,deepseekv4_attnmhc_2h,tiny_shakespeare,2048,2,1,702
43,medium,deepseekv4_attnmhc_2h,tiny_shakespeare,2048,2,2,307
43,medium,deepseekv4_attnmhc_2h,tiny_shakespeare,2048,2,3,627
43,medium,deepseekv4_attnmhc_2h,tiny_shakespeare,2048,2,4,499
43,medium,deepseekv4_attnmhc_2h,tiny_shakespeare,2048,2,5,810
43,medium,deepseekv4_attnmhc_2h,tiny_shakespeare,2048,2,6,465
43,medium,deepseekv4_attnmhc_2h,tiny_shakespeare,2048,2,7,532
43,medium,deepseekv4_attnmhc_2h,tiny_shakespeare,2048,3,0,312
43,medium,deepseekv4_attnmhc_2h,tiny_shakespeare,2048,3,1,817
43,medium,deepseekv4_attnmhc_2h,tiny_shakespeare,2048,3,2,501
43,medium,deepseekv4_attnmhc_2h,tiny_shakespeare,2048,3,3,362
43,medium,deepseekv4_attnmhc_2h,tiny_shakespeare,2048,3,4,749
43,medium,deepseekv4_attnmhc_2h,tiny_shakespeare,2048,3,5,473
43,medium,deepseekv4_attnmhc_2h,tiny_shakespeare,2048,3,6,278
43,medium,deepseekv4_attnmhc_2h,tiny_shakespeare,2048,3,7,604
43,medium,deepseekv4_attnmhc_2h,tiny_shakespeare,2048,4,0,848
43,medium,deepseekv4_attnmhc_2h,tiny_shakespeare,2048,4,1,439
43,medium,deepseekv4_attnmhc_2h,tiny_shakespeare,2048,4,2,147
43,medium,deepseekv4_attnmhc_2h,tiny_shakespeare,2048,4,3,730
43,medium,deepseekv4_attnmhc_2h,tiny_shakespeare,2048,4,4,539
43,medium,deepseekv4_attnmhc_2h,tiny_shakespeare,2048,4,5,449
43,medium,deepseekv4_attnmhc_2h,tiny_shakespeare,2048,4,6,517
43,medium,deepseekv4_attnmhc_2h,tiny_shakespeare,2048,4,7,427
43,medium,deepseekv4_attnmhc_2h,tiny_shakespeare,2048,5,0,288
43,medium,deepseekv4_attnmhc_2h,tiny_shakespeare,2048,5,1,1066
43,medium,deepseekv4_attnmhc_2h,tiny_shakespeare,2048,5,2,794
43,medium,deepseekv4_attnmhc_2h,tiny_shakespeare,2048,5,3,420
43,medium,deepseekv4_attnmhc_2h,tiny_shakespeare,2048,5,4,366
43,medium,deepseekv4_attnmhc_2h,tiny_shakespeare,2048,5,5,428
43,medium,deepseekv4_attnmhc_2h,tiny_shakespeare,2048,5,6,179
43,medium,deepseekv4_attnmhc_2h,tiny_shakespeare,2048,5,7,555
43,medium,deepseekv4_attnmhc_2h,tiny_shakespeare,204800,0,0,336
43,medium,deepseekv4_attnmhc_2h,tiny_shakespeare,204800,0,1,263
43,medium,deepseekv4_attnmhc_2h,tiny_shakespeare,204800,0,2,381
43,medium,deepseekv4_attnmhc_2h,tiny_shakespeare,204800,0,3,868
43,medium,deepseekv4_attnmhc_2h,tiny_shakespeare,204800,0,4,399
43,medium,deepseekv4_attnmhc_2h,tiny_shakespeare,204800,0,5,684
43,medium,deepseekv4_attnmhc_2h,tiny_shakespeare,204800,0,6,317
43,medium,deepseekv4_attnmhc_2h,tiny_shakespeare,204800,0,7,848
43,medium,deepseekv4_attnmhc_2h,tiny_shakespeare,204800,1,0,369
43,medium,deepseekv4_attnmhc_2h,tiny_shakespeare,204800,1,1,415
43,medium,deepseekv4_attnmhc_2h,tiny_shakespeare,204800,1,2,946
43,medium,deepseekv4_attnmhc_2h,tiny_shakespeare,204800,1,3,490
43,medium,deepseekv4_attnmhc_2h,tiny_shakespeare,204800,1,4,641
43,medium,deepseekv4_attnmhc_2h,tiny_shakespeare,204800,1,5,304
43,medium,deepseekv4_attnmhc_2h,tiny_shakespeare,204800,1,6,530
43,medium,deepseekv4_attnmhc_2h,tiny_shakespeare,204800,1,7,401
43,medium,deepseekv4_attnmhc_2h,tiny_shakespeare,204800,2,0,324
43,medium,deepseekv4_attnmhc_2h,tiny_shakespeare,204800,2,1,508
43,medium,deepseekv4_attnmhc_2h,tiny_shakespeare,204800,2,2,536
43,medium,deepseekv4_attnmhc_2h,tiny_shakespeare,204800,2,3,590
43,medium,deepseekv4_attnmhc_2h,tiny_shakespeare,204800,2,4,596
43,medium,deepseekv4_attnmhc_2h,tiny_shakespeare,204800,2,5,425
43,medium,deepseekv4_attnmhc_2h,tiny_shakespeare,204800,2,6,521
43,medium,deepseekv4_attnmhc_2h,tiny_shakespeare,204800,2,7,596
43,medium,deepseekv4_attnmhc_2h,tiny_shakespeare,204800,3,0,522
43,medium,deepseekv4_attnmhc_2h,tiny_shakespeare,204800,3,1,756
43,medium,deepseekv4_attnmhc_2h,tiny_shakespeare,204800,3,2,404
43,medium,deepseekv4_attnmhc_2h,tiny_shakespeare,204800,3,3,519
43,medium,deepseekv4_attnmhc_2h,tiny_shakespeare,204800,3,4,423
43,medium,deepseekv4_attnmhc_2h,tiny_shakespeare,204800,3,5,423
43,medium,deepseekv4_attnmhc_2h,tiny_shakespeare,204800,3,6,471
43,medium,deepseekv4_attnmhc_2h,tiny_shakespeare,204800,3,7,578
43,medium,deepseekv4_attnmhc_2h,tiny_shakespeare,204800,4,0,658
43,medium,deepseekv4_attnmhc_2h,tiny_shakespeare,204800,4,1,392
43,medium,deepseekv4_attnmhc_2h,tiny_shakespeare,204800,4,2,557
43,medium,deepseekv4_attnmhc_2h,tiny_shakespeare,204800,4,3,365
43,medium,deepseekv4_attnmhc_2h,tiny_shakespeare,204800,4,4,436
43,medium,deepseekv4_attnmhc_2h,tiny_shakespeare,204800,4,5,564
43,medium,deepseekv4_attnmhc_2h,tiny_shakespeare,204800,4,6,497
43,medium,deepseekv4_attnmhc_2h,tiny_shakespeare,204800,4,7,627
43,medium,deepseekv4_attnmhc_2h,tiny_shakespeare,204800,5,0,453
43,medium,deepseekv4_attnmhc_2h,tiny_shakespeare,204800,5,1,530
43,medium,deepseekv4_attnmhc_2h,tiny_shakespeare,204800,5,2,508
43,medium,deepseekv4_attnmhc_2h,tiny_shakespeare,204800,5,3,476
43,medium,deepseekv4_attnmhc_2h,tiny_shakespeare,204800,5,4,535
43,medium,deepseekv4_attnmhc_2h,tiny_shakespeare,204800,5,5,668
43,medium,deepseekv4_attnmhc_2h,tiny_shakespeare,204800,5,6,487
43,medium,deepseekv4_attnmhc_2h,tiny_shakespeare,204800,5,7,439
43,medium,deepseekv4_attnmhc_2h,tiny_shakespeare,409600,0,0,336
43,medium,deepseekv4_attnmhc_2h,tiny_shakespeare,409600,0,1,245
43,medium,deepseekv4_attnmhc_2h,tiny_shakespeare,409600,0,2,351
43,medium,deepseekv4_attnmhc_2h,tiny_shakespeare,409600,0,3,861
43,medium,deepseekv4_attnmhc_2h,tiny_shakespeare,409600,0,4,426
43,medium,deepseekv4_attnmhc_2h,tiny_shakespeare,409600,0,5,731
43,medium,deepseekv4_attnmhc_2h,tiny_shakespeare,409600,0,6,288
43,medium,deepseekv4_attnmhc_2h,tiny_shakespeare,409600,0,7,858
43,medium,deepseekv4_attnmhc_2h,tiny_shakespeare,409600,1,0,361
43,medium,deepseekv4_attnmhc_2h,tiny_shakespeare,409600,1,1,395
43,medium,deepseekv4_attnmhc_2h,tiny_shakespeare,409600,1,2,993
43,medium,deepseekv4_attnmhc_2h,tiny_shakespeare,409600,1,3,518
43,medium,deepseekv4_attnmhc_2h,tiny_shakespeare,409600,1,4,631
43,medium,deepseekv4_attnmhc_2h,tiny_shakespeare,409600,1,5,300
43,medium,deepseekv4_attnmhc_2h,tiny_shakespeare,409600,1,6,495
43,medium,deepseekv4_attnmhc_2h,tiny_shakespeare,409600,1,7,403
43,medium,deepseekv4_attnmhc_2h,tiny_shakespeare,409600,2,0,700
43,medium,deepseekv4_attnmhc_2h,tiny_shakespeare,409600,2,1,406
43,medium,deepseekv4_attnmhc_2h,tiny_shakespeare,409600,2,2,460
43,medium,deepseekv4_attnmhc_2h,tiny_shakespeare,409600,2,3,469
43,medium,deepseekv4_attnmhc_2h,tiny_shakespeare,409600,2,4,461
43,medium,deepseekv4_attnmhc_2h,tiny_shakespeare,409600,2,5,601
43,medium,deepseekv4_attnmhc_2h,tiny_shakespeare,409600,2,6,495
43,medium,deepseekv4_attnmhc_2h,tiny_shakespeare,409600,2,7,504
43,medium,deepseekv4_attnmhc_2h,tiny_shakespeare,409600,3,0,486
43,medium,deepseekv4_attnmhc_2h,tiny_shakespeare,409600,3,1,584
43,medium,deepseekv4_attnmhc_2h,tiny_shakespeare,409600,3,2,472
43,medium,deepseekv4_attnmhc_2h,tiny_shakespeare,409600,3,3,740
43,medium,deepseekv4_attnmhc_2h,tiny_shakespeare,409600,3,4,426
43,medium,deepseekv4_attnmhc_2h,tiny_shakespeare,409600,3,5,406
43,medium,deepseekv4_attnmhc_2h,tiny_shakespeare,409600,3,6,562
43,medium,deepseekv4_attnmhc_2h,tiny_shakespeare,409600,3,7,420
43,medium,deepseekv4_attnmhc_2h,tiny_shakespeare,409600,4,0,413
43,medium,deepseekv4_attnmhc_2h,tiny_shakespeare,409600,4,1,528
43,medium,deepseekv4_attnmhc_2h,tiny_shakespeare,409600,4,2,594
43,medium,deepseekv4_attnmhc_2h,tiny_shakespeare,409600,4,3,543
43,medium,deepseekv4_attnmhc_2h,tiny_shakespeare,409600,4,4,376
43,medium,deepseekv4_attnmhc_2h,tiny_shakespeare,409600,4,5,516
43,medium,deepseekv4_attnmhc_2h,tiny_shakespeare,409600,4,6,629
43,medium,deepseekv4_attnmhc_2h,tiny_shakespeare,409600,4,7,497
43,medium,deepseekv4_attnmhc_2h,tiny_shakespeare,409600,5,0,485
43,medium,deepseekv4_attnmhc_2h,tiny_shakespeare,409600,5,1,636
43,medium,deepseekv4_attnmhc_2h,tiny_shakespeare,409600,5,2,467
43,medium,deepseekv4_attnmhc_2h,tiny_shakespeare,409600,5,3,464
43,medium,deepseekv4_attnmhc_2h,tiny_shakespeare,409600,5,4,481
43,medium,deepseekv4_attnmhc_2h,tiny_shakespeare,409600,5,5,649
43,medium,deepseekv4_attnmhc_2h,tiny_shakespeare,409600,5,6,607
43,medium,deepseekv4_attnmhc_2h,tiny_shakespeare,409600,5,7,307
43,medium,deepseekv4_attnmhc_2h,tiny_shakespeare,614400,0,0,359
43,medium,deepseekv4_attnmhc_2h,tiny_shakespeare,614400,0,1,226
43,medium,deepseekv4_attnmhc_2h,tiny_shakespeare,614400,0,2,362
43,medium,deepseekv4_attnmhc_2h,tiny_shakespeare,614400,0,3,892
43,medium,deepseekv4_attnmhc_2h,tiny_shakespeare,614400,0,4,413
43,medium,deepseekv4_attnmhc_2h,tiny_shakespeare,614400,0,5,710
43,medium,deepseekv4_attnmhc_2h,tiny_shakespeare,614400,0,6,284
43,medium,deepseekv4_attnmhc_2h,tiny_shakespeare,614400,0,7,850
43,medium,deepseekv4_attnmhc_2h,tiny_shakespeare,614400,1,0,391
43,medium,deepseekv4_attnmhc_2h,tiny_shakespeare,614400,1,1,399
43,medium,deepseekv4_attnmhc_2h,tiny_shakespeare,614400,1,2,919
43,medium,deepseekv4_attnmhc_2h,tiny_shakespeare,614400,1,3,505
43,medium,deepseekv4_attnmhc_2h,tiny_shakespeare,614400,1,4,633
43,medium,deepseekv4_attnmhc_2h,tiny_shakespeare,614400,1,5,285
43,medium,deepseekv4_attnmhc_2h,tiny_shakespeare,614400,1,6,536
43,medium,deepseekv4_attnmhc_2h,tiny_shakespeare,614400,1,7,428
43,medium,deepseekv4_attnmhc_2h,tiny_shakespeare,614400,2,0,689
43,medium,deepseekv4_attnmhc_2h,tiny_shakespeare,614400,2,1,523
43,medium,deepseekv4_attnmhc_2h,tiny_shakespeare,614400,2,2,467
43,medium,deepseekv4_attnmhc_2h,tiny_shakespeare,614400,2,3,610
43,medium,deepseekv4_attnmhc_2h,tiny_shakespeare,614400,2,4,360
43,medium,deepseekv4_attnmhc_2h,tiny_shakespeare,614400,2,5,482
43,medium,deepseekv4_attnmhc_2h,tiny_shakespeare,614400,2,6,488
43,medium,deepseekv4_attnmhc_2h,tiny_shakespeare,614400,2,7,477
43,medium,deepseekv4_attnmhc_2h,tiny_shakespeare,614400,3,0,479
43,medium,deepseekv4_attnmhc_2h,tiny_shakespeare,614400,3,1,587
43,medium,deepseekv4_attnmhc_2h,tiny_shakespeare,614400,3,2,463
43,medium,deepseekv4_attnmhc_2h,tiny_shakespeare,614400,3,3,555
43,medium,deepseekv4_attnmhc_2h,tiny_shakespeare,614400,3,4,643
43,medium,deepseekv4_attnmhc_2h,tiny_shakespeare,614400,3,5,499
43,medium,deepseekv4_attnmhc_2h,tiny_shakespeare,614400,3,6,375
43,medium,deepseekv4_attnmhc_2h,tiny_shakespeare,614400,3,7,495
43,medium,deepseekv4_attnmhc_2h,tiny_shakespeare,614400,4,0,702
43,medium,deepseekv4_attnmhc_2h,tiny_shakespeare,614400,4,1,539
43,medium,deepseekv4_attnmhc_2h,tiny_shakespeare,614400,4,2,390
43,medium,deepseekv4_attnmhc_2h,tiny_shakespeare,614400,4,3,516
43,medium,deepseekv4_attnmhc_2h,tiny_shakespeare,614400,4,4,440
43,medium,deepseekv4_attnmhc_2h,tiny_shakespeare,614400,4,5,370
43,medium,deepseekv4_attnmhc_2h,tiny_shakespeare,614400,4,6,603
43,medium,deepseekv4_attnmhc_2h,tiny_shakespeare,614400,4,7,536
43,medium,deepseekv4_attnmhc_2h,tiny_shakespeare,614400,5,0,370
43,medium,deepseekv4_attnmhc_2h,tiny_shakespeare,614400,5,1,626
43,medium,deepseekv4_attnmhc_2h,tiny_shakespeare,614400,5,2,749
43,medium,deepseekv4_attnmhc_2h,tiny_shakespeare,614400,5,3,409
43,medium,deepseekv4_attnmhc_2h,tiny_shakespeare,614400,5,4,454
43,medium,deepseekv4_attnmhc_2h,tiny_shakespeare,614400,5,5,384
43,medium,deepseekv4_attnmhc_2h,tiny_shakespeare,614400,5,6,526
43,medium,deepseekv4_attnmhc_2h,tiny_shakespeare,614400,5,7,578
43,medium,deepseekv4_attnmhc_2h,tiny_shakespeare,819200,0,0,374
43,medium,deepseekv4_attnmhc_2h,tiny_shakespeare,819200,0,1,247
43,medium,deepseekv4_attnmhc_2h,tiny_shakespeare,819200,0,2,378
43,medium,deepseekv4_attnmhc_2h,tiny_shakespeare,819200,0,3,874
43,medium,deepseekv4_attnmhc_2h,tiny_shakespeare,819200,0,4,383
43,medium,deepseekv4_attnmhc_2h,tiny_shakespeare,819200,0,5,683
43,medium,deepseekv4_attnmhc_2h,tiny_shakespeare,819200,0,6,275
43,medium,deepseekv4_attnmhc_2h,tiny_shakespeare,819200,0,7,882
43,medium,deepseekv4_attnmhc_2h,tiny_shakespeare,819200,1,0,389
43,medium,deepseekv4_attnmhc_2h,tiny_shakespeare,819200,1,1,409
43,medium,deepseekv4_attnmhc_2h,tiny_shakespeare,819200,1,2,937
43,medium,deepseekv4_attnmhc_2h,tiny_shakespeare,819200,1,3,508
43,medium,deepseekv4_attnmhc_2h,tiny_shakespeare,819200,1,4,648
43,medium,deepseekv4_attnmhc_2h,tiny_shakespeare,819200,1,5,278
43,medium,deepseekv4_attnmhc_2h,tiny_shakespeare,819200,1,6,517
43,medium,deepseekv4_attnmhc_2h,tiny_shakespeare,819200,1,7,410
43,medium,deepseekv4_attnmhc_2h,tiny_shakespeare,819200,2,0,579
43,medium,deepseekv4_attnmhc_2h,tiny_shakespeare,819200,2,1,462
43,medium,deepseekv4_attnmhc_2h,tiny_shakespeare,819200,2,2,547
43,medium,deepseekv4_attnmhc_2h,tiny_shakespeare,819200,2,3,588
43,medium,deepseekv4_attnmhc_2h,tiny_shakespeare,819200,2,4,531
43,medium,deepseekv4_attnmhc_2h,tiny_shakespeare,819200,2,5,391
43,medium,deepseekv4_attnmhc_2h,tiny_shakespeare,819200,2,6,475
43,medium,deepseekv4_attnmhc_2h,tiny_shakespeare,819200,2,7,523
43,medium,deepseekv4_attnmhc_2h,tiny_shakespeare,819200,3,0,609
43,medium,deepseekv4_attnmhc_2h,tiny_shakespeare,819200,3,1,546
43,medium,deepseekv4_attnmhc_2h,tiny_shakespeare,819200,3,2,547
43,medium,deepseekv4_attnmhc_2h,tiny_shakespeare,819200,3,3,526
43,medium,deepseekv4_attnmhc_2h,tiny_shakespeare,819200,3,4,439
43,medium,deepseekv4_attnmhc_2h,tiny_shakespeare,819200,3,5,497
43,medium,deepseekv4_attnmhc_2h,tiny_shakespeare,819200,3,6,451
43,medium,deepseekv4_attnmhc_2h,tiny_shakespeare,819200,3,7,481
43,medium,deepseekv4_attnmhc_2h,tiny_shakespeare,819200,4,0,514
43,medium,deepseekv4_attnmhc_2h,tiny_shakespeare,819200,4,1,574
43,medium,deepseekv4_attnmhc_2h,tiny_shakespeare,819200,4,2,464
43,medium,deepseekv4_attnmhc_2h,tiny_shakespeare,819200,4,3,454
43,medium,deepseekv4_attnmhc_2h,tiny_shakespeare,819200,4,4,424
43,medium,deepseekv4_attnmhc_2h,tiny_shakespeare,819200,4,5,487
43,medium,deepseekv4_attnmhc_2h,tiny_shakespeare,819200,4,6,666
43,medium,deepseekv4_attnmhc_2h,tiny_shakespeare,819200,4,7,513
43,medium,deepseekv4_attnmhc_2h,tiny_shakespeare,819200,5,0,498
43,medium,deepseekv4_attnmhc_2h,tiny_shakespeare,819200,5,1,475
43,medium,deepseekv4_attnmhc_2h,tiny_shakespeare,819200,5,2,607
43,medium,deepseekv4_attnmhc_2h,tiny_shakespeare,819200,5,3,534
43,medium,deepseekv4_attnmhc_2h,tiny_shakespeare,819200,5,4,513
43,medium,deepseekv4_attnmhc_2h,tiny_shakespeare,819200,5,5,466
43,medium,deepseekv4_attnmhc_2h,tiny_shakespeare,819200,5,6,488
43,medium,deepseekv4_attnmhc_2h,tiny_shakespeare,819200,5,7,515
43,medium,deepseekv4_attnmhc_2h,tiny_shakespeare,1024000,0,0,349
43,medium,deepseekv4_attnmhc_2h,tiny_shakespeare,1024000,0,1,221
43,medium,deepseekv4_attnmhc_2h,tiny_shakespeare,1024000,0,2,381
43,medium,deepseekv4_attnmhc_2h,tiny_shakespeare,1024000,0,3,896
43,medium,deepseekv4_attnmhc_2h,tiny_shakespeare,1024000,0,4,402
43,medium,deepseekv4_attnmhc_2h,tiny_shakespeare,1024000,0,5,693
43,medium,deepseekv4_attnmhc_2h,tiny_shakespeare,1024000,0,6,296
43,medium,deepseekv4_attnmhc_2h,tiny_shakespeare,1024000,0,7,858
43,medium,deepseekv4_attnmhc_2h,tiny_shakespeare,1024000,1,0,367
43,medium,deepseekv4_attnmhc_2h,tiny_shakespeare,1024000,1,1,356
43,medium,deepseekv4_attnmhc_2h,tiny_shakespeare,1024000,1,2,963
43,medium,deepseekv4_attnmhc_2h,tiny_shakespeare,1024000,1,3,517
43,medium,deepseekv4_attnmhc_2h,tiny_shakespeare,1024000,1,4,634
43,medium,deepseekv4_attnmhc_2h,tiny_shakespeare,1024000,1,5,294
43,medium,deepseekv4_attnmhc_2h,tiny_shakespeare,1024000,1,6,544
43,medium,deepseekv4_attnmhc_2h,tiny_shakespeare,1024000,1,7,421
43,medium,deepseekv4_attnmhc_2h,tiny_shakespeare,1024000,2,0,531
43,medium,deepseekv4_attnmhc_2h,tiny_shakespeare,1024000,2,1,425
43,medium,deepseekv4_attnmhc_2h,tiny_shakespeare,1024000,2,2,611
43,medium,deepseekv4_attnmhc_2h,tiny_shakespeare,1024000,2,3,451
43,medium,deepseekv4_attnmhc_2h,tiny_shakespeare,1024000,2,4,614
43,medium,deepseekv4_attnmhc_2h,tiny_shakespeare,1024000,2,5,414
43,medium,deepseekv4_attnmhc_2h,tiny_shakespeare,1024000,2,6,542
43,medium,deepseekv4_attnmhc_2h,tiny_shakespeare,1024000,2,7,508
43,medium,deepseekv4_attnmhc_2h,tiny_shakespeare,1024000,3,0,438
43,medium,deepseekv4_attnmhc_2h,tiny_shakespeare,1024000,3,1,460
43,medium,deepseekv4_attnmhc_2h,tiny_shakespeare,1024000,3,2,557
43,medium,deepseekv4_attnmhc_2h,tiny_shakespeare,1024000,3,3,504
43,medium,deepseekv4_attnmhc_2h,tiny_shakespeare,1024000,3,4,397
43,medium,deepseekv4_attnmhc_2h,tiny_shakespeare,1024000,3,5,546
43,medium,deepseekv4_attnmhc_2h,tiny_shakespeare,1024000,3,6,611
43,medium,deepseekv4_attnmhc_2h,tiny_shakespeare,1024000,3,7,583
43,medium,deepseekv4_attnmhc_2h,tiny_shakespeare,1024000,4,0,418
43,medium,deepseekv4_attnmhc_2h,tiny_shakespeare,1024000,4,1,591
43,medium,deepseekv4_attnmhc_2h,tiny_shakespeare,1024000,4,2,460
43,medium,deepseekv4_attnmhc_2h,tiny_shakespeare,1024000,4,3,537
43,medium,deepseekv4_attnmhc_2h,tiny_shakespeare,1024000,4,4,513
43,medium,deepseekv4_attnmhc_2h,tiny_shakespeare,1024000,4,5,584
43,medium,deepseekv4_attnmhc_2h,tiny_shakespeare,1024000,4,6,415
43,medium,deepseekv4_attnmhc_2h,tiny_shakespeare,1024000,4,7,578
43,medium,deepseekv4_attnmhc_2h,tiny_shakespeare,1024000,5,0,556
43,medium,deepseekv4_attnmhc_2h,tiny_shakespeare,1024000,5,1,464
43,medium,deepseekv4_attnmhc_2h,tiny_shakespeare,1024000,5,2,426
43,medium,deepseekv4_attnmhc_2h,tiny_shakespeare,1024000,5,3,582
43,medium,deepseekv4_attnmhc_2h,tiny_shakespeare,1024000,5,4,548
43,medium,deepseekv4_attnmhc_2h,tiny_shakespeare,1024000,5,5,488
43,medium,deepseekv4_attnmhc_2h,tiny_shakespeare,1024000,5,6,525
43,medium,deepseekv4_attnmhc_2h,tiny_shakespeare,1024000,5,7,507
43,medium,deepseekv4_attnmhc_2h,tiny_shakespeare,1228800,0,0,387
43,medium,deepseekv4_attnmhc_2h,tiny_shakespeare,1228800,0,1,233
43,medium,deepseekv4_attnmhc_2h,tiny_shakespeare,1228800,0,2,388
43,medium,deepseekv4_attnmhc_2h,tiny_shakespeare,1228800,0,3,872
43,medium,deepseekv4_attnmhc_2h,tiny_shakespeare,1228800,0,4,408
43,medium,deepseekv4_attnmhc_2h,tiny_shakespeare,1228800,0,5,686
43,medium,deepseekv4_attnmhc_2h,tiny_shakespeare,1228800,0,6,298
43,medium,deepseekv4_attnmhc_2h,tiny_shakespeare,1228800,0,7,824
43,medium,deepseekv4_attnmhc_2h,tiny_shakespeare,1228800,1,0,385
43,medium,deepseekv4_attnmhc_2h,tiny_shakespeare,1228800,1,1,366
43,medium,deepseekv4_attnmhc_2h,tiny_shakespeare,1228800,1,2,958
43,medium,deepseekv4_attnmhc_2h,tiny_shakespeare,1228800,1,3,511
43,medium,deepseekv4_attnmhc_2h,tiny_shakespeare,1228800,1,4,636
43,medium,deepseekv4_attnmhc_2h,tiny_shakespeare,1228800,1,5,288
43,medium,deepseekv4_attnmhc_2h,tiny_shakespeare,1228800,1,6,530
43,medium,deepseekv4_attnmhc_2h,tiny_shakespeare,1228800,1,7,422
43,medium,deepseekv4_attnmhc_2h,tiny_shakespeare,1228800,2,0,512
43,medium,deepseekv4_attnmhc_2h,tiny_shakespeare,1228800,2,1,588
43,medium,deepseekv4_attnmhc_2h,tiny_shakespeare,1228800,2,2,523
43,medium,deepseekv4_attnmhc_2h,tiny_shakespeare,1228800,2,3,426
43,medium,deepseekv4_attnmhc_2h,tiny_shakespeare,1228800,2,4,450
43,medium,deepseekv4_attnmhc_2h,tiny_shakespeare,1228800,2,5,456
43,medium,deepseekv4_attnmhc_2h,tiny_shakespeare,1228800,2,6,512
43,medium,deepseekv4_attnmhc_2h,tiny_shakespeare,1228800,2,7,629
43,medium,deepseekv4_attnmhc_2h,tiny_shakespeare,1228800,3,0,547
43,medium,deepseekv4_attnmhc_2h,tiny_shakespeare,1228800,3,1,499
43,medium,deepseekv4_attnmhc_2h,tiny_shakespeare,1228800,3,2,556
43,medium,deepseekv4_attnmhc_2h,tiny_shakespeare,1228800,3,3,423
43,medium,deepseekv4_attnmhc_2h,tiny_shakespeare,1228800,3,4,554
43,medium,deepseekv4_attnmhc_2h,tiny_shakespeare,1228800,3,5,537
43,medium,deepseekv4_attnmhc_2h,tiny_shakespeare,1228800,3,6,481
43,medium,deepseekv4_attnmhc_2h,tiny_shakespeare,1228800,3,7,499
43,medium,deepseekv4_attnmhc_2h,tiny_shakespeare,1228800,4,0,473
43,medium,deepseekv4_attnmhc_2h,tiny_shakespeare,1228800,4,1,517
43,medium,deepseekv4_attnmhc_2h,tiny_shakespeare,1228800,4,2,457
43,medium,deepseekv4_attnmhc_2h,tiny_shakespeare,1228800,4,3,539
43,medium,deepseekv4_attnmhc_2h,tiny_shakespeare,1228800,4,4,521
43,medium,deepseekv4_attnmhc_2h,tiny_shakespeare,1228800,4,5,490
43,medium,deepseekv4_attnmhc_2h,tiny_shakespeare,1228800,4,6,531
43,medium,deepseekv4_attnmhc_2h,tiny_shakespeare,1228800,4,7,568
43,medium,deepseekv4_attnmhc_2h,tiny_shakespeare,1228800,5,0,501
43,medium,deepseekv4_attnmhc_2h,tiny_shakespeare,1228800,5,1,505
43,medium,deepseekv4_attnmhc_2h,tiny_shakespeare,1228800,5,2,493
43,medium,deepseekv4_attnmhc_2h,tiny_shakespeare,1228800,5,3,430
43,medium,deepseekv4_attnmhc_2h,tiny_shakespeare,1228800,5,4,481
43,medium,deepseekv4_attnmhc_2h,tiny_shakespeare,1228800,5,5,603
43,medium,deepseekv4_attnmhc_2h,tiny_shakespeare,1228800,5,6,534
43,medium,deepseekv4_attnmhc_2h,tiny_shakespeare,1228800,5,7,549
43,medium,deepseekv4_attnmhc_2h,tiny_shakespeare,1433600,0,0,363
43,medium,deepseekv4_attnmhc_2h,tiny_shakespeare,1433600,0,1,280
43,medium,deepseekv4_attnmhc_2h,tiny_shakespeare,1433600,0,2,390
43,medium,deepseekv4_attnmhc_2h,tiny_shakespeare,1433600,0,3,872
43,medium,deepseekv4_attnmhc_2h,tiny_shakespeare,1433600,0,4,394
43,medium,deepseekv4_attnmhc_2h,tiny_shakespeare,1433600,0,5,694
43,medium,deepseekv4_attnmhc_2h,tiny_shakespeare,1433600,0,6,295
43,medium,deepseekv4_attnmhc_2h,tiny_shakespeare,1433600,0,7,808
43,medium,deepseekv4_attnmhc_2h,tiny_shakespeare,1433600,1,0,351
43,medium,deepseekv4_attnmhc_2h,tiny_shakespeare,1433600,1,1,423
43,medium,deepseekv4_attnmhc_2h,tiny_shakespeare,1433600,1,2,989
43,medium,deepseekv4_attnmhc_2h,tiny_shakespeare,1433600,1,3,501
43,medium,deepseekv4_attnmhc_2h,tiny_shakespeare,1433600,1,4,646
43,medium,deepseekv4_attnmhc_2h,tiny_shakespeare,1433600,1,5,284
43,medium,deepseekv4_attnmhc_2h,tiny_shakespeare,1433600,1,6,493
43,medium,deepseekv4_attnmhc_2h,tiny_shakespeare,1433600,1,7,409
43,medium,deepseekv4_attnmhc_2h,tiny_shakespeare,1433600,2,0,578
43,medium,deepseekv4_attnmhc_2h,tiny_shakespeare,1433600,2,1,500
43,medium,deepseekv4_attnmhc_2h,tiny_shakespeare,1433600,2,2,562
43,medium,deepseekv4_attnmhc_2h,tiny_shakespeare,1433600,2,3,502
43,medium,deepseekv4_attnmhc_2h,tiny_shakespeare,1433600,2,4,498
43,medium,deepseekv4_attnmhc_2h,tiny_shakespeare,1433600,2,5,493
43,medium,deepseekv4_attnmhc_2h,tiny_shakespeare,1433600,2,6,484
43,medium,deepseekv4_attnmhc_2h,tiny_shakespeare,1433600,2,7,479
43,medium,deepseekv4_attnmhc_2h,tiny_shakespeare,1433600,3,0,547
43,medium,deepseekv4_attnmhc_2h,tiny_shakespeare,1433600,3,1,460
43,medium,deepseekv4_attnmhc_2h,tiny_shakespeare,1433600,3,2,602
43,medium,deepseekv4_attnmhc_2h,tiny_shakespeare,1433600,3,3,499
43,medium,deepseekv4_attnmhc_2h,tiny_shakespeare,1433600,3,4,686
43,medium,deepseekv4_attnmhc_2h,tiny_shakespeare,1433600,3,5,429
43,medium,deepseekv4_attnmhc_2h,tiny_shakespeare,1433600,3,6,375
43,medium,deepseekv4_attnmhc_2h,tiny_shakespeare,1433600,3,7,498
43,medium,deepseekv4_attnmhc_2h,tiny_shakespeare,1433600,4,0,453
43,medium,deepseekv4_attnmhc_2h,tiny_shakespeare,1433600,4,1,534
43,medium,deepseekv4_attnmhc_2h,tiny_shakespeare,1433600,4,2,560
43,medium,deepseekv4_attnmhc_2h,tiny_shakespeare,1433600,4,3,548
43,medium,deepseekv4_attnmhc_2h,tiny_shakespeare,1433600,4,4,540
43,medium,deepseekv4_attnmhc_2h,tiny_shakespeare,1433600,4,5,505
43,medium,deepseekv4_attnmhc_2h,tiny_shakespeare,1433600,4,6,442
43,medium,deepseekv4_attnmhc_2h,tiny_shakespeare,1433600,4,7,514
43,medium,deepseekv4_attnmhc_2h,tiny_shakespeare,1433600,5,0,538
43,medium,deepseekv4_attnmhc_2h,tiny_shakespeare,1433600,5,1,503
43,medium,deepseekv4_attnmhc_2h,tiny_shakespeare,1433600,5,2,381
43,medium,deepseekv4_attnmhc_2h,tiny_shakespeare,1433600,5,3,523
43,medium,deepseekv4_attnmhc_2h,tiny_shakespeare,1433600,5,4,535
43,medium,deepseekv4_attnmhc_2h,tiny_shakespeare,1433600,5,5,541
43,medium,deepseekv4_attnmhc_2h,tiny_shakespeare,1433600,5,6,577
43,medium,deepseekv4_attnmhc_2h,tiny_shakespeare,1433600,5,7,498
43,medium,deepseekv4_attnmhc_2h,tiny_shakespeare,1638400,0,0,361
43,medium,deepseekv4_attnmhc_2h,tiny_shakespeare,1638400,0,1,253
43,medium,deepseekv4_attnmhc_2h,tiny_shakespeare,1638400,0,2,374
43,medium,deepseekv4_attnmhc_2h,tiny_shakespeare,1638400,0,3,876
43,medium,deepseekv4_attnmhc_2h,tiny_shakespeare,1638400,0,4,410
43,medium,deepseekv4_attnmhc_2h,tiny_shakespeare,1638400,0,5,679
43,medium,deepseekv4_attnmhc_2h,tiny_shakespeare,1638400,0,6,286
43,medium,deepseekv4_attnmhc_2h,tiny_shakespeare,1638400,0,7,857
43,medium,deepseekv4_attnmhc_2h,tiny_shakespeare,1638400,1,0,345
43,medium,deepseekv4_attnmhc_2h,tiny_shakespeare,1638400,1,1,437
43,medium,deepseekv4_attnmhc_2h,tiny_shakespeare,1638400,1,2,914
43,medium,deepseekv4_attnmhc_2h,tiny_shakespeare,1638400,1,3,506
43,medium,deepseekv4_attnmhc_2h,tiny_shakespeare,1638400,1,4,657
43,medium,deepseekv4_attnmhc_2h,tiny_shakespeare,1638400,1,5,291
43,medium,deepseekv4_attnmhc_2h,tiny_shakespeare,1638400,1,6,525
43,medium,deepseekv4_attnmhc_2h,tiny_shakespeare,1638400,1,7,421
43,medium,deepseekv4_attnmhc_2h,tiny_shakespeare,1638400,2,0,468
43,medium,deepseekv4_attnmhc_2h,tiny_shakespeare,1638400,2,1,538
43,medium,deepseekv4_attnmhc_2h,tiny_shakespeare,1638400,2,2,485
43,medium,deepseekv4_attnmhc_2h,tiny_shakespeare,1638400,2,3,542
43,medium,deepseekv4_attnmhc_2h,tiny_shakespeare,1638400,2,4,502
43,medium,deepseekv4_attnmhc_2h,tiny_shakespeare,1638400,2,5,563
43,medium,deepseekv4_attnmhc_2h,tiny_shakespeare,1638400,2,6,542
43,medium,deepseekv4_attnmhc_2h,tiny_shakespeare,1638400,2,7,456
43,medium,deepseekv4_attnmhc_2h,tiny_shakespeare,1638400,3,0,569
43,medium,deepseekv4_attnmhc_2h,tiny_shakespeare,1638400,3,1,521
43,medium,deepseekv4_attnmhc_2h,tiny_shakespeare,1638400,3,2,473
43,medium,deepseekv4_attnmhc_2h,tiny_shakespeare,1638400,3,3,522
43,medium,deepseekv4_attnmhc_2h,tiny_shakespeare,1638400,3,4,531
43,medium,deepseekv4_attnmhc_2h,tiny_shakespeare,1638400,3,5,454
43,medium,deepseekv4_attnmhc_2h,tiny_shakespeare,1638400,3,6,522
43,medium,deepseekv4_attnmhc_2h,tiny_shakespeare,1638400,3,7,504
43,medium,deepseekv4_attnmhc_2h,tiny_shakespeare,1638400,4,0,426
43,medium,deepseekv4_attnmhc_2h,tiny_shakespeare,1638400,4,1,482
43,medium,deepseekv4_attnmhc_2h,tiny_shakespeare,1638400,4,2,514
43,medium,deepseekv4_attnmhc_2h,tiny_shakespeare,1638400,4,3,493
43,medium,deepseekv4_attnmhc_2h,tiny_shakespeare,1638400,4,4,526
43,medium,deepseekv4_attnmhc_2h,tiny_shakespeare,1638400,4,5,597
43,medium,deepseekv4_attnmhc_2h,tiny_shakespeare,1638400,4,6,530
43,medium,deepseekv4_attnmhc_2h,tiny_shakespeare,1638400,4,7,528
43,medium,deepseekv4_attnmhc_2h,tiny_shakespeare,1638400,5,0,579
43,medium,deepseekv4_attnmhc_2h,tiny_shakespeare,1638400,5,1,512
43,medium,deepseekv4_attnmhc_2h,tiny_shakespeare,1638400,5,2,501
43,medium,deepseekv4_attnmhc_2h,tiny_shakespeare,1638400,5,3,519
43,medium,deepseekv4_attnmhc_2h,tiny_shakespeare,1638400,5,4,461
43,medium,deepseekv4_attnmhc_2h,tiny_shakespeare,1638400,5,5,459
43,medium,deepseekv4_attnmhc_2h,tiny_shakespeare,1638400,5,6,519
43,medium,deepseekv4_attnmhc_2h,tiny_shakespeare,1638400,5,7,546
43,medium,deepseekv4_attnmhc_2h,tiny_shakespeare,1843200,0,0,390
43,medium,deepseekv4_attnmhc_2h,tiny_shakespeare,1843200,0,1,246
43,medium,deepseekv4_attnmhc_2h,tiny_shakespeare,1843200,0,2,378
43,medium,deepseekv4_attnmhc_2h,tiny_shakespeare,1843200,0,3,873
43,medium,deepseekv4_attnmhc_2h,tiny_shakespeare,1843200,0,4,406
43,medium,deepseekv4_attnmhc_2h,tiny_shakespeare,1843200,0,5,689
43,medium,deepseekv4_attnmhc_2h,tiny_shakespeare,1843200,0,6,262
43,medium,deepseekv4_attnmhc_2h,tiny_shakespeare,1843200,0,7,852
43,medium,deepseekv4_attnmhc_2h,tiny_shakespeare,1843200,1,0,372
43,medium,deepseekv4_attnmhc_2h,tiny_shakespeare,1843200,1,1,418
43,medium,deepseekv4_attnmhc_2h,tiny_shakespeare,1843200,1,2,946
43,medium,deepseekv4_attnmhc_2h,tiny_shakespeare,1843200,1,3,527
43,medium,deepseekv4_attnmhc_2h,tiny_shakespeare,1843200,1,4,648
43,medium,deepseekv4_attnmhc_2h,tiny_shakespeare,1843200,1,5,263
43,medium,deepseekv4_attnmhc_2h,tiny_shakespeare,1843200,1,6,517
43,medium,deepseekv4_attnmhc_2h,tiny_shakespeare,1843200,1,7,405
43,medium,deepseekv4_attnmhc_2h,tiny_shakespeare,1843200,2,0,477
43,medium,deepseekv4_attnmhc_2h,tiny_shakespeare,1843200,2,1,495
43,medium,deepseekv4_attnmhc_2h,tiny_shakespeare,1843200,2,2,554
43,medium,deepseekv4_attnmhc_2h,tiny_shakespeare,1843200,2,3,523
43,medium,deepseekv4_attnmhc_2h,tiny_shakespeare,1843200,2,4,398
43,medium,deepseekv4_attnmhc_2h,tiny_shakespeare,1843200,2,5,539
43,medium,deepseekv4_attnmhc_2h,tiny_shakespeare,1843200,2,6,536
43,medium,deepseekv4_attnmhc_2h,tiny_shakespeare,1843200,2,7,574
43,medium,deepseekv4_attnmhc_2h,tiny_shakespeare,1843200,3,0,484
43,medium,deepseekv4_attnmhc_2h,tiny_shakespeare,1843200,3,1,501
43,medium,deepseekv4_attnmhc_2h,tiny_shakespeare,1843200,3,2,449
43,medium,deepseekv4_attnmhc_2h,tiny_shakespeare,1843200,3,3,545
43,medium,deepseekv4_attnmhc_2h,tiny_shakespeare,1843200,3,4,535
43,medium,deepseekv4_attnmhc_2h,tiny_shakespeare,1843200,3,5,503
43,medium,deepseekv4_attnmhc_2h,tiny_shakespeare,1843200,3,6,525
43,medium,deepseekv4_attnmhc_2h,tiny_shakespeare,1843200,3,7,554
43,medium,deepseekv4_attnmhc_2h,tiny_shakespeare,1843200,4,0,455
43,medium,deepseekv4_attnmhc_2h,tiny_shakespeare,1843200,4,1,509
43,medium,deepseekv4_attnmhc_2h,tiny_shakespeare,1843200,4,2,498
43,medium,deepseekv4_attnmhc_2h,tiny_shakespeare,1843200,4,3,533
43,medium,deepseekv4_attnmhc_2h,tiny_shakespeare,1843200,4,4,606
43,medium,deepseekv4_attnmhc_2h,tiny_shakespeare,1843200,4,5,523
43,medium,deepseekv4_attnmhc_2h,tiny_shakespeare,1843200,4,6,494
43,medium,deepseekv4_attnmhc_2h,tiny_shakespeare,1843200,4,7,478
43,medium,deepseekv4_attnmhc_2h,tiny_shakespeare,1843200,5,0,555
43,medium,deepseekv4_attnmhc_2h,tiny_shakespeare,1843200,5,1,533
43,medium,deepseekv4_attnmhc_2h,tiny_shakespeare,1843200,5,2,478
43,medium,deepseekv4_attnmhc_2h,tiny_shakespeare,1843200,5,3,497
43,medium,deepseekv4_attnmhc_2h,tiny_shakespeare,1843200,5,4,533
43,medium,deepseekv4_attnmhc_2h,tiny_shakespeare,1843200,5,5,491
43,medium,deepseekv4_attnmhc_2h,tiny_shakespeare,1843200,5,6,513
43,medium,deepseekv4_attnmhc_2h,tiny_shakespeare,1843200,5,7,496
43,medium,deepseekv4_attnmhc_2h,tiny_shakespeare,2048000,0,0,345
43,medium,deepseekv4_attnmhc_2h,tiny_shakespeare,2048000,0,1,245
43,medium,deepseekv4_attnmhc_2h,tiny_shakespeare,2048000,0,2,365
43,medium,deepseekv4_attnmhc_2h,tiny_shakespeare,2048000,0,3,866
43,medium,deepseekv4_attnmhc_2h,tiny_shakespeare,2048000,0,4,435
43,medium,deepseekv4_attnmhc_2h,tiny_shakespeare,2048000,0,5,706
43,medium,deepseekv4_attnmhc_2h,tiny_shakespeare,2048000,0,6,292
43,medium,deepseekv4_attnmhc_2h,tiny_shakespeare,2048000,0,7,842
43,medium,deepseekv4_attnmhc_2h,tiny_shakespeare,2048000,1,0,363
43,medium,deepseekv4_attnmhc_2h,tiny_shakespeare,2048000,1,1,384
43,medium,deepseekv4_attnmhc_2h,tiny_shakespeare,2048000,1,2,957
43,medium,deepseekv4_attnmhc_2h,tiny_shakespeare,2048000,1,3,515
43,medium,deepseekv4_attnmhc_2h,tiny_shakespeare,2048000,1,4,650
43,medium,deepseekv4_attnmhc_2h,tiny_shakespeare,2048000,1,5,301
43,medium,deepseekv4_attnmhc_2h,tiny_shakespeare,2048000,1,6,514
43,medium,deepseekv4_attnmhc_2h,tiny_shakespeare,2048000,1,7,412
43,medium,deepseekv4_attnmhc_2h,tiny_shakespeare,2048000,2,0,555
43,medium,deepseekv4_attnmhc_2h,tiny_shakespeare,2048000,2,1,535
43,medium,deepseekv4_attnmhc_2h,tiny_shakespeare,2048000,2,2,493
43,medium,deepseekv4_attnmhc_2h,tiny_shakespeare,2048000,2,3,401
43,medium,deepseekv4_attnmhc_2h,tiny_shakespeare,2048000,2,4,621
43,medium,deepseekv4_attnmhc_2h,tiny_shakespeare,2048000,2,5,502
43,medium,deepseekv4_attnmhc_2h,tiny_shakespeare,2048000,2,6,450
43,medium,deepseekv4_attnmhc_2h,tiny_shakespeare,2048000,2,7,539
43,medium,deepseekv4_attnmhc_2h,tiny_shakespeare,2048000,3,0,507
43,medium,deepseekv4_attnmhc_2h,tiny_shakespeare,2048000,3,1,531
43,medium,deepseekv4_attnmhc_2h,tiny_shakespeare,2048000,3,2,569
43,medium,deepseekv4_attnmhc_2h,tiny_shakespeare,2048000,3,3,485
43,medium,deepseekv4_attnmhc_2h,tiny_shakespeare,2048000,3,4,468
43,medium,deepseekv4_attnmhc_2h,tiny_shakespeare,2048000,3,5,517
43,medium,deepseekv4_attnmhc_2h,tiny_shakespeare,2048000,3,6,497
43,medium,deepseekv4_attnmhc_2h,tiny_shakespeare,2048000,3,7,522
43,medium,deepseekv4_attnmhc_2h,tiny_shakespeare,2048000,4,0,590
43,medium,deepseekv4_attnmhc_2h,tiny_shakespeare,2048000,4,1,471
43,medium,deepseekv4_attnmhc_2h,tiny_shakespeare,2048000,4,2,448
43,medium,deepseekv4_attnmhc_2h,tiny_shakespeare,2048000,4,3,535
43,medium,deepseekv4_attnmhc_2h,tiny_shakespeare,2048000,4,4,541
43,medium,deepseekv4_attnmhc_2h,tiny_shakespeare,2048000,4,5,485
43,medium,deepseekv4_attnmhc_2h,tiny_shakespeare,2048000,4,6,513
43,medium,deepseekv4_attnmhc_2h,tiny_shakespeare,2048000,4,7,513
43,medium,deepseekv4_attnmhc_2h,tiny_shakespeare,2048000,5,0,548
43,medium,deepseekv4_attnmhc_2h,tiny_shakespeare,2048000,5,1,440
43,medium,deepseekv4_attnmhc_2h,tiny_shakespeare,2048000,5,2,506
43,medium,deepseekv4_attnmhc_2h,tiny_shakespeare,2048000,5,3,511
43,medium,deepseekv4_attnmhc_2h,tiny_shakespeare,2048000,5,4,451
43,medium,deepseekv4_attnmhc_2h,tiny_shakespeare,2048000,5,5,555
43,medium,deepseekv4_attnmhc_2h,tiny_shakespeare,2048000,5,6,505
43,medium,deepseekv4_attnmhc_2h,tiny_shakespeare,2048000,5,7,580
43,medium,deepseekv4_attnmhc_dnd,tiny_shakespeare,2048,0,0,362
43,medium,deepseekv4_attnmhc_dnd,tiny_shakespeare,2048,0,1,263
43,medium,deepseekv4_attnmhc_dnd,tiny_shakespeare,2048,0,2,357
43,medium,deepseekv4_attnmhc_dnd,tiny_shakespeare,2048,0,3,875
43,medium,deepseekv4_attnmhc_dnd,tiny_shakespeare,2048,0,4,403
43,medium,deepseekv4_attnmhc_dnd,tiny_shakespeare,2048,0,5,704
43,medium,deepseekv4_attnmhc_dnd,tiny_shakespeare,2048,0,6,286
43,medium,deepseekv4_attnmhc_dnd,tiny_shakespeare,2048,0,7,846
43,medium,deepseekv4_attnmhc_dnd,tiny_shakespeare,2048,1,0,363
43,medium,deepseekv4_attnmhc_dnd,tiny_shakespeare,2048,1,1,424
43,medium,deepseekv4_attnmhc_dnd,tiny_shakespeare,2048,1,2,942
43,medium,deepseekv4_attnmhc_dnd,tiny_shakespeare,2048,1,3,507
43,medium,deepseekv4_attnmhc_dnd,tiny_shakespeare,2048,1,4,667
43,medium,deepseekv4_attnmhc_dnd,tiny_shakespeare,2048,1,5,298
43,medium,deepseekv4_attnmhc_dnd,tiny_shakespeare,2048,1,6,482
43,medium,deepseekv4_attnmhc_dnd,tiny_shakespeare,2048,1,7,413
43,medium,deepseekv4_attnmhc_dnd,tiny_shakespeare,2048,2,0,262
43,medium,deepseekv4_attnmhc_dnd,tiny_shakespeare,2048,2,1,852
43,medium,deepseekv4_attnmhc_dnd,tiny_shakespeare,2048,2,2,310
43,medium,deepseekv4_attnmhc_dnd,tiny_shakespeare,2048,2,3,590
43,medium,deepseekv4_attnmhc_dnd,tiny_shakespeare,2048,2,4,297
43,medium,deepseekv4_attnmhc_dnd,tiny_shakespeare,2048,2,5,881
43,medium,deepseekv4_attnmhc_dnd,tiny_shakespeare,2048,2,6,275
43,medium,deepseekv4_attnmhc_dnd,tiny_shakespeare,2048,2,7,629
43,medium,deepseekv4_attnmhc_dnd,tiny_shakespeare,2048,3,0,635
43,medium,deepseekv4_attnmhc_dnd,tiny_shakespeare,2048,3,1,403
43,medium,deepseekv4_attnmhc_dnd,tiny_shakespeare,2048,3,2,274
43,medium,deepseekv4_attnmhc_dnd,tiny_shakespeare,2048,3,3,250
43,medium,deepseekv4_attnmhc_dnd,tiny_shakespeare,2048,3,4,406
43,medium,deepseekv4_attnmhc_dnd,tiny_shakespeare,2048,3,5,768
43,medium,deepseekv4_attnmhc_dnd,tiny_shakespeare,2048,3,6,671
43,medium,deepseekv4_attnmhc_dnd,tiny_shakespeare,2048,3,7,689
43,medium,deepseekv4_attnmhc_dnd,tiny_shakespeare,2048,4,0,244
43,medium,deepseekv4_attnmhc_dnd,tiny_shakespeare,2048,4,1,514
43,medium,deepseekv4_attnmhc_dnd,tiny_shakespeare,2048,4,2,382
43,medium,deepseekv4_attnmhc_dnd,tiny_shakespeare,2048,4,3,394
43,medium,deepseekv4_attnmhc_dnd,tiny_shakespeare,2048,4,4,801
43,medium,deepseekv4_attnmhc_dnd,tiny_shakespeare,2048,4,5,331
43,medium,deepseekv4_attnmhc_dnd,tiny_shakespeare,2048,4,6,602
43,medium,deepseekv4_attnmhc_dnd,tiny_shakespeare,2048,4,7,828
43,medium,deepseekv4_attnmhc_dnd,tiny_shakespeare,2048,5,0,691
43,medium,deepseekv4_attnmhc_dnd,tiny_shakespeare,2048,5,1,547
43,medium,deepseekv4_attnmhc_dnd,tiny_shakespeare,2048,5,2,426
43,medium,deepseekv4_attnmhc_dnd,tiny_shakespeare,2048,5,3,360
43,medium,deepseekv4_attnmhc_dnd,tiny_shakespeare,2048,5,4,409
43,medium,deepseekv4_attnmhc_dnd,tiny_shakespeare,2048,5,5,715
43,medium,deepseekv4_attnmhc_dnd,tiny_shakespeare,2048,5,6,519
43,medium,deepseekv4_attnmhc_dnd,tiny_shakespeare,2048,5,7,429
43,medium,deepseekv4_attnmhc_dnd,tiny_shakespeare,204800,0,0,336
43,medium,deepseekv4_attnmhc_dnd,tiny_shakespeare,204800,0,1,263
43,medium,deepseekv4_attnmhc_dnd,tiny_shakespeare,204800,0,2,381
43,medium,deepseekv4_attnmhc_dnd,tiny_shakespeare,204800,0,3,868
43,medium,deepseekv4_attnmhc_dnd,tiny_shakespeare,204800,0,4,399
43,medium,deepseekv4_attnmhc_dnd,tiny_shakespeare,204800,0,5,684
43,medium,deepseekv4_attnmhc_dnd,tiny_shakespeare,204800,0,6,317
43,medium,deepseekv4_attnmhc_dnd,tiny_shakespeare,204800,0,7,848
43,medium,deepseekv4_attnmhc_dnd,tiny_shakespeare,204800,1,0,369
43,medium,deepseekv4_attnmhc_dnd,tiny_shakespeare,204800,1,1,415
43,medium,deepseekv4_attnmhc_dnd,tiny_shakespeare,204800,1,2,946
43,medium,deepseekv4_attnmhc_dnd,tiny_shakespeare,204800,1,3,490
43,medium,deepseekv4_attnmhc_dnd,tiny_shakespeare,204800,1,4,641
43,medium,deepseekv4_attnmhc_dnd,tiny_shakespeare,204800,1,5,304
43,medium,deepseekv4_attnmhc_dnd,tiny_shakespeare,204800,1,6,530
43,medium,deepseekv4_attnmhc_dnd,tiny_shakespeare,204800,1,7,401
43,medium,deepseekv4_attnmhc_dnd,tiny_shakespeare,204800,2,0,499
43,medium,deepseekv4_attnmhc_dnd,tiny_shakespeare,204800,2,1,553
43,medium,deepseekv4_attnmhc_dnd,tiny_shakespeare,204800,2,2,501
43,medium,deepseekv4_attnmhc_dnd,tiny_shakespeare,204800,2,3,477
43,medium,deepseekv4_attnmhc_dnd,tiny_shakespeare,204800,2,4,530
43,medium,deepseekv4_attnmhc_dnd,tiny_shakespeare,204800,2,5,476
43,medium,deepseekv4_attnmhc_dnd,tiny_shakespeare,204800,2,6,540
43,medium,deepseekv4_attnmhc_dnd,tiny_shakespeare,204800,2,7,520
43,medium,deepseekv4_attnmhc_dnd,tiny_shakespeare,204800,3,0,695
43,medium,deepseekv4_attnmhc_dnd,tiny_shakespeare,204800,3,1,525
43,medium,deepseekv4_attnmhc_dnd,tiny_shakespeare,204800,3,2,492
43,medium,deepseekv4_attnmhc_dnd,tiny_shakespeare,204800,3,3,516
43,medium,deepseekv4_attnmhc_dnd,tiny_shakespeare,204800,3,4,432
43,medium,deepseekv4_attnmhc_dnd,tiny_shakespeare,204800,3,5,308
43,medium,deepseekv4_attnmhc_dnd,tiny_shakespeare,204800,3,6,610
43,medium,deepseekv4_attnmhc_dnd,tiny_shakespeare,204800,3,7,518
43,medium,deepseekv4_attnmhc_dnd,tiny_shakespeare,204800,4,0,382
43,medium,deepseekv4_attnmhc_dnd,tiny_shakespeare,204800,4,1,523
43,medium,deepseekv4_attnmhc_dnd,tiny_shakespeare,204800,4,2,617
43,medium,deepseekv4_attnmhc_dnd,tiny_shakespeare,204800,4,3,340
43,medium,deepseekv4_attnmhc_dnd,tiny_shakespeare,204800,4,4,645
43,medium,deepseekv4_attnmhc_dnd,tiny_shakespeare,204800,4,5,664
43,medium,deepseekv4_attnmhc_dnd,tiny_shakespeare,204800,4,6,495
43,medium,deepseekv4_attnmhc_dnd,tiny_shakespeare,204800,4,7,430
43,medium,deepseekv4_attnmhc_dnd,tiny_shakespeare,204800,5,0,399
43,medium,deepseekv4_attnmhc_dnd,tiny_shakespeare,204800,5,1,481
43,medium,deepseekv4_attnmhc_dnd,tiny_shakespeare,204800,5,2,254
43,medium,deepseekv4_attnmhc_dnd,tiny_shakespeare,204800,5,3,593
43,medium,deepseekv4_attnmhc_dnd,tiny_shakespeare,204800,5,4,678
43,medium,deepseekv4_attnmhc_dnd,tiny_shakespeare,204800,5,5,647
43,medium,deepseekv4_attnmhc_dnd,tiny_shakespeare,204800,5,6,459
43,medium,deepseekv4_attnmhc_dnd,tiny_shakespeare,204800,5,7,585
43,medium,deepseekv4_attnmhc_dnd,tiny_shakespeare,409600,0,0,336
43,medium,deepseekv4_attnmhc_dnd,tiny_shakespeare,409600,0,1,245
43,medium,deepseekv4_attnmhc_dnd,tiny_shakespeare,409600,0,2,351
43,medium,deepseekv4_attnmhc_dnd,tiny_shakespeare,409600,0,3,861
43,medium,deepseekv4_attnmhc_dnd,tiny_shakespeare,409600,0,4,426
43,medium,deepseekv4_attnmhc_dnd,tiny_shakespeare,409600,0,5,731
43,medium,deepseekv4_attnmhc_dnd,tiny_shakespeare,409600,0,6,288
43,medium,deepseekv4_attnmhc_dnd,tiny_shakespeare,409600,0,7,858
43,medium,deepseekv4_attnmhc_dnd,tiny_shakespeare,409600,1,0,361
43,medium,deepseekv4_attnmhc_dnd,tiny_shakespeare,409600,1,1,395
43,medium,deepseekv4_attnmhc_dnd,tiny_shakespeare,409600,1,2,993
43,medium,deepseekv4_attnmhc_dnd,tiny_shakespeare,409600,1,3,518
43,medium,deepseekv4_attnmhc_dnd,tiny_shakespeare,409600,1,4,631
43,medium,deepseekv4_attnmhc_dnd,tiny_shakespeare,409600,1,5,300
43,medium,deepseekv4_attnmhc_dnd,tiny_shakespeare,409600,1,6,495
43,medium,deepseekv4_attnmhc_dnd,tiny_shakespeare,409600,1,7,403
43,medium,deepseekv4_attnmhc_dnd,tiny_shakespeare,409600,2,0,499
43,medium,deepseekv4_attnmhc_dnd,tiny_shakespeare,409600,2,1,482
43,medium,deepseekv4_attnmhc_dnd,tiny_shakespeare,409600,2,2,447
43,medium,deepseekv4_attnmhc_dnd,tiny_shakespeare,409600,2,3,512
43,medium,deepseekv4_attnmhc_dnd,tiny_shakespeare,409600,2,4,498
43,medium,deepseekv4_attnmhc_dnd,tiny_shakespeare,409600,2,5,576
43,medium,deepseekv4_attnmhc_dnd,tiny_shakespeare,409600,2,6,540
43,medium,deepseekv4_attnmhc_dnd,tiny_shakespeare,409600,2,7,542
43,medium,deepseekv4_attnmhc_dnd,tiny_shakespeare,409600,3,0,466
43,medium,deepseekv4_attnmhc_dnd,tiny_shakespeare,409600,3,1,506
43,medium,deepseekv4_attnmhc_dnd,tiny_shakespeare,409600,3,2,429
43,medium,deepseekv4_attnmhc_dnd,tiny_shakespeare,409600,3,3,526
43,medium,deepseekv4_attnmhc_dnd,tiny_shakespeare,409600,3,4,601
43,medium,deepseekv4_attnmhc_dnd,tiny_shakespeare,409600,3,5,532
43,medium,deepseekv4_attnmhc_dnd,tiny_shakespeare,409600,3,6,567
43,medium,deepseekv4_attnmhc_dnd,tiny_shakespeare,409600,3,7,469
43,medium,deepseekv4_attnmhc_dnd,tiny_shakespeare,409600,4,0,564
43,medium,deepseekv4_attnmhc_dnd,tiny_shakespeare,409600,4,1,592
43,medium,deepseekv4_attnmhc_dnd,tiny_shakespeare,409600,4,2,612
43,medium,deepseekv4_attnmhc_dnd,tiny_shakespeare,409600,4,3,557
43,medium,deepseekv4_attnmhc_dnd,tiny_shakespeare,409600,4,4,582
43,medium,deepseekv4_attnmhc_dnd,tiny_shakespeare,409600,4,5,406
43,medium,deepseekv4_attnmhc_dnd,tiny_shakespeare,409600,4,6,491
43,medium,deepseekv4_attnmhc_dnd,tiny_shakespeare,409600,4,7,292
43,medium,deepseekv4_attnmhc_dnd,tiny_shakespeare,409600,5,0,452
43,medium,deepseekv4_attnmhc_dnd,tiny_shakespeare,409600,5,1,589
43,medium,deepseekv4_attnmhc_dnd,tiny_shakespeare,409600,5,2,668
43,medium,deepseekv4_attnmhc_dnd,tiny_shakespeare,409600,5,3,543
43,medium,deepseekv4_attnmhc_dnd,tiny_shakespeare,409600,5,4,512
43,medium,deepseekv4_attnmhc_dnd,tiny_shakespeare,409600,5,5,371
43,medium,deepseekv4_attnmhc_dnd,tiny_shakespeare,409600,5,6,396
43,medium,deepseekv4_attnmhc_dnd,tiny_shakespeare,409600,5,7,565
43,medium,deepseekv4_attnmhc_dnd,tiny_shakespeare,614400,0,0,359
43,medium,deepseekv4_attnmhc_dnd,tiny_shakespeare,614400,0,1,226
43,medium,deepseekv4_attnmhc_dnd,tiny_shakespeare,614400,0,2,362
43,medium,deepseekv4_attnmhc_dnd,tiny_shakespeare,614400,0,3,892
43,medium,deepseekv4_attnmhc_dnd,tiny_shakespeare,614400,0,4,413
43,medium,deepseekv4_attnmhc_dnd,tiny_shakespeare,614400,0,5,710
43,medium,deepseekv4_attnmhc_dnd,tiny_shakespeare,614400,0,6,284
43,medium,deepseekv4_attnmhc_dnd,tiny_shakespeare,614400,0,7,850
43,medium,deepseekv4_attnmhc_dnd,tiny_shakespeare,614400,1,0,391
43,medium,deepseekv4_attnmhc_dnd,tiny_shakespeare,614400,1,1,399
43,medium,deepseekv4_attnmhc_dnd,tiny_shakespeare,614400,1,2,919
43,medium,deepseekv4_attnmhc_dnd,tiny_shakespeare,614400,1,3,505
43,medium,deepseekv4_attnmhc_dnd,tiny_shakespeare,614400,1,4,633
43,medium,deepseekv4_attnmhc_dnd,tiny_shakespeare,614400,1,5,285
43,medium,deepseekv4_attnmhc_dnd,tiny_shakespeare,614400,1,6,536
43,medium,deepseekv4_attnmhc_dnd,tiny_shakespeare,614400,1,7,428
43,medium,deepseekv4_attnmhc_dnd,tiny_shakespeare,614400,2,0,534
43,medium,deepseekv4_attnmhc_dnd,tiny_shakespeare,614400,2,1,473
43,medium,deepseekv4_attnmhc_dnd,tiny_shakespeare,614400,2,2,603
43,medium,deepseekv4_attnmhc_dnd,tiny_shakespeare,614400,2,3,504
43,medium,deepseekv4_attnmhc_dnd,tiny_shakespeare,614400,2,4,509
43,medium,deepseekv4_attnmhc_dnd,tiny_shakespeare,614400,2,5,424
43,medium,deepseekv4_attnmhc_dnd,tiny_shakespeare,614400,2,6,521
43,medium,deepseekv4_attnmhc_dnd,tiny_shakespeare,614400,2,7,528
43,medium,deepseekv4_attnmhc_dnd,tiny_shakespeare,614400,3,0,477
43,medium,deepseekv4_attnmhc_dnd,tiny_shakespeare,614400,3,1,426
43,medium,deepseekv4_attnmhc_dnd,tiny_shakespeare,614400,3,2,527
43,medium,deepseekv4_attnmhc_dnd,tiny_shakespeare,614400,3,3,558
43,medium,deepseekv4_attnmhc_dnd,tiny_shakespeare,614400,3,4,513
43,medium,deepseekv4_attnmhc_dnd,tiny_shakespeare,614400,3,5,561
43,medium,deepseekv4_attnmhc_dnd,tiny_shakespeare,614400,3,6,513
43,medium,deepseekv4_attnmhc_dnd,tiny_shakespeare,614400,3,7,521
43,medium,deepseekv4_attnmhc_dnd,tiny_shakespeare,614400,4,0,481
43,medium,deepseekv4_attnmhc_dnd,tiny_shakespeare,614400,4,1,441
43,medium,deepseekv4_attnmhc_dnd,tiny_shakespeare,614400,4,2,592
43,medium,deepseekv4_attnmhc_dnd,tiny_shakespeare,614400,4,3,575
43,medium,deepseekv4_attnmhc_dnd,tiny_shakespeare,614400,4,4,451
43,medium,deepseekv4_attnmhc_dnd,tiny_shakespeare,614400,4,5,517
43,medium,deepseekv4_attnmhc_dnd,tiny_shakespeare,614400,4,6,536
43,medium,deepseekv4_attnmhc_dnd,tiny_shakespeare,614400,4,7,503
43,medium,deepseekv4_attnmhc_dnd,tiny_shakespeare,614400,5,0,660
43,medium,deepseekv4_attnmhc_dnd,tiny_shakespeare,614400,5,1,483
43,medium,deepseekv4_attnmhc_dnd,tiny_shakespeare,614400,5,2,437
43,medium,deepseekv4_attnmhc_dnd,tiny_shakespeare,614400,5,3,497
43,medium,deepseekv4_attnmhc_dnd,tiny_shakespeare,614400,5,4,600
43,medium,deepseekv4_attnmhc_dnd,tiny_shakespeare,614400,5,5,327
43,medium,deepseekv4_attnmhc_dnd,tiny_shakespeare,614400,5,6,592
43,medium,deepseekv4_attnmhc_dnd,tiny_shakespeare,614400,5,7,500
43,medium,deepseekv4_attnmhc_dnd,tiny_shakespeare,819200,0,0,374
43,medium,deepseekv4_attnmhc_dnd,tiny_shakespeare,819200,0,1,247
43,medium,deepseekv4_attnmhc_dnd,tiny_shakespeare,819200,0,2,378
43,medium,deepseekv4_attnmhc_dnd,tiny_shakespeare,819200,0,3,874
43,medium,deepseekv4_attnmhc_dnd,tiny_shakespeare,819200,0,4,383
43,medium,deepseekv4_attnmhc_dnd,tiny_shakespeare,819200,0,5,683
43,medium,deepseekv4_attnmhc_dnd,tiny_shakespeare,819200,0,6,275
43,medium,deepseekv4_attnmhc_dnd,tiny_shakespeare,819200,0,7,882
43,medium,deepseekv4_attnmhc_dnd,tiny_shakespeare,819200,1,0,389
43,medium,deepseekv4_attnmhc_dnd,tiny_shakespeare,819200,1,1,409
43,medium,deepseekv4_attnmhc_dnd,tiny_shakespeare,819200,1,2,937
43,medium,deepseekv4_attnmhc_dnd,tiny_shakespeare,819200,1,3,508
43,medium,deepseekv4_attnmhc_dnd,tiny_shakespeare,819200,1,4,648
43,medium,deepseekv4_attnmhc_dnd,tiny_shakespeare,819200,1,5,278
43,medium,deepseekv4_attnmhc_dnd,tiny_shakespeare,819200,1,6,517
43,medium,deepseekv4_attnmhc_dnd,tiny_shakespeare,819200,1,7,410
43,medium,deepseekv4_attnmhc_dnd,tiny_shakespeare,819200,2,0,513
43,medium,deepseekv4_attnmhc_dnd,tiny_shakespeare,819200,2,1,514
43,medium,deepseekv4_attnmhc_dnd,tiny_shakespeare,819200,2,2,462
43,medium,deepseekv4_attnmhc_dnd,tiny_shakespeare,819200,2,3,559
43,medium,deepseekv4_attnmhc_dnd,tiny_shakespeare,819200,2,4,478
43,medium,deepseekv4_attnmhc_dnd,tiny_shakespeare,819200,2,5,552
43,medium,deepseekv4_attnmhc_dnd,tiny_shakespeare,819200,2,6,510
43,medium,deepseekv4_attnmhc_dnd,tiny_shakespeare,819200,2,7,508
43,medium,deepseekv4_attnmhc_dnd,tiny_shakespeare,819200,3,0,523
43,medium,deepseekv4_attnmhc_dnd,tiny_shakespeare,819200,3,1,489
43,medium,deepseekv4_attnmhc_dnd,tiny_shakespeare,819200,3,2,499
43,medium,deepseekv4_attnmhc_dnd,tiny_shakespeare,819200,3,3,548
43,medium,deepseekv4_attnmhc_dnd,tiny_shakespeare,819200,3,4,535
43,medium,deepseekv4_attnmhc_dnd,tiny_shakespeare,819200,3,5,540
43,medium,deepseekv4_attnmhc_dnd,tiny_shakespeare,819200,3,6,525
43,medium,deepseekv4_attnmhc_dnd,tiny_shakespeare,819200,3,7,437
43,medium,deepseekv4_attnmhc_dnd,tiny_shakespeare,819200,4,0,525
43,medium,deepseekv4_attnmhc_dnd,tiny_shakespeare,819200,4,1,502
43,medium,deepseekv4_attnmhc_dnd,tiny_shakespeare,819200,4,2,516
43,medium,deepseekv4_attnmhc_dnd,tiny_shakespeare,819200,4,3,599
43,medium,deepseekv4_attnmhc_dnd,tiny_shakespeare,819200,4,4,504
43,medium,deepseekv4_attnmhc_dnd,tiny_shakespeare,819200,4,5,500
43,medium,deepseekv4_attnmhc_dnd,tiny_shakespeare,819200,4,6,537
43,medium,deepseekv4_attnmhc_dnd,tiny_shakespeare,819200,4,7,413
43,medium,deepseekv4_attnmhc_dnd,tiny_shakespeare,819200,5,0,522
43,medium,deepseekv4_attnmhc_dnd,tiny_shakespeare,819200,5,1,581
43,medium,deepseekv4_attnmhc_dnd,tiny_shakespeare,819200,5,2,541
43,medium,deepseekv4_attnmhc_dnd,tiny_shakespeare,819200,5,3,486
43,medium,deepseekv4_attnmhc_dnd,tiny_shakespeare,819200,5,4,506
43,medium,deepseekv4_attnmhc_dnd,tiny_shakespeare,819200,5,5,503
43,medium,deepseekv4_attnmhc_dnd,tiny_shakespeare,819200,5,6,443
43,medium,deepseekv4_attnmhc_dnd,tiny_shakespeare,819200,5,7,514
43,medium,deepseekv4_attnmhc_dnd,tiny_shakespeare,1024000,0,0,349
43,medium,deepseekv4_attnmhc_dnd,tiny_shakespeare,1024000,0,1,221
43,medium,deepseekv4_attnmhc_dnd,tiny_shakespeare,1024000,0,2,381
43,medium,deepseekv4_attnmhc_dnd,tiny_shakespeare,1024000,0,3,896
43,medium,deepseekv4_attnmhc_dnd,tiny_shakespeare,1024000,0,4,402
43,medium,deepseekv4_attnmhc_dnd,tiny_shakespeare,1024000,0,5,693
43,medium,deepseekv4_attnmhc_dnd,tiny_shakespeare,1024000,0,6,296
43,medium,deepseekv4_attnmhc_dnd,tiny_shakespeare,1024000,0,7,858
43,medium,deepseekv4_attnmhc_dnd,tiny_shakespeare,1024000,1,0,367
43,medium,deepseekv4_attnmhc_dnd,tiny_shakespeare,1024000,1,1,356
43,medium,deepseekv4_attnmhc_dnd,tiny_shakespeare,1024000,1,2,963
43,medium,deepseekv4_attnmhc_dnd,tiny_shakespeare,1024000,1,3,517
43,medium,deepseekv4_attnmhc_dnd,tiny_shakespeare,1024000,1,4,634
43,medium,deepseekv4_attnmhc_dnd,tiny_shakespeare,1024000,1,5,294
43,medium,deepseekv4_attnmhc_dnd,tiny_shakespeare,1024000,1,6,544
43,medium,deepseekv4_attnmhc_dnd,tiny_shakespeare,1024000,1,7,421
43,medium,deepseekv4_attnmhc_dnd,tiny_shakespeare,1024000,2,0,529
43,medium,deepseekv4_attnmhc_dnd,tiny_shakespeare,1024000,2,1,552
43,medium,deepseekv4_attnmhc_dnd,tiny_shakespeare,1024000,2,2,551
43,medium,deepseekv4_attnmhc_dnd,tiny_shakespeare,1024000,2,3,468
43,medium,deepseekv4_attnmhc_dnd,tiny_shakespeare,1024000,2,4,462
43,medium,deepseekv4_attnmhc_dnd,tiny_shakespeare,1024000,2,5,543
43,medium,deepseekv4_attnmhc_dnd,tiny_shakespeare,1024000,2,6,490
43,medium,deepseekv4_attnmhc_dnd,tiny_shakespeare,1024000,2,7,501
43,medium,deepseekv4_attnmhc_dnd,tiny_shakespeare,1024000,3,0,433
43,medium,deepseekv4_attnmhc_dnd,tiny_shakespeare,1024000,3,1,510
43,medium,deepseekv4_attnmhc_dnd,tiny_shakespeare,1024000,3,2,595
43,medium,deepseekv4_attnmhc_dnd,tiny_shakespeare,1024000,3,3,508
43,medium,deepseekv4_attnmhc_dnd,tiny_shakespeare,1024000,3,4,581
43,medium,deepseekv4_attnmhc_dnd,tiny_shakespeare,1024000,3,5,482
43,medium,deepseekv4_attnmhc_dnd,tiny_shakespeare,1024000,3,6,509
43,medium,deepseekv4_attnmhc_dnd,tiny_shakespeare,1024000,3,7,478
43,medium,deepseekv4_attnmhc_dnd,tiny_shakespeare,1024000,4,0,520
43,medium,deepseekv4_attnmhc_dnd,tiny_shakespeare,1024000,4,1,505
43,medium,deepseekv4_attnmhc_dnd,tiny_shakespeare,1024000,4,2,530
43,medium,deepseekv4_attnmhc_dnd,tiny_shakespeare,1024000,4,3,500
43,medium,deepseekv4_attnmhc_dnd,tiny_shakespeare,1024000,4,4,474
43,medium,deepseekv4_attnmhc_dnd,tiny_shakespeare,1024000,4,5,526
43,medium,deepseekv4_attnmhc_dnd,tiny_shakespeare,1024000,4,6,553
43,medium,deepseekv4_attnmhc_dnd,tiny_shakespeare,1024000,4,7,488
43,medium,deepseekv4_attnmhc_dnd,tiny_shakespeare,1024000,5,0,590
43,medium,deepseekv4_attnmhc_dnd,tiny_shakespeare,1024000,5,1,518
43,medium,deepseekv4_attnmhc_dnd,tiny_shakespeare,1024000,5,2,502
43,medium,deepseekv4_attnmhc_dnd,tiny_shakespeare,1024000,5,3,504
43,medium,deepseekv4_attnmhc_dnd,tiny_shakespeare,1024000,5,4,481
43,medium,deepseekv4_attnmhc_dnd,tiny_shakespeare,1024000,5,5,484
43,medium,deepseekv4_attnmhc_dnd,tiny_shakespeare,1024000,5,6,451
43,medium,deepseekv4_attnmhc_dnd,tiny_shakespeare,1024000,5,7,566
43,medium,deepseekv4_attnmhc_dnd,tiny_shakespeare,1228800,0,0,387
43,medium,deepseekv4_attnmhc_dnd,tiny_shakespeare,1228800,0,1,233
43,medium,deepseekv4_attnmhc_dnd,tiny_shakespeare,1228800,0,2,388
43,medium,deepseekv4_attnmhc_dnd,tiny_shakespeare,1228800,0,3,872
43,medium,deepseekv4_attnmhc_dnd,tiny_shakespeare,1228800,0,4,408
43,medium,deepseekv4_attnmhc_dnd,tiny_shakespeare,1228800,0,5,686
43,medium,deepseekv4_attnmhc_dnd,tiny_shakespeare,1228800,0,6,298
43,medium,deepseekv4_attnmhc_dnd,tiny_shakespeare,1228800,0,7,824
43,medium,deepseekv4_attnmhc_dnd,tiny_shakespeare,1228800,1,0,385
43,medium,deepseekv4_attnmhc_dnd,tiny_shakespeare,1228800,1,1,366
43,medium,deepseekv4_attnmhc_dnd,tiny_shakespeare,1228800,1,2,958
43,medium,deepseekv4_attnmhc_dnd,tiny_shakespeare,1228800,1,3,511
43,medium,deepseekv4_attnmhc_dnd,tiny_shakespeare,1228800,1,4,636
43,medium,deepseekv4_attnmhc_dnd,tiny_shakespeare,1228800,1,5,288
43,medium,deepseekv4_attnmhc_dnd,tiny_shakespeare,1228800,1,6,530
43,medium,deepseekv4_attnmhc_dnd,tiny_shakespeare,1228800,1,7,422
43,medium,deepseekv4_attnmhc_dnd,tiny_shakespeare,1228800,2,0,551
43,medium,deepseekv4_attnmhc_dnd,tiny_shakespeare,1228800,2,1,586
43,medium,deepseekv4_attnmhc_dnd,tiny_shakespeare,1228800,2,2,438
43,medium,deepseekv4_attnmhc_dnd,tiny_shakespeare,1228800,2,3,519
43,medium,deepseekv4_attnmhc_dnd,tiny_shakespeare,1228800,2,4,506
43,medium,deepseekv4_attnmhc_dnd,tiny_shakespeare,1228800,2,5,515
43,medium,deepseekv4_attnmhc_dnd,tiny_shakespeare,1228800,2,6,508
43,medium,deepseekv4_attnmhc_dnd,tiny_shakespeare,1228800,2,7,473
43,medium,deepseekv4_attnmhc_dnd,tiny_shakespeare,1228800,3,0,477
43,medium,deepseekv4_attnmhc_dnd,tiny_shakespeare,1228800,3,1,488
43,medium,deepseekv4_attnmhc_dnd,tiny_shakespeare,1228800,3,2,527
43,medium,deepseekv4_attnmhc_dnd,tiny_shakespeare,1228800,3,3,543
43,medium,deepseekv4_attnmhc_dnd,tiny_shakespeare,1228800,3,4,483
43,medium,deepseekv4_attnmhc_dnd,tiny_shakespeare,1228800,3,5,567
43,medium,deepseekv4_attnmhc_dnd,tiny_shakespeare,1228800,3,6,513
43,medium,deepseekv4_attnmhc_dnd,tiny_shakespeare,1228800,3,7,498
43,medium,deepseekv4_attnmhc_dnd,tiny_shakespeare,1228800,4,0,527
43,medium,deepseekv4_attnmhc_dnd,tiny_shakespeare,1228800,4,1,523
43,medium,deepseekv4_attnmhc_dnd,tiny_shakespeare,1228800,4,2,493
43,medium,deepseekv4_attnmhc_dnd,tiny_shakespeare,1228800,4,3,468
43,medium,deepseekv4_attnmhc_dnd,tiny_shakespeare,1228800,4,4,586
43,medium,deepseekv4_attnmhc_dnd,tiny_shakespeare,1228800,4,5,553
43,medium,deepseekv4_attnmhc_dnd,tiny_shakespeare,1228800,4,6,482
43,medium,deepseekv4_attnmhc_dnd,tiny_shakespeare,1228800,4,7,464
43,medium,deepseekv4_attnmhc_dnd,tiny_shakespeare,1228800,5,0,512
43,medium,deepseekv4_attnmhc_dnd,tiny_shakespeare,1228800,5,1,497
43,medium,deepseekv4_attnmhc_dnd,tiny_shakespeare,1228800,5,2,528
43,medium,deepseekv4_attnmhc_dnd,tiny_shakespeare,1228800,5,3,568
43,medium,deepseekv4_attnmhc_dnd,tiny_shakespeare,1228800,5,4,506
43,medium,deepseekv4_attnmhc_dnd,tiny_shakespeare,1228800,5,5,493
43,medium,deepseekv4_attnmhc_dnd,tiny_shakespeare,1228800,5,6,506
43,medium,deepseekv4_attnmhc_dnd,tiny_shakespeare,1228800,5,7,486
43,medium,deepseekv4_attnmhc_dnd,tiny_shakespeare,1433600,0,0,363
43,medium,deepseekv4_attnmhc_dnd,tiny_shakespeare,1433600,0,1,280
43,medium,deepseekv4_attnmhc_dnd,tiny_shakespeare,1433600,0,2,390
43,medium,deepseekv4_attnmhc_dnd,tiny_shakespeare,1433600,0,3,872
43,medium,deepseekv4_attnmhc_dnd,tiny_shakespeare,1433600,0,4,394
43,medium,deepseekv4_attnmhc_dnd,tiny_shakespeare,1433600,0,5,694
43,medium,deepseekv4_attnmhc_dnd,tiny_shakespeare,1433600,0,6,295
43,medium,deepseekv4_attnmhc_dnd,tiny_shakespeare,1433600,0,7,808
43,medium,deepseekv4_attnmhc_dnd,tiny_shakespeare,1433600,1,0,351
43,medium,deepseekv4_attnmhc_dnd,tiny_shakespeare,1433600,1,1,423
43,medium,deepseekv4_attnmhc_dnd,tiny_shakespeare,1433600,1,2,989
43,medium,deepseekv4_attnmhc_dnd,tiny_shakespeare,1433600,1,3,501
43,medium,deepseekv4_attnmhc_dnd,tiny_shakespeare,1433600,1,4,646
43,medium,deepseekv4_attnmhc_dnd,tiny_shakespeare,1433600,1,5,284
43,medium,deepseekv4_attnmhc_dnd,tiny_shakespeare,1433600,1,6,493
43,medium,deepseekv4_attnmhc_dnd,tiny_shakespeare,1433600,1,7,409
43,medium,deepseekv4_attnmhc_dnd,tiny_shakespeare,1433600,2,0,532
43,medium,deepseekv4_attnmhc_dnd,tiny_shakespeare,1433600,2,1,392
43,medium,deepseekv4_attnmhc_dnd,tiny_shakespeare,1433600,2,2,534
43,medium,deepseekv4_attnmhc_dnd,tiny_shakespeare,1433600,2,3,537
43,medium,deepseekv4_attnmhc_dnd,tiny_shakespeare,1433600,2,4,528
43,medium,deepseekv4_attnmhc_dnd,tiny_shakespeare,1433600,2,5,556
43,medium,deepseekv4_attnmhc_dnd,tiny_shakespeare,1433600,2,6,494
43,medium,deepseekv4_attnmhc_dnd,tiny_shakespeare,1433600,2,7,523
43,medium,deepseekv4_attnmhc_dnd,tiny_shakespeare,1433600,3,0,532
43,medium,deepseekv4_attnmhc_dnd,tiny_shakespeare,1433600,3,1,521
43,medium,deepseekv4_attnmhc_dnd,tiny_shakespeare,1433600,3,2,402
43,medium,deepseekv4_attnmhc_dnd,tiny_shakespeare,1433600,3,3,553
43,medium,deepseekv4_attnmhc_dnd,tiny_shakespeare,1433600,3,4,488
43,medium,deepseekv4_attnmhc_dnd,tiny_shakespeare,1433600,3,5,541
43,medium,deepseekv4_attnmhc_dnd,tiny_shakespeare,1433600,3,6,525
43,medium,deepseekv4_attnmhc_dnd,tiny_shakespeare,1433600,3,7,534
43,medium,deepseekv4_attnmhc_dnd,tiny_shakespeare,1433600,4,0,530
43,medium,deepseekv4_attnmhc_dnd,tiny_shakespeare,1433600,4,1,532
43,medium,deepseekv4_attnmhc_dnd,tiny_shakespeare,1433600,4,2,570
43,medium,deepseekv4_attnmhc_dnd,tiny_shakespeare,1433600,4,3,546
43,medium,deepseekv4_attnmhc_dnd,tiny_shakespeare,1433600,4,4,558
43,medium,deepseekv4_attnmhc_dnd,tiny_shakespeare,1433600,4,5,507
43,medium,deepseekv4_attnmhc_dnd,tiny_shakespeare,1433600,4,6,479
43,medium,deepseekv4_attnmhc_dnd,tiny_shakespeare,1433600,4,7,374
43,medium,deepseekv4_attnmhc_dnd,tiny_shakespeare,1433600,5,0,485
43,medium,deepseekv4_attnmhc_dnd,tiny_shakespeare,1433600,5,1,552
43,medium,deepseekv4_attnmhc_dnd,tiny_shakespeare,1433600,5,2,521
43,medium,deepseekv4_attnmhc_dnd,tiny_shakespeare,1433600,5,3,553
43,medium,deepseekv4_attnmhc_dnd,tiny_shakespeare,1433600,5,4,628
43,medium,deepseekv4_attnmhc_dnd,tiny_shakespeare,1433600,5,5,588
43,medium,deepseekv4_attnmhc_dnd,tiny_shakespeare,1433600,5,6,405
43,medium,deepseekv4_attnmhc_dnd,tiny_shakespeare,1433600,5,7,364
43,medium,deepseekv4_attnmhc_dnd,tiny_shakespeare,1638400,0,0,361
43,medium,deepseekv4_attnmhc_dnd,tiny_shakespeare,1638400,0,1,253
43,medium,deepseekv4_attnmhc_dnd,tiny_shakespeare,1638400,0,2,374
43,medium,deepseekv4_attnmhc_dnd,tiny_shakespeare,1638400,0,3,876
43,medium,deepseekv4_attnmhc_dnd,tiny_shakespeare,1638400,0,4,410
43,medium,deepseekv4_attnmhc_dnd,tiny_shakespeare,1638400,0,5,679
43,medium,deepseekv4_attnmhc_dnd,tiny_shakespeare,1638400,0,6,286
43,medium,deepseekv4_attnmhc_dnd,tiny_shakespeare,1638400,0,7,857
43,medium,deepseekv4_attnmhc_dnd,tiny_shakespeare,1638400,1,0,345
43,medium,deepseekv4_attnmhc_dnd,tiny_shakespeare,1638400,1,1,437
43,medium,deepseekv4_attnmhc_dnd,tiny_shakespeare,1638400,1,2,914
43,medium,deepseekv4_attnmhc_dnd,tiny_shakespeare,1638400,1,3,506
43,medium,deepseekv4_attnmhc_dnd,tiny_shakespeare,1638400,1,4,657
43,medium,deepseekv4_attnmhc_dnd,tiny_shakespeare,1638400,1,5,291
43,medium,deepseekv4_attnmhc_dnd,tiny_shakespeare,1638400,1,6,525
43,medium,deepseekv4_attnmhc_dnd,tiny_shakespeare,1638400,1,7,421
43,medium,deepseekv4_attnmhc_dnd,tiny_shakespeare,1638400,2,0,515
43,medium,deepseekv4_attnmhc_dnd,tiny_shakespeare,1638400,2,1,481
43,medium,deepseekv4_attnmhc_dnd,tiny_shakespeare,1638400,2,2,546
43,medium,deepseekv4_attnmhc_dnd,tiny_shakespeare,1638400,2,3,517
43,medium,deepseekv4_attnmhc_dnd,tiny_shakespeare,1638400,2,4,536
43,medium,deepseekv4_attnmhc_dnd,tiny_shakespeare,1638400,2,5,500
43,medium,deepseekv4_attnmhc_dnd,tiny_shakespeare,1638400,2,6,496
43,medium,deepseekv4_attnmhc_dnd,tiny_shakespeare,1638400,2,7,505
43,medium,deepseekv4_attnmhc_dnd,tiny_shakespeare,1638400,3,0,503
43,medium,deepseekv4_attnmhc_dnd,tiny_shakespeare,1638400,3,1,527
43,medium,deepseekv4_attnmhc_dnd,tiny_shakespeare,1638400,3,2,503
43,medium,deepseekv4_attnmhc_dnd,tiny_shakespeare,1638400,3,3,513
43,medium,deepseekv4_attnmhc_dnd,tiny_shakespeare,1638400,3,4,559
43,medium,deepseekv4_attnmhc_dnd,tiny_shakespeare,1638400,3,5,461
43,medium,deepseekv4_attnmhc_dnd,tiny_shakespeare,1638400,3,6,506
43,medium,deepseekv4_attnmhc_dnd,tiny_shakespeare,1638400,3,7,524
43,medium,deepseekv4_attnmhc_dnd,tiny_shakespeare,1638400,4,0,505
43,medium,deepseekv4_attnmhc_dnd,tiny_shakespeare,1638400,4,1,474
43,medium,deepseekv4_attnmhc_dnd,tiny_shakespeare,1638400,4,2,549
43,medium,deepseekv4_attnmhc_dnd,tiny_shakespeare,1638400,4,3,539
43,medium,deepseekv4_attnmhc_dnd,tiny_shakespeare,1638400,4,4,481
43,medium,deepseekv4_attnmhc_dnd,tiny_shakespeare,1638400,4,5,549
43,medium,deepseekv4_attnmhc_dnd,tiny_shakespeare,1638400,4,6,505
43,medium,deepseekv4_attnmhc_dnd,tiny_shakespeare,1638400,4,7,494
43,medium,deepseekv4_attnmhc_dnd,tiny_shakespeare,1638400,5,0,524
43,medium,deepseekv4_attnmhc_dnd,tiny_shakespeare,1638400,5,1,492
43,medium,deepseekv4_attnmhc_dnd,tiny_shakespeare,1638400,5,2,494
43,medium,deepseekv4_attnmhc_dnd,tiny_shakespeare,1638400,5,3,524
43,medium,deepseekv4_attnmhc_dnd,tiny_shakespeare,1638400,5,4,506
43,medium,deepseekv4_attnmhc_dnd,tiny_shakespeare,1638400,5,5,513
43,medium,deepseekv4_attnmhc_dnd,tiny_shakespeare,1638400,5,6,512
43,medium,deepseekv4_attnmhc_dnd,tiny_shakespeare,1638400,5,7,531
43,medium,deepseekv4_attnmhc_dnd,tiny_shakespeare,1843200,0,0,390
43,medium,deepseekv4_attnmhc_dnd,tiny_shakespeare,1843200,0,1,246
43,medium,deepseekv4_attnmhc_dnd,tiny_shakespeare,1843200,0,2,378
43,medium,deepseekv4_attnmhc_dnd,tiny_shakespeare,1843200,0,3,873
43,medium,deepseekv4_attnmhc_dnd,tiny_shakespeare,1843200,0,4,406
43,medium,deepseekv4_attnmhc_dnd,tiny_shakespeare,1843200,0,5,689
43,medium,deepseekv4_attnmhc_dnd,tiny_shakespeare,1843200,0,6,262
43,medium,deepseekv4_attnmhc_dnd,tiny_shakespeare,1843200,0,7,852
43,medium,deepseekv4_attnmhc_dnd,tiny_shakespeare,1843200,1,0,372
43,medium,deepseekv4_attnmhc_dnd,tiny_shakespeare,1843200,1,1,418
43,medium,deepseekv4_attnmhc_dnd,tiny_shakespeare,1843200,1,2,946
43,medium,deepseekv4_attnmhc_dnd,tiny_shakespeare,1843200,1,3,527
43,medium,deepseekv4_attnmhc_dnd,tiny_shakespeare,1843200,1,4,648
43,medium,deepseekv4_attnmhc_dnd,tiny_shakespeare,1843200,1,5,263
43,medium,deepseekv4_attnmhc_dnd,tiny_shakespeare,1843200,1,6,517
43,medium,deepseekv4_attnmhc_dnd,tiny_shakespeare,1843200,1,7,405
43,medium,deepseekv4_attnmhc_dnd,tiny_shakespeare,1843200,2,0,496
43,medium,deepseekv4_attnmhc_dnd,tiny_shakespeare,1843200,2,1,503
43,medium,deepseekv4_attnmhc_dnd,tiny_shakespeare,1843200,2,2,501
43,medium,deepseekv4_attnmhc_dnd,tiny_shakespeare,1843200,2,3,563
43,medium,deepseekv4_attnmhc_dnd,tiny_shakespeare,1843200,2,4,518
43,medium,deepseekv4_attnmhc_dnd,tiny_shakespeare,1843200,2,5,523
43,medium,deepseekv4_attnmhc_dnd,tiny_shakespeare,1843200,2,6,472
43,medium,deepseekv4_attnmhc_dnd,tiny_shakespeare,1843200,2,7,520
43,medium,deepseekv4_attnmhc_dnd,tiny_shakespeare,1843200,3,0,513
43,medium,deepseekv4_attnmhc_dnd,tiny_shakespeare,1843200,3,1,498
43,medium,deepseekv4_attnmhc_dnd,tiny_shakespeare,1843200,3,2,499
43,medium,deepseekv4_attnmhc_dnd,tiny_shakespeare,1843200,3,3,486
43,medium,deepseekv4_attnmhc_dnd,tiny_shakespeare,1843200,3,4,566
43,medium,deepseekv4_attnmhc_dnd,tiny_shakespeare,1843200,3,5,514
43,medium,deepseekv4_attnmhc_dnd,tiny_shakespeare,1843200,3,6,500
43,medium,deepseekv4_attnmhc_dnd,tiny_shakespeare,1843200,3,7,520
43,medium,deepseekv4_attnmhc_dnd,tiny_shakespeare,1843200,4,0,531
43,medium,deepseekv4_attnmhc_dnd,tiny_shakespeare,1843200,4,1,495
43,medium,deepseekv4_attnmhc_dnd,tiny_shakespeare,1843200,4,2,493
43,medium,deepseekv4_attnmhc_dnd,tiny_shakespeare,1843200,4,3,555
43,medium,deepseekv4_attnmhc_dnd,tiny_shakespeare,1843200,4,4,516
43,medium,deepseekv4_attnmhc_dnd,tiny_shakespeare,1843200,4,5,542
43,medium,deepseekv4_attnmhc_dnd,tiny_shakespeare,1843200,4,6,505
43,medium,deepseekv4_attnmhc_dnd,tiny_shakespeare,1843200,4,7,459
43,medium,deepseekv4_attnmhc_dnd,tiny_shakespeare,1843200,5,0,530
43,medium,deepseekv4_attnmhc_dnd,tiny_shakespeare,1843200,5,1,459
43,medium,deepseekv4_attnmhc_dnd,tiny_shakespeare,1843200,5,2,515
43,medium,deepseekv4_attnmhc_dnd,tiny_shakespeare,1843200,5,3,540
43,medium,deepseekv4_attnmhc_dnd,tiny_shakespeare,1843200,5,4,530
43,medium,deepseekv4_attnmhc_dnd,tiny_shakespeare,1843200,5,5,487
43,medium,deepseekv4_attnmhc_dnd,tiny_shakespeare,1843200,5,6,505
43,medium,deepseekv4_attnmhc_dnd,tiny_shakespeare,1843200,5,7,530
43,medium,deepseekv4_attnmhc_dnd,tiny_shakespeare,2048000,0,0,345
43,medium,deepseekv4_attnmhc_dnd,tiny_shakespeare,2048000,0,1,245
43,medium,deepseekv4_attnmhc_dnd,tiny_shakespeare,2048000,0,2,365
43,medium,deepseekv4_attnmhc_dnd,tiny_shakespeare,2048000,0,3,866
43,medium,deepseekv4_attnmhc_dnd,tiny_shakespeare,2048000,0,4,435
43,medium,deepseekv4_attnmhc_dnd,tiny_shakespeare,2048000,0,5,706
43,medium,deepseekv4_attnmhc_dnd,tiny_shakespeare,2048000,0,6,292
43,medium,deepseekv4_attnmhc_dnd,tiny_shakespeare,2048000,0,7,842
43,medium,deepseekv4_attnmhc_dnd,tiny_shakespeare,2048000,1,0,363
43,medium,deepseekv4_attnmhc_dnd,tiny_shakespeare,2048000,1,1,384
43,medium,deepseekv4_attnmhc_dnd,tiny_shakespeare,2048000,1,2,957
43,medium,deepseekv4_attnmhc_dnd,tiny_shakespeare,2048000,1,3,515
43,medium,deepseekv4_attnmhc_dnd,tiny_shakespeare,2048000,1,4,650
43,medium,deepseekv4_attnmhc_dnd,tiny_shakespeare,2048000,1,5,301
43,medium,deepseekv4_attnmhc_dnd,tiny_shakespeare,2048000,1,6,514
43,medium,deepseekv4_attnmhc_dnd,tiny_shakespeare,2048000,1,7,412
43,medium,deepseekv4_attnmhc_dnd,tiny_shakespeare,2048000,2,0,470
43,medium,deepseekv4_attnmhc_dnd,tiny_shakespeare,2048000,2,1,554
43,medium,deepseekv4_attnmhc_dnd,tiny_shakespeare,2048000,2,2,524
43,medium,deepseekv4_attnmhc_dnd,tiny_shakespeare,2048000,2,3,486
43,medium,deepseekv4_attnmhc_dnd,tiny_shakespeare,2048000,2,4,560
43,medium,deepseekv4_attnmhc_dnd,tiny_shakespeare,2048000,2,5,472
43,medium,deepseekv4_attnmhc_dnd,tiny_shakespeare,2048000,2,6,517
43,medium,deepseekv4_attnmhc_dnd,tiny_shakespeare,2048000,2,7,513
43,medium,deepseekv4_attnmhc_dnd,tiny_shakespeare,2048000,3,0,463
43,medium,deepseekv4_attnmhc_dnd,tiny_shakespeare,2048000,3,1,499
43,medium,deepseekv4_attnmhc_dnd,tiny_shakespeare,2048000,3,2,567
43,medium,deepseekv4_attnmhc_dnd,tiny_shakespeare,2048000,3,3,469
43,medium,deepseekv4_attnmhc_dnd,tiny_shakespeare,2048000,3,4,500
43,medium,deepseekv4_attnmhc_dnd,tiny_shakespeare,2048000,3,5,541
43,medium,deepseekv4_attnmhc_dnd,tiny_shakespeare,2048000,3,6,528
43,medium,deepseekv4_attnmhc_dnd,tiny_shakespeare,2048000,3,7,529
43,medium,deepseekv4_attnmhc_dnd,tiny_shakespeare,2048000,4,0,493
43,medium,deepseekv4_attnmhc_dnd,tiny_shakespeare,2048000,4,1,477
43,medium,deepseekv4_attnmhc_dnd,tiny_shakespeare,2048000,4,2,528
43,medium,deepseekv4_attnmhc_dnd,tiny_shakespeare,2048000,4,3,481
43,medium,deepseekv4_attnmhc_dnd,tiny_shakespeare,2048000,4,4,466
43,medium,deepseekv4_attnmhc_dnd,tiny_shakespeare,2048000,4,5,490
43,medium,deepseekv4_attnmhc_dnd,tiny_shakespeare,2048000,4,6,560
43,medium,deepseekv4_attnmhc_dnd,tiny_shakespeare,2048000,4,7,601
43,medium,deepseekv4_attnmhc_dnd,tiny_shakespeare,2048000,5,0,480
43,medium,deepseekv4_attnmhc_dnd,tiny_shakespeare,2048000,5,1,532
43,medium,deepseekv4_attnmhc_dnd,tiny_shakespeare,2048000,5,2,479
43,medium,deepseekv4_attnmhc_dnd,tiny_shakespeare,2048000,5,3,497
43,medium,deepseekv4_attnmhc_dnd,tiny_shakespeare,2048000,5,4,515
43,medium,deepseekv4_attnmhc_dnd,tiny_shakespeare,2048000,5,5,521
43,medium,deepseekv4_attnmhc_dnd,tiny_shakespeare,2048000,5,6,534
43,medium,deepseekv4_attnmhc_dnd,tiny_shakespeare,2048000,5,7,538
44,medium,deepseekv4_attnmhc,tiny_shakespeare,2048,0,0,376
44,medium,deepseekv4_attnmhc,tiny_shakespeare,2048,0,1,220
44,medium,deepseekv4_attnmhc,tiny_shakespeare,2048,0,2,368
44,medium,deepseekv4_attnmhc,tiny_shakespeare,2048,0,3,870
44,medium,deepseekv4_attnmhc,tiny_shakespeare,2048,0,4,386
44,medium,deepseekv4_attnmhc,tiny_shakespeare,2048,0,5,744
44,medium,deepseekv4_attnmhc,tiny_shakespeare,2048,0,6,295
44,medium,deepseekv4_attnmhc,tiny_shakespeare,2048,0,7,837
44,medium,deepseekv4_attnmhc,tiny_shakespeare,2048,1,0,384
44,medium,deepseekv4_attnmhc,tiny_shakespeare,2048,1,1,360
44,medium,deepseekv4_attnmhc,tiny_shakespeare,2048,1,2,962
44,medium,deepseekv4_attnmhc,tiny_shakespeare,2048,1,3,491
44,medium,deepseekv4_attnmhc,tiny_shakespeare,2048,1,4,640
44,medium,deepseekv4_attnmhc,tiny_shakespeare,2048,1,5,302
44,medium,deepseekv4_attnmhc,tiny_shakespeare,2048,1,6,533
44,medium,deepseekv4_attnmhc,tiny_shakespeare,2048,1,7,424
44,medium,deepseekv4_attnmhc,tiny_shakespeare,2048,2,0,607
44,medium,deepseekv4_attnmhc,tiny_shakespeare,2048,2,1,716
44,medium,deepseekv4_attnmhc,tiny_shakespeare,2048,2,2,407
44,medium,deepseekv4_attnmhc,tiny_shakespeare,2048,2,3,236
44,medium,deepseekv4_attnmhc,tiny_shakespeare,2048,2,4,434
44,medium,deepseekv4_attnmhc,tiny_shakespeare,2048,2,5,824
44,medium,deepseekv4_attnmhc,tiny_shakespeare,2048,2,6,348
44,medium,deepseekv4_attnmhc,tiny_shakespeare,2048,2,7,524
44,medium,deepseekv4_attnmhc,tiny_shakespeare,2048,3,0,404
44,medium,deepseekv4_attnmhc,tiny_shakespeare,2048,3,1,823
44,medium,deepseekv4_attnmhc,tiny_shakespeare,2048,3,2,348
44,medium,deepseekv4_attnmhc,tiny_shakespeare,2048,3,3,187
44,medium,deepseekv4_attnmhc,tiny_shakespeare,2048,3,4,1005
44,medium,deepseekv4_attnmhc,tiny_shakespeare,2048,3,5,485
44,medium,deepseekv4_attnmhc,tiny_shakespeare,2048,3,6,532
44,medium,deepseekv4_attnmhc,tiny_shakespeare,2048,3,7,312
44,medium,deepseekv4_attnmhc,tiny_shakespeare,2048,4,0,365
44,medium,deepseekv4_attnmhc,tiny_shakespeare,2048,4,1,554
44,medium,deepseekv4_attnmhc,tiny_shakespeare,2048,4,2,190
44,medium,deepseekv4_attnmhc,tiny_shakespeare,2048,4,3,451
44,medium,deepseekv4_attnmhc,tiny_shakespeare,2048,4,4,677
44,medium,deepseekv4_attnmhc,tiny_shakespeare,2048,4,5,420
44,medium,deepseekv4_attnmhc,tiny_shakespeare,2048,4,6,622
44,medium,deepseekv4_attnmhc,tiny_shakespeare,2048,4,7,817
44,medium,deepseekv4_attnmhc,tiny_shakespeare,2048,5,0,535
44,medium,deepseekv4_attnmhc,tiny_shakespeare,2048,5,1,268
44,medium,deepseekv4_attnmhc,tiny_shakespeare,2048,5,2,611
44,medium,deepseekv4_attnmhc,tiny_shakespeare,2048,5,3,319
44,medium,deepseekv4_attnmhc,tiny_shakespeare,2048,5,4,207
44,medium,deepseekv4_attnmhc,tiny_shakespeare,2048,5,5,1060
44,medium,deepseekv4_attnmhc,tiny_shakespeare,2048,5,6,313
44,medium,deepseekv4_attnmhc,tiny_shakespeare,2048,5,7,783
44,medium,deepseekv4_attnmhc,tiny_shakespeare,204800,0,0,345
44,medium,deepseekv4_attnmhc,tiny_shakespeare,204800,0,1,265
44,medium,deepseekv4_attnmhc,tiny_shakespeare,204800,0,2,405
44,medium,deepseekv4_attnmhc,tiny_shakespeare,204800,0,3,857
44,medium,deepseekv4_attnmhc,tiny_shakespeare,204800,0,4,411
44,medium,deepseekv4_attnmhc,tiny_shakespeare,204800,0,5,659
44,medium,deepseekv4_attnmhc,tiny_shakespeare,204800,0,6,305
44,medium,deepseekv4_attnmhc,tiny_shakespeare,204800,0,7,849
44,medium,deepseekv4_attnmhc,tiny_shakespeare,204800,1,0,333
44,medium,deepseekv4_attnmhc,tiny_shakespeare,204800,1,1,402
44,medium,deepseekv4_attnmhc,tiny_shakespeare,204800,1,2,963
44,medium,deepseekv4_attnmhc,tiny_shakespeare,204800,1,3,534
44,medium,deepseekv4_attnmhc,tiny_shakespeare,204800,1,4,645
44,medium,deepseekv4_attnmhc,tiny_shakespeare,204800,1,5,290
44,medium,deepseekv4_attnmhc,tiny_shakespeare,204800,1,6,523
44,medium,deepseekv4_attnmhc,tiny_shakespeare,204800,1,7,406
44,medium,deepseekv4_attnmhc,tiny_shakespeare,204800,2,0,687
44,medium,deepseekv4_attnmhc,tiny_shakespeare,204800,2,1,409
44,medium,deepseekv4_attnmhc,tiny_shakespeare,204800,2,2,518
44,medium,deepseekv4_attnmhc,tiny_shakespeare,204800,2,3,567
44,medium,deepseekv4_attnmhc,tiny_shakespeare,204800,2,4,415
44,medium,deepseekv4_attnmhc,tiny_shakespeare,204800,2,5,342
44,medium,deepseekv4_attnmhc,tiny_shakespeare,204800,2,6,583
44,medium,deepseekv4_attnmhc,tiny_shakespeare,204800,2,7,575
44,medium,deepseekv4_attnmhc,tiny_shakespeare,204800,3,0,607
44,medium,deepseekv4_attnmhc,tiny_shakespeare,204800,3,1,345
44,medium,deepseekv4_attnmhc,tiny_shakespeare,204800,3,2,563
44,medium,deepseekv4_attnmhc,tiny_shakespeare,204800,3,3,466
44,medium,deepseekv4_attnmhc,tiny_shakespeare,204800,3,4,599
44,medium,deepseekv4_attnmhc,tiny_shakespeare,204800,3,5,496
44,medium,deepseekv4_attnmhc,tiny_shakespeare,204800,3,6,569
44,medium,deepseekv4_attnmhc,tiny_shakespeare,204800,3,7,451
44,medium,deepseekv4_attnmhc,tiny_shakespeare,204800,4,0,514
44,medium,deepseekv4_attnmhc,tiny_shakespeare,204800,4,1,520
44,medium,deepseekv4_attnmhc,tiny_shakespeare,204800,4,2,365
44,medium,deepseekv4_attnmhc,tiny_shakespeare,204800,4,3,675
44,medium,deepseekv4_attnmhc,tiny_shakespeare,204800,4,4,450
44,medium,deepseekv4_attnmhc,tiny_shakespeare,204800,4,5,470
44,medium,deepseekv4_attnmhc,tiny_shakespeare,204800,4,6,539
44,medium,deepseekv4_attnmhc,tiny_shakespeare,204800,4,7,563
44,medium,deepseekv4_attnmhc,tiny_shakespeare,204800,5,0,242
44,medium,deepseekv4_attnmhc,tiny_shakespeare,204800,5,1,512
44,medium,deepseekv4_attnmhc,tiny_shakespeare,204800,5,2,489
44,medium,deepseekv4_attnmhc,tiny_shakespeare,204800,5,3,678
44,medium,deepseekv4_attnmhc,tiny_shakespeare,204800,5,4,515
44,medium,deepseekv4_attnmhc,tiny_shakespeare,204800,5,5,628
44,medium,deepseekv4_attnmhc,tiny_shakespeare,204800,5,6,489
44,medium,deepseekv4_attnmhc,tiny_shakespeare,204800,5,7,543
44,medium,deepseekv4_attnmhc,tiny_shakespeare,409600,0,0,374
44,medium,deepseekv4_attnmhc,tiny_shakespeare,409600,0,1,238
44,medium,deepseekv4_attnmhc,tiny_shakespeare,409600,0,2,360
44,medium,deepseekv4_attnmhc,tiny_shakespeare,409600,0,3,873
44,medium,deepseekv4_attnmhc,tiny_shakespeare,409600,0,4,395
44,medium,deepseekv4_attnmhc,tiny_shakespeare,409600,0,5,701
44,medium,deepseekv4_attnmhc,tiny_shakespeare,409600,0,6,289
44,medium,deepseekv4_attnmhc,tiny_shakespeare,409600,0,7,866
44,medium,deepseekv4_attnmhc,tiny_shakespeare,409600,1,0,385
44,medium,deepseekv4_attnmhc,tiny_shakespeare,409600,1,1,421
44,medium,deepseekv4_attnmhc,tiny_shakespeare,409600,1,2,931
44,medium,deepseekv4_attnmhc,tiny_shakespeare,409600,1,3,519
44,medium,deepseekv4_attnmhc,tiny_shakespeare,409600,1,4,679
44,medium,deepseekv4_attnmhc,tiny_shakespeare,409600,1,5,269
44,medium,deepseekv4_attnmhc,tiny_shakespeare,409600,1,6,511
44,medium,deepseekv4_attnmhc,tiny_shakespeare,409600,1,7,381
44,medium,deepseekv4_attnmhc,tiny_shakespeare,409600,2,0,499
44,medium,deepseekv4_attnmhc,tiny_shakespeare,409600,2,1,446
44,medium,deepseekv4_attnmhc,tiny_shakespeare,409600,2,2,620
44,medium,deepseekv4_attnmhc,tiny_shakespeare,409600,2,3,496
44,medium,deepseekv4_attnmhc,tiny_shakespeare,409600,2,4,515
44,medium,deepseekv4_attnmhc,tiny_shakespeare,409600,2,5,493
44,medium,deepseekv4_attnmhc,tiny_shakespeare,409600,2,6,470
44,medium,deepseekv4_attnmhc,tiny_shakespeare,409600,2,7,557
44,medium,deepseekv4_attnmhc,tiny_shakespeare,409600,3,0,347
44,medium,deepseekv4_attnmhc,tiny_shakespeare,409600,3,1,520
44,medium,deepseekv4_attnmhc,tiny_shakespeare,409600,3,2,492
44,medium,deepseekv4_attnmhc,tiny_shakespeare,409600,3,3,547
44,medium,deepseekv4_attnmhc,tiny_shakespeare,409600,3,4,528
44,medium,deepseekv4_attnmhc,tiny_shakespeare,409600,3,5,515
44,medium,deepseekv4_attnmhc,tiny_shakespeare,409600,3,6,434
44,medium,deepseekv4_attnmhc,tiny_shakespeare,409600,3,7,713
44,medium,deepseekv4_attnmhc,tiny_shakespeare,409600,4,0,534
44,medium,deepseekv4_attnmhc,tiny_shakespeare,409600,4,1,557
44,medium,deepseekv4_attnmhc,tiny_shakespeare,409600,4,2,379
44,medium,deepseekv4_attnmhc,tiny_shakespeare,409600,4,3,582
44,medium,deepseekv4_attnmhc,tiny_shakespeare,409600,4,4,588
44,medium,deepseekv4_attnmhc,tiny_shakespeare,409600,4,5,462
44,medium,deepseekv4_attnmhc,tiny_shakespeare,409600,4,6,500
44,medium,deepseekv4_attnmhc,tiny_shakespeare,409600,4,7,494
44,medium,deepseekv4_attnmhc,tiny_shakespeare,409600,5,0,505
44,medium,deepseekv4_attnmhc,tiny_shakespeare,409600,5,1,499
44,medium,deepseekv4_attnmhc,tiny_shakespeare,409600,5,2,381
44,medium,deepseekv4_attnmhc,tiny_shakespeare,409600,5,3,623
44,medium,deepseekv4_attnmhc,tiny_shakespeare,409600,5,4,490
44,medium,deepseekv4_attnmhc,tiny_shakespeare,409600,5,5,549
44,medium,deepseekv4_attnmhc,tiny_shakespeare,409600,5,6,504
44,medium,deepseekv4_attnmhc,tiny_shakespeare,409600,5,7,545
44,medium,deepseekv4_attnmhc,tiny_shakespeare,614400,0,0,362
44,medium,deepseekv4_attnmhc,tiny_shakespeare,614400,0,1,252
44,medium,deepseekv4_attnmhc,tiny_shakespeare,614400,0,2,376
44,medium,deepseekv4_attnmhc,tiny_shakespeare,614400,0,3,901
44,medium,deepseekv4_attnmhc,tiny_shakespeare,614400,0,4,419
44,medium,deepseekv4_attnmhc,tiny_shakespeare,614400,0,5,672
44,medium,deepseekv4_attnmhc,tiny_shakespeare,614400,0,6,257
44,medium,deepseekv4_attnmhc,tiny_shakespeare,614400,0,7,857
44,medium,deepseekv4_attnmhc,tiny_shakespeare,614400,1,0,363
44,medium,deepseekv4_attnmhc,tiny_shakespeare,614400,1,1,393
44,medium,deepseekv4_attnmhc,tiny_shakespeare,614400,1,2,949
44,medium,deepseekv4_attnmhc,tiny_shakespeare,614400,1,3,530
44,medium,deepseekv4_attnmhc,tiny_shakespeare,614400,1,4,631
44,medium,deepseekv4_attnmhc,tiny_shakespeare,614400,1,5,281
44,medium,deepseekv4_attnmhc,tiny_shakespeare,614400,1,6,530
44,medium,deepseekv4_attnmhc,tiny_shakespeare,614400,1,7,419
44,medium,deepseekv4_attnmhc,tiny_shakespeare,614400,2,0,583
44,medium,deepseekv4_attnmhc,tiny_shakespeare,614400,2,1,587
44,medium,deepseekv4_attnmhc,tiny_shakespeare,614400,2,2,416
44,medium,deepseekv4_attnmhc,tiny_shakespeare,614400,2,3,512
44,medium,deepseekv4_attnmhc,tiny_shakespeare,614400,2,4,463
44,medium,deepseekv4_attnmhc,tiny_shakespeare,614400,2,5,503
44,medium,deepseekv4_attnmhc,tiny_shakespeare,614400,2,6,511
44,medium,deepseekv4_attnmhc,tiny_shakespeare,614400,2,7,521
44,medium,deepseekv4_attnmhc,tiny_shakespeare,614400,3,0,659
44,medium,deepseekv4_attnmhc,tiny_shakespeare,614400,3,1,541
44,medium,deepseekv4_attnmhc,tiny_shakespeare,614400,3,2,494
44,medium,deepseekv4_attnmhc,tiny_shakespeare,614400,3,3,565
44,medium,deepseekv4_attnmhc,tiny_shakespeare,614400,3,4,466
44,medium,deepseekv4_attnmhc,tiny_shakespeare,614400,3,5,472
44,medium,deepseekv4_attnmhc,tiny_shakespeare,614400,3,6,378
44,medium,deepseekv4_attnmhc,tiny_shakespeare,614400,3,7,521
44,medium,deepseekv4_attnmhc,tiny_shakespeare,614400,4,0,381
44,medium,deepseekv4_attnmhc,tiny_shakespeare,614400,4,1,547
44,medium,deepseekv4_attnmhc,tiny_shakespeare,614400,4,2,495
44,medium,deepseekv4_attnmhc,tiny_shakespeare,614400,4,3,522
44,medium,deepseekv4_attnmhc,tiny_shakespeare,614400,4,4,537
44,medium,deepseekv4_attnmhc,tiny_shakespeare,614400,4,5,529
44,medium,deepseekv4_attnmhc,tiny_shakespeare,614400,4,6,540
44,medium,deepseekv4_attnmhc,tiny_shakespeare,614400,4,7,545
44,medium,deepseekv4_attnmhc,tiny_shakespeare,614400,5,0,509
44,medium,deepseekv4_attnmhc,tiny_shakespeare,614400,5,1,511
44,medium,deepseekv4_attnmhc,tiny_shakespeare,614400,5,2,491
44,medium,deepseekv4_attnmhc,tiny_shakespeare,614400,5,3,516
44,medium,deepseekv4_attnmhc,tiny_shakespeare,614400,5,4,465
44,medium,deepseekv4_attnmhc,tiny_shakespeare,614400,5,5,601
44,medium,deepseekv4_attnmhc,tiny_shakespeare,614400,5,6,496
44,medium,deepseekv4_attnmhc,tiny_shakespeare,614400,5,7,507
44,medium,deepseekv4_attnmhc,tiny_shakespeare,819200,0,0,366
44,medium,deepseekv4_attnmhc,tiny_shakespeare,819200,0,1,231
44,medium,deepseekv4_attnmhc,tiny_shakespeare,819200,0,2,375
44,medium,deepseekv4_attnmhc,tiny_shakespeare,819200,0,3,868
44,medium,deepseekv4_attnmhc,tiny_shakespeare,819200,0,4,435
44,medium,deepseekv4_attnmhc,tiny_shakespeare,819200,0,5,676
44,medium,deepseekv4_attnmhc,tiny_shakespeare,819200,0,6,309
44,medium,deepseekv4_attnmhc,tiny_shakespeare,819200,0,7,836
44,medium,deepseekv4_attnmhc,tiny_shakespeare,819200,1,0,360
44,medium,deepseekv4_attnmhc,tiny_shakespeare,819200,1,1,376
44,medium,deepseekv4_attnmhc,tiny_shakespeare,819200,1,2,958
44,medium,deepseekv4_attnmhc,tiny_shakespeare,819200,1,3,492
44,medium,deepseekv4_attnmhc,tiny_shakespeare,819200,1,4,625
44,medium,deepseekv4_attnmhc,tiny_shakespeare,819200,1,5,279
44,medium,deepseekv4_attnmhc,tiny_shakespeare,819200,1,6,563
44,medium,deepseekv4_attnmhc,tiny_shakespeare,819200,1,7,443
44,medium,deepseekv4_attnmhc,tiny_shakespeare,819200,2,0,526
44,medium,deepseekv4_attnmhc,tiny_shakespeare,819200,2,1,523
44,medium,deepseekv4_attnmhc,tiny_shakespeare,819200,2,2,504
44,medium,deepseekv4_attnmhc,tiny_shakespeare,819200,2,3,511
44,medium,deepseekv4_attnmhc,tiny_shakespeare,819200,2,4,537
44,medium,deepseekv4_attnmhc,tiny_shakespeare,819200,2,5,491
44,medium,deepseekv4_attnmhc,tiny_shakespeare,819200,2,6,481
44,medium,deepseekv4_attnmhc,tiny_shakespeare,819200,2,7,523
44,medium,deepseekv4_attnmhc,tiny_shakespeare,819200,3,0,509
44,medium,deepseekv4_attnmhc,tiny_shakespeare,819200,3,1,522
44,medium,deepseekv4_attnmhc,tiny_shakespeare,819200,3,2,452
44,medium,deepseekv4_attnmhc,tiny_shakespeare,819200,3,3,518
44,medium,deepseekv4_attnmhc,tiny_shakespeare,819200,3,4,491
44,medium,deepseekv4_attnmhc,tiny_shakespeare,819200,3,5,520
44,medium,deepseekv4_attnmhc,tiny_shakespeare,819200,3,6,551
44,medium,deepseekv4_attnmhc,tiny_shakespeare,819200,3,7,533
44,medium,deepseekv4_attnmhc,tiny_shakespeare,819200,4,0,518
44,medium,deepseekv4_attnmhc,tiny_shakespeare,819200,4,1,525
44,medium,deepseekv4_attnmhc,tiny_shakespeare,819200,4,2,467
44,medium,deepseekv4_attnmhc,tiny_shakespeare,819200,4,3,529
44,medium,deepseekv4_attnmhc,tiny_shakespeare,819200,4,4,511
44,medium,deepseekv4_attnmhc,tiny_shakespeare,819200,4,5,548
44,medium,deepseekv4_attnmhc,tiny_shakespeare,819200,4,6,506
44,medium,deepseekv4_attnmhc,tiny_shakespeare,819200,4,7,492
44,medium,deepseekv4_attnmhc,tiny_shakespeare,819200,5,0,598
44,medium,deepseekv4_attnmhc,tiny_shakespeare,819200,5,1,504
44,medium,deepseekv4_attnmhc,tiny_shakespeare,819200,5,2,492
44,medium,deepseekv4_attnmhc,tiny_shakespeare,819200,5,3,552
44,medium,deepseekv4_attnmhc,tiny_shakespeare,819200,5,4,487
44,medium,deepseekv4_attnmhc,tiny_shakespeare,819200,5,5,531
44,medium,deepseekv4_attnmhc,tiny_shakespeare,819200,5,6,435
44,medium,deepseekv4_attnmhc,tiny_shakespeare,819200,5,7,497
44,medium,deepseekv4_attnmhc,tiny_shakespeare,1024000,0,0,391
44,medium,deepseekv4_attnmhc,tiny_shakespeare,1024000,0,1,221
44,medium,deepseekv4_attnmhc,tiny_shakespeare,1024000,0,2,354
44,medium,deepseekv4_attnmhc,tiny_shakespeare,1024000,0,3,874
44,medium,deepseekv4_attnmhc,tiny_shakespeare,1024000,0,4,396
44,medium,deepseekv4_attnmhc,tiny_shakespeare,1024000,0,5,695
44,medium,deepseekv4_attnmhc,tiny_shakespeare,1024000,0,6,295
44,medium,deepseekv4_attnmhc,tiny_shakespeare,1024000,0,7,870
44,medium,deepseekv4_attnmhc,tiny_shakespeare,1024000,1,0,363
44,medium,deepseekv4_attnmhc,tiny_shakespeare,1024000,1,1,368
44,medium,deepseekv4_attnmhc,tiny_shakespeare,1024000,1,2,912
44,medium,deepseekv4_attnmhc,tiny_shakespeare,1024000,1,3,507
44,medium,deepseekv4_attnmhc,tiny_shakespeare,1024000,1,4,612
44,medium,deepseekv4_attnmhc,tiny_shakespeare,1024000,1,5,314
44,medium,deepseekv4_attnmhc,tiny_shakespeare,1024000,1,6,583
44,medium,deepseekv4_attnmhc,tiny_shakespeare,1024000,1,7,437
44,medium,deepseekv4_attnmhc,tiny_shakespeare,1024000,2,0,492
44,medium,deepseekv4_attnmhc,tiny_shakespeare,1024000,2,1,459
44,medium,deepseekv4_attnmhc,tiny_shakespeare,1024000,2,2,513
44,medium,deepseekv4_attnmhc,tiny_shakespeare,1024000,2,3,539
44,medium,deepseekv4_attnmhc,tiny_shakespeare,1024000,2,4,523
44,medium,deepseekv4_attnmhc,tiny_shakespeare,1024000,2,5,532
44,medium,deepseekv4_attnmhc,tiny_shakespeare,1024000,2,6,535
44,medium,deepseekv4_attnmhc,tiny_shakespeare,1024000,2,7,503
44,medium,deepseekv4_attnmhc,tiny_shakespeare,1024000,3,0,559
44,medium,deepseekv4_attnmhc,tiny_shakespeare,1024000,3,1,534
44,medium,deepseekv4_attnmhc,tiny_shakespeare,1024000,3,2,451
44,medium,deepseekv4_attnmhc,tiny_shakespeare,1024000,3,3,513
44,medium,deepseekv4_attnmhc,tiny_shakespeare,1024000,3,4,516
44,medium,deepseekv4_attnmhc,tiny_shakespeare,1024000,3,5,512
44,medium,deepseekv4_attnmhc,tiny_shakespeare,1024000,3,6,545
44,medium,deepseekv4_attnmhc,tiny_shakespeare,1024000,3,7,466
44,medium,deepseekv4_attnmhc,tiny_shakespeare,1024000,4,0,466
44,medium,deepseekv4_attnmhc,tiny_shakespeare,1024000,4,1,521
44,medium,deepseekv4_attnmhc,tiny_shakespeare,1024000,4,2,541
44,medium,deepseekv4_attnmhc,tiny_shakespeare,1024000,4,3,485
44,medium,deepseekv4_attnmhc,tiny_shakespeare,1024000,4,4,488
44,medium,deepseekv4_attnmhc,tiny_shakespeare,1024000,4,5,603
44,medium,deepseekv4_attnmhc,tiny_shakespeare,1024000,4,6,525
44,medium,deepseekv4_attnmhc,tiny_shakespeare,1024000,4,7,467
44,medium,deepseekv4_attnmhc,tiny_shakespeare,1024000,5,0,511
44,medium,deepseekv4_attnmhc,tiny_shakespeare,1024000,5,1,491
44,medium,deepseekv4_attnmhc,tiny_shakespeare,1024000,5,2,547
44,medium,deepseekv4_attnmhc,tiny_shakespeare,1024000,5,3,471
44,medium,deepseekv4_attnmhc,tiny_shakespeare,1024000,5,4,504
44,medium,deepseekv4_attnmhc,tiny_shakespeare,1024000,5,5,550
44,medium,deepseekv4_attnmhc,tiny_shakespeare,1024000,5,6,540
44,medium,deepseekv4_attnmhc,tiny_shakespeare,1024000,5,7,482
44,medium,deepseekv4_attnmhc,tiny_shakespeare,1228800,0,0,356
44,medium,deepseekv4_attnmhc,tiny_shakespeare,1228800,0,1,276
44,medium,deepseekv4_attnmhc,tiny_shakespeare,1228800,0,2,362
44,medium,deepseekv4_attnmhc,tiny_shakespeare,1228800,0,3,863
44,medium,deepseekv4_attnmhc,tiny_shakespeare,1228800,0,4,404
44,medium,deepseekv4_attnmhc,tiny_shakespeare,1228800,0,5,686
44,medium,deepseekv4_attnmhc,tiny_shakespeare,1228800,0,6,309
44,medium,deepseekv4_attnmhc,tiny_shakespeare,1228800,0,7,840
44,medium,deepseekv4_attnmhc,tiny_shakespeare,1228800,1,0,365
44,medium,deepseekv4_attnmhc,tiny_shakespeare,1228800,1,1,426
44,medium,deepseekv4_attnmhc,tiny_shakespeare,1228800,1,2,952
44,medium,deepseekv4_attnmhc,tiny_shakespeare,1228800,1,3,511
44,medium,deepseekv4_attnmhc,tiny_shakespeare,1228800,1,4,653
44,medium,deepseekv4_attnmhc,tiny_shakespeare,1228800,1,5,277
44,medium,deepseekv4_attnmhc,tiny_shakespeare,1228800,1,6,505
44,medium,deepseekv4_attnmhc,tiny_shakespeare,1228800,1,7,407
44,medium,deepseekv4_attnmhc,tiny_shakespeare,1228800,2,0,532
44,medium,deepseekv4_attnmhc,tiny_shakespeare,1228800,2,1,539
44,medium,deepseekv4_attnmhc,tiny_shakespeare,1228800,2,2,493
44,medium,deepseekv4_attnmhc,tiny_shakespeare,1228800,2,3,495
44,medium,deepseekv4_attnmhc,tiny_shakespeare,1228800,2,4,531
44,medium,deepseekv4_attnmhc,tiny_shakespeare,1228800,2,5,527
44,medium,deepseekv4_attnmhc,tiny_shakespeare,1228800,2,6,480
44,medium,deepseekv4_attnmhc,tiny_shakespeare,1228800,2,7,499
44,medium,deepseekv4_attnmhc,tiny_shakespeare,1228800,3,0,508
44,medium,deepseekv4_attnmhc,tiny_shakespeare,1228800,3,1,509
44,medium,deepseekv4_attnmhc,tiny_shakespeare,1228800,3,2,530
44,medium,deepseekv4_attnmhc,tiny_shakespeare,1228800,3,3,522
44,medium,deepseekv4_attnmhc,tiny_shakespeare,1228800,3,4,499
44,medium,deepseekv4_attnmhc,tiny_shakespeare,1228800,3,5,519
44,medium,deepseekv4_attnmhc,tiny_shakespeare,1228800,3,6,477
44,medium,deepseekv4_attnmhc,tiny_shakespeare,1228800,3,7,532
44,medium,deepseekv4_attnmhc,tiny_shakespeare,1228800,4,0,472
44,medium,deepseekv4_attnmhc,tiny_shakespeare,1228800,4,1,526
44,medium,deepseekv4_attnmhc,tiny_shakespeare,1228800,4,2,600
44,medium,deepseekv4_attnmhc,tiny_shakespeare,1228800,4,3,513
44,medium,deepseekv4_attnmhc,tiny_shakespeare,1228800,4,4,476
44,medium,deepseekv4_attnmhc,tiny_shakespeare,1228800,4,5,490
44,medium,deepseekv4_attnmhc,tiny_shakespeare,1228800,4,6,451
44,medium,deepseekv4_attnmhc,tiny_shakespeare,1228800,4,7,568
44,medium,deepseekv4_attnmhc,tiny_shakespeare,1228800,5,0,523
44,medium,deepseekv4_attnmhc,tiny_shakespeare,1228800,5,1,484
44,medium,deepseekv4_attnmhc,tiny_shakespeare,1228800,5,2,540
44,medium,deepseekv4_attnmhc,tiny_shakespeare,1228800,5,3,534
44,medium,deepseekv4_attnmhc,tiny_shakespeare,1228800,5,4,515
44,medium,deepseekv4_attnmhc,tiny_shakespeare,1228800,5,5,497
44,medium,deepseekv4_attnmhc,tiny_shakespeare,1228800,5,6,515
44,medium,deepseekv4_attnmhc,tiny_shakespeare,1228800,5,7,488
44,medium,deepseekv4_attnmhc,tiny_shakespeare,1433600,0,0,349
44,medium,deepseekv4_attnmhc,tiny_shakespeare,1433600,0,1,245
44,medium,deepseekv4_attnmhc,tiny_shakespeare,1433600,0,2,343
44,medium,deepseekv4_attnmhc,tiny_shakespeare,1433600,0,3,902
44,medium,deepseekv4_attnmhc,tiny_shakespeare,1433600,0,4,421
44,medium,deepseekv4_attnmhc,tiny_shakespeare,1433600,0,5,719
44,medium,deepseekv4_attnmhc,tiny_shakespeare,1433600,0,6,264
44,medium,deepseekv4_attnmhc,tiny_shakespeare,1433600,0,7,853
44,medium,deepseekv4_attnmhc,tiny_shakespeare,1433600,1,0,369
44,medium,deepseekv4_attnmhc,tiny_shakespeare,1433600,1,1,377
44,medium,deepseekv4_attnmhc,tiny_shakespeare,1433600,1,2,993
44,medium,deepseekv4_attnmhc,tiny_shakespeare,1433600,1,3,504
44,medium,deepseekv4_attnmhc,tiny_shakespeare,1433600,1,4,641
44,medium,deepseekv4_attnmhc,tiny_shakespeare,1433600,1,5,286
44,medium,deepseekv4_attnmhc,tiny_shakespeare,1433600,1,6,520
44,medium,deepseekv4_attnmhc,tiny_shakespeare,1433600,1,7,406
44,medium,deepseekv4_attnmhc,tiny_shakespeare,1433600,2,0,497
44,medium,deepseekv4_attnmhc,tiny_shakespeare,1433600,2,1,520
44,medium,deepseekv4_attnmhc,tiny_shakespeare,1433600,2,2,491
44,medium,deepseekv4_attnmhc,tiny_shakespeare,1433600,2,3,523
44,medium,deepseekv4_attnmhc,tiny_shakespeare,1433600,2,4,549
44,medium,deepseekv4_attnmhc,tiny_shakespeare,1433600,2,5,464
44,medium,deepseekv4_attnmhc,tiny_shakespeare,1433600,2,6,537
44,medium,deepseekv4_attnmhc,tiny_shakespeare,1433600,2,7,515
44,medium,deepseekv4_attnmhc,tiny_shakespeare,1433600,3,0,473
44,medium,deepseekv4_attnmhc,tiny_shakespeare,1433600,3,1,504
44,medium,deepseekv4_attnmhc,tiny_shakespeare,1433600,3,2,524
44,medium,deepseekv4_attnmhc,tiny_shakespeare,1433600,3,3,545
44,medium,deepseekv4_attnmhc,tiny_shakespeare,1433600,3,4,524
44,medium,deepseekv4_attnmhc,tiny_shakespeare,1433600,3,5,561
44,medium,deepseekv4_attnmhc,tiny_shakespeare,1433600,3,6,429
44,medium,deepseekv4_attnmhc,tiny_shakespeare,1433600,3,7,536
44,medium,deepseekv4_attnmhc,tiny_shakespeare,1433600,4,0,520
44,medium,deepseekv4_attnmhc,tiny_shakespeare,1433600,4,1,522
44,medium,deepseekv4_attnmhc,tiny_shakespeare,1433600,4,2,567
44,medium,deepseekv4_attnmhc,tiny_shakespeare,1433600,4,3,523
44,medium,deepseekv4_attnmhc,tiny_shakespeare,1433600,4,4,452
44,medium,deepseekv4_attnmhc,tiny_shakespeare,1433600,4,5,442
44,medium,deepseekv4_attnmhc,tiny_shakespeare,1433600,4,6,508
44,medium,deepseekv4_attnmhc,tiny_shakespeare,1433600,4,7,562
44,medium,deepseekv4_attnmhc,tiny_shakespeare,1433600,5,0,555
44,medium,deepseekv4_attnmhc,tiny_shakespeare,1433600,5,1,500
44,medium,deepseekv4_attnmhc,tiny_shakespeare,1433600,5,2,529
44,medium,deepseekv4_attnmhc,tiny_shakespeare,1433600,5,3,503
44,medium,deepseekv4_attnmhc,tiny_shakespeare,1433600,5,4,447
44,medium,deepseekv4_attnmhc,tiny_shakespeare,1433600,5,5,575
44,medium,deepseekv4_attnmhc,tiny_shakespeare,1433600,5,6,433
44,medium,deepseekv4_attnmhc,tiny_shakespeare,1433600,5,7,554
44,medium,deepseekv4_attnmhc,tiny_shakespeare,1638400,0,0,356
44,medium,deepseekv4_attnmhc,tiny_shakespeare,1638400,0,1,270
44,medium,deepseekv4_attnmhc,tiny_shakespeare,1638400,0,2,377
44,medium,deepseekv4_attnmhc,tiny_shakespeare,1638400,0,3,878
44,medium,deepseekv4_attnmhc,tiny_shakespeare,1638400,0,4,396
44,medium,deepseekv4_attnmhc,tiny_shakespeare,1638400,0,5,689
44,medium,deepseekv4_attnmhc,tiny_shakespeare,1638400,0,6,289
44,medium,deepseekv4_attnmhc,tiny_shakespeare,1638400,0,7,841
44,medium,deepseekv4_attnmhc,tiny_shakespeare,1638400,1,0,365
44,medium,deepseekv4_attnmhc,tiny_shakespeare,1638400,1,1,420
44,medium,deepseekv4_attnmhc,tiny_shakespeare,1638400,1,2,954
44,medium,deepseekv4_attnmhc,tiny_shakespeare,1638400,1,3,504
44,medium,deepseekv4_attnmhc,tiny_shakespeare,1638400,1,4,680
44,medium,deepseekv4_attnmhc,tiny_shakespeare,1638400,1,5,268
44,medium,deepseekv4_attnmhc,tiny_shakespeare,1638400,1,6,516
44,medium,deepseekv4_attnmhc,tiny_shakespeare,1638400,1,7,389
44,medium,deepseekv4_attnmhc,tiny_shakespeare,1638400,2,0,510
44,medium,deepseekv4_attnmhc,tiny_shakespeare,1638400,2,1,530
44,medium,deepseekv4_attnmhc,tiny_shakespeare,1638400,2,2,523
44,medium,deepseekv4_attnmhc,tiny_shakespeare,1638400,2,3,523
44,medium,deepseekv4_attnmhc,tiny_shakespeare,1638400,2,4,514
44,medium,deepseekv4_attnmhc,tiny_shakespeare,1638400,2,5,516
44,medium,deepseekv4_attnmhc,tiny_shakespeare,1638400,2,6,492
44,medium,deepseekv4_attnmhc,tiny_shakespeare,1638400,2,7,488
44,medium,deepseekv4_attnmhc,tiny_shakespeare,1638400,3,0,454
44,medium,deepseekv4_attnmhc,tiny_shakespeare,1638400,3,1,573
44,medium,deepseekv4_attnmhc,tiny_shakespeare,1638400,3,2,486
44,medium,deepseekv4_attnmhc,tiny_shakespeare,1638400,3,3,489
44,medium,deepseekv4_attnmhc,tiny_shakespeare,1638400,3,4,524
44,medium,deepseekv4_attnmhc,tiny_shakespeare,1638400,3,5,542
44,medium,deepseekv4_attnmhc,tiny_shakespeare,1638400,3,6,489
44,medium,deepseekv4_attnmhc,tiny_shakespeare,1638400,3,7,539
44,medium,deepseekv4_attnmhc,tiny_shakespeare,1638400,4,0,461
44,medium,deepseekv4_attnmhc,tiny_shakespeare,1638400,4,1,557
44,medium,deepseekv4_attnmhc,tiny_shakespeare,1638400,4,2,518
44,medium,deepseekv4_attnmhc,tiny_shakespeare,1638400,4,3,509
44,medium,deepseekv4_attnmhc,tiny_shakespeare,1638400,4,4,528
44,medium,deepseekv4_attnmhc,tiny_shakespeare,1638400,4,5,495
44,medium,deepseekv4_attnmhc,tiny_shakespeare,1638400,4,6,490
44,medium,deepseekv4_attnmhc,tiny_shakespeare,1638400,4,7,538
44,medium,deepseekv4_attnmhc,tiny_shakespeare,1638400,5,0,457
44,medium,deepseekv4_attnmhc,tiny_shakespeare,1638400,5,1,543
44,medium,deepseekv4_attnmhc,tiny_shakespeare,1638400,5,2,554
44,medium,deepseekv4_attnmhc,tiny_shakespeare,1638400,5,3,522
44,medium,deepseekv4_attnmhc,tiny_shakespeare,1638400,5,4,558
44,medium,deepseekv4_attnmhc,tiny_shakespeare,1638400,5,5,483
44,medium,deepseekv4_attnmhc,tiny_shakespeare,1638400,5,6,487
44,medium,deepseekv4_attnmhc,tiny_shakespeare,1638400,5,7,492
44,medium,deepseekv4_attnmhc,tiny_shakespeare,1843200,0,0,360
44,medium,deepseekv4_attnmhc,tiny_shakespeare,1843200,0,1,251
44,medium,deepseekv4_attnmhc,tiny_shakespeare,1843200,0,2,371
44,medium,deepseekv4_attnmhc,tiny_shakespeare,1843200,0,3,879
44,medium,deepseekv4_attnmhc,tiny_shakespeare,1843200,0,4,394
44,medium,deepseekv4_attnmhc,tiny_shakespeare,1843200,0,5,697
44,medium,deepseekv4_attnmhc,tiny_shakespeare,1843200,0,6,296
44,medium,deepseekv4_attnmhc,tiny_shakespeare,1843200,0,7,848
44,medium,deepseekv4_attnmhc,tiny_shakespeare,1843200,1,0,365
44,medium,deepseekv4_attnmhc,tiny_shakespeare,1843200,1,1,397
44,medium,deepseekv4_attnmhc,tiny_shakespeare,1843200,1,2,955
44,medium,deepseekv4_attnmhc,tiny_shakespeare,1843200,1,3,496
44,medium,deepseekv4_attnmhc,tiny_shakespeare,1843200,1,4,663
44,medium,deepseekv4_attnmhc,tiny_shakespeare,1843200,1,5,284
44,medium,deepseekv4_attnmhc,tiny_shakespeare,1843200,1,6,529
44,medium,deepseekv4_attnmhc,tiny_shakespeare,1843200,1,7,407
44,medium,deepseekv4_attnmhc,tiny_shakespeare,1843200,2,0,495
44,medium,deepseekv4_attnmhc,tiny_shakespeare,1843200,2,1,494
44,medium,deepseekv4_attnmhc,tiny_shakespeare,1843200,2,2,558
44,medium,deepseekv4_attnmhc,tiny_shakespeare,1843200,2,3,516
44,medium,deepseekv4_attnmhc,tiny_shakespeare,1843200,2,4,531
44,medium,deepseekv4_attnmhc,tiny_shakespeare,1843200,2,5,469
44,medium,deepseekv4_attnmhc,tiny_shakespeare,1843200,2,6,528
44,medium,deepseekv4_attnmhc,tiny_shakespeare,1843200,2,7,505
44,medium,deepseekv4_attnmhc,tiny_shakespeare,1843200,3,0,545
44,medium,deepseekv4_attnmhc,tiny_shakespeare,1843200,3,1,501
44,medium,deepseekv4_attnmhc,tiny_shakespeare,1843200,3,2,500
44,medium,deepseekv4_attnmhc,tiny_shakespeare,1843200,3,3,480
44,medium,deepseekv4_attnmhc,tiny_shakespeare,1843200,3,4,513
44,medium,deepseekv4_attnmhc,tiny_shakespeare,1843200,3,5,513
44,medium,deepseekv4_attnmhc,tiny_shakespeare,1843200,3,6,528
44,medium,deepseekv4_attnmhc,tiny_shakespeare,1843200,3,7,516
44,medium,deepseekv4_attnmhc,tiny_shakespeare,1843200,4,0,552
44,medium,deepseekv4_attnmhc,tiny_shakespeare,1843200,4,1,514
44,medium,deepseekv4_attnmhc,tiny_shakespeare,1843200,4,2,473
44,medium,deepseekv4_attnmhc,tiny_shakespeare,1843200,4,3,510
44,medium,deepseekv4_attnmhc,tiny_shakespeare,1843200,4,4,548
44,medium,deepseekv4_attnmhc,tiny_shakespeare,1843200,4,5,489
44,medium,deepseekv4_attnmhc,tiny_shakespeare,1843200,4,6,535
44,medium,deepseekv4_attnmhc,tiny_shakespeare,1843200,4,7,475
44,medium,deepseekv4_attnmhc,tiny_shakespeare,1843200,5,0,530
44,medium,deepseekv4_attnmhc,tiny_shakespeare,1843200,5,1,469
44,medium,deepseekv4_attnmhc,tiny_shakespeare,1843200,5,2,549
44,medium,deepseekv4_attnmhc,tiny_shakespeare,1843200,5,3,555
44,medium,deepseekv4_attnmhc,tiny_shakespeare,1843200,5,4,534
44,medium,deepseekv4_attnmhc,tiny_shakespeare,1843200,5,5,452
44,medium,deepseekv4_attnmhc,tiny_shakespeare,1843200,5,6,527
44,medium,deepseekv4_attnmhc,tiny_shakespeare,1843200,5,7,480
44,medium,deepseekv4_attnmhc,tiny_shakespeare,2048000,0,0,390
44,medium,deepseekv4_attnmhc,tiny_shakespeare,2048000,0,1,242
44,medium,deepseekv4_attnmhc,tiny_shakespeare,2048000,0,2,346
44,medium,deepseekv4_attnmhc,tiny_shakespeare,2048000,0,3,881
44,medium,deepseekv4_attnmhc,tiny_shakespeare,2048000,0,4,376
44,medium,deepseekv4_attnmhc,tiny_shakespeare,2048000,0,5,712
44,medium,deepseekv4_attnmhc,tiny_shakespeare,2048000,0,6,284
44,medium,deepseekv4_attnmhc,tiny_shakespeare,2048000,0,7,865
44,medium,deepseekv4_attnmhc,tiny_shakespeare,2048000,1,0,368
44,medium,deepseekv4_attnmhc,tiny_shakespeare,2048000,1,1,390
44,medium,deepseekv4_attnmhc,tiny_shakespeare,2048000,1,2,910
44,medium,deepseekv4_attnmhc,tiny_shakespeare,2048000,1,3,514
44,medium,deepseekv4_attnmhc,tiny_shakespeare,2048000,1,4,614
44,medium,deepseekv4_attnmhc,tiny_shakespeare,2048000,1,5,283
44,medium,deepseekv4_attnmhc,tiny_shakespeare,2048000,1,6,568
44,medium,deepseekv4_attnmhc,tiny_shakespeare,2048000,1,7,449
44,medium,deepseekv4_attnmhc,tiny_shakespeare,2048000,2,0,585
44,medium,deepseekv4_attnmhc,tiny_shakespeare,2048000,2,1,514
44,medium,deepseekv4_attnmhc,tiny_shakespeare,2048000,2,2,486
44,medium,deepseekv4_attnmhc,tiny_shakespeare,2048000,2,3,463
44,medium,deepseekv4_attnmhc,tiny_shakespeare,2048000,2,4,533
44,medium,deepseekv4_attnmhc,tiny_shakespeare,2048000,2,5,489
44,medium,deepseekv4_attnmhc,tiny_shakespeare,2048000,2,6,509
44,medium,deepseekv4_attnmhc,tiny_shakespeare,2048000,2,7,517
44,medium,deepseekv4_attnmhc,tiny_shakespeare,2048000,3,0,523
44,medium,deepseekv4_attnmhc,tiny_shakespeare,2048000,3,1,451
44,medium,deepseekv4_attnmhc,tiny_shakespeare,2048000,3,2,529
44,medium,deepseekv4_attnmhc,tiny_shakespeare,2048000,3,3,554
44,medium,deepseekv4_attnmhc,tiny_shakespeare,2048000,3,4,513
44,medium,deepseekv4_attnmhc,tiny_shakespeare,2048000,3,5,497
44,medium,deepseekv4_attnmhc,tiny_shakespeare,2048000,3,6,530
44,medium,deepseekv4_attnmhc,tiny_shakespeare,2048000,3,7,499
44,medium,deepseekv4_attnmhc,tiny_shakespeare,2048000,4,0,508
44,medium,deepseekv4_attnmhc,tiny_shakespeare,2048000,4,1,513
44,medium,deepseekv4_attnmhc,tiny_shakespeare,2048000,4,2,563
44,medium,deepseekv4_attnmhc,tiny_shakespeare,2048000,4,3,503
44,medium,deepseekv4_attnmhc,tiny_shakespeare,2048000,4,4,506
44,medium,deepseekv4_attnmhc,tiny_shakespeare,2048000,4,5,502
44,medium,deepseekv4_attnmhc,tiny_shakespeare,2048000,4,6,500
44,medium,deepseekv4_attnmhc,tiny_shakespeare,2048000,4,7,501
44,medium,deepseekv4_attnmhc,tiny_shakespeare,2048000,5,0,431
44,medium,deepseekv4_attnmhc,tiny_shakespeare,2048000,5,1,582
44,medium,deepseekv4_attnmhc,tiny_shakespeare,2048000,5,2,476
44,medium,deepseekv4_attnmhc,tiny_shakespeare,2048000,5,3,520
44,medium,deepseekv4_attnmhc,tiny_shakespeare,2048000,5,4,549
44,medium,deepseekv4_attnmhc,tiny_shakespeare,2048000,5,5,481
44,medium,deepseekv4_attnmhc,tiny_shakespeare,2048000,5,6,527
44,medium,deepseekv4_attnmhc,tiny_shakespeare,2048000,5,7,530
44,medium,deepseekv4_attnmhc_2h,tiny_shakespeare,2048,0,0,376
44,medium,deepseekv4_attnmhc_2h,tiny_shakespeare,2048,0,1,220
44,medium,deepseekv4_attnmhc_2h,tiny_shakespeare,2048,0,2,368
44,medium,deepseekv4_attnmhc_2h,tiny_shakespeare,2048,0,3,870
44,medium,deepseekv4_attnmhc_2h,tiny_shakespeare,2048,0,4,386
44,medium,deepseekv4_attnmhc_2h,tiny_shakespeare,2048,0,5,744
44,medium,deepseekv4_attnmhc_2h,tiny_shakespeare,2048,0,6,295
44,medium,deepseekv4_attnmhc_2h,tiny_shakespeare,2048,0,7,837
44,medium,deepseekv4_attnmhc_2h,tiny_shakespeare,2048,1,0,384
44,medium,deepseekv4_attnmhc_2h,tiny_shakespeare,2048,1,1,360
44,medium,deepseekv4_attnmhc_2h,tiny_shakespeare,2048,1,2,962
44,medium,deepseekv4_attnmhc_2h,tiny_shakespeare,2048,1,3,491
44,medium,deepseekv4_attnmhc_2h,tiny_shakespeare,2048,1,4,640
44,medium,deepseekv4_attnmhc_2h,tiny_shakespeare,2048,1,5,302
44,medium,deepseekv4_attnmhc_2h,tiny_shakespeare,2048,1,6,533
44,medium,deepseekv4_attnmhc_2h,tiny_shakespeare,2048,1,7,424
44,medium,deepseekv4_attnmhc_2h,tiny_shakespeare,2048,2,0,763
44,medium,deepseekv4_attnmhc_2h,tiny_shakespeare,2048,2,1,600
44,medium,deepseekv4_attnmhc_2h,tiny_shakespeare,2048,2,2,451
44,medium,deepseekv4_attnmhc_2h,tiny_shakespeare,2048,2,3,468
44,medium,deepseekv4_attnmhc_2h,tiny_shakespeare,2048,2,4,152
44,medium,deepseekv4_attnmhc_2h,tiny_shakespeare,2048,2,5,273
44,medium,deepseekv4_attnmhc_2h,tiny_shakespeare,2048,2,6,609
44,medium,deepseekv4_attnmhc_2h,tiny_shakespeare,2048,2,7,780
44,medium,deepseekv4_attnmhc_2h,tiny_shakespeare,2048,3,0,354
44,medium,deepseekv4_attnmhc_2h,tiny_shakespeare,2048,3,1,438
44,medium,deepseekv4_attnmhc_2h,tiny_shakespeare,2048,3,2,448
44,medium,deepseekv4_attnmhc_2h,tiny_shakespeare,2048,3,3,518
44,medium,deepseekv4_attnmhc_2h,tiny_shakespeare,2048,3,4,495
44,medium,deepseekv4_attnmhc_2h,tiny_shakespeare,2048,3,5,792
44,medium,deepseekv4_attnmhc_2h,tiny_shakespeare,2048,3,6,164
44,medium,deepseekv4_attnmhc_2h,tiny_shakespeare,2048,3,7,887
44,medium,deepseekv4_attnmhc_2h,tiny_shakespeare,2048,4,0,484
44,medium,deepseekv4_attnmhc_2h,tiny_shakespeare,2048,4,1,463
44,medium,deepseekv4_attnmhc_2h,tiny_shakespeare,2048,4,2,503
44,medium,deepseekv4_attnmhc_2h,tiny_shakespeare,2048,4,3,480
44,medium,deepseekv4_attnmhc_2h,tiny_shakespeare,2048,4,4,446
44,medium,deepseekv4_attnmhc_2h,tiny_shakespeare,2048,4,5,592
44,medium,deepseekv4_attnmhc_2h,tiny_shakespeare,2048,4,6,611
44,medium,deepseekv4_attnmhc_2h,tiny_shakespeare,2048,4,7,517
44,medium,deepseekv4_attnmhc_2h,tiny_shakespeare,2048,5,0,460
44,medium,deepseekv4_attnmhc_2h,tiny_shakespeare,2048,5,1,680
44,medium,deepseekv4_attnmhc_2h,tiny_shakespeare,2048,5,2,609
44,medium,deepseekv4_attnmhc_2h,tiny_shakespeare,2048,5,3,560
44,medium,deepseekv4_attnmhc_2h,tiny_shakespeare,2048,5,4,601
44,medium,deepseekv4_attnmhc_2h,tiny_shakespeare,2048,5,5,415
44,medium,deepseekv4_attnmhc_2h,tiny_shakespeare,2048,5,6,359
44,medium,deepseekv4_attnmhc_2h,tiny_shakespeare,2048,5,7,412
44,medium,deepseekv4_attnmhc_2h,tiny_shakespeare,204800,0,0,345
44,medium,deepseekv4_attnmhc_2h,tiny_shakespeare,204800,0,1,265
44,medium,deepseekv4_attnmhc_2h,tiny_shakespeare,204800,0,2,405
44,medium,deepseekv4_attnmhc_2h,tiny_shakespeare,204800,0,3,857
44,medium,deepseekv4_attnmhc_2h,tiny_shakespeare,204800,0,4,411
44,medium,deepseekv4_attnmhc_2h,tiny_shakespeare,204800,0,5,659
44,medium,deepseekv4_attnmhc_2h,tiny_shakespeare,204800,0,6,305
44,medium,deepseekv4_attnmhc_2h,tiny_shakespeare,204800,0,7,849
44,medium,deepseekv4_attnmhc_2h,tiny_shakespeare,204800,1,0,333
44,medium,deepseekv4_attnmhc_2h,tiny_shakespeare,204800,1,1,402
44,medium,deepseekv4_attnmhc_2h,tiny_shakespeare,204800,1,2,963
44,medium,deepseekv4_attnmhc_2h,tiny_shakespeare,204800,1,3,534
44,medium,deepseekv4_attnmhc_2h,tiny_shakespeare,204800,1,4,645
44,medium,deepseekv4_attnmhc_2h,tiny_shakespeare,204800,1,5,290
44,medium,deepseekv4_attnmhc_2h,tiny_shakespeare,204800,1,6,523
44,medium,deepseekv4_attnmhc_2h,tiny_shakespeare,204800,1,7,406
44,medium,deepseekv4_attnmhc_2h,tiny_shakespeare,204800,2,0,562
44,medium,deepseekv4_attnmhc_2h,tiny_shakespeare,204800,2,1,531
44,medium,deepseekv4_attnmhc_2h,tiny_shakespeare,204800,2,2,493
44,medium,deepseekv4_attnmhc_2h,tiny_shakespeare,204800,2,3,266
44,medium,deepseekv4_attnmhc_2h,tiny_shakespeare,204800,2,4,386
44,medium,deepseekv4_attnmhc_2h,tiny_shakespeare,204800,2,5,685
44,medium,deepseekv4_attnmhc_2h,tiny_shakespeare,204800,2,6,711
44,medium,deepseekv4_attnmhc_2h,tiny_shakespeare,204800,2,7,462
44,medium,deepseekv4_attnmhc_2h,tiny_shakespeare,204800,3,0,375
44,medium,deepseekv4_attnmhc_2h,tiny_shakespeare,204800,3,1,465
44,medium,deepseekv4_attnmhc_2h,tiny_shakespeare,204800,3,2,326
44,medium,deepseekv4_attnmhc_2h,tiny_shakespeare,204800,3,3,801
44,medium,deepseekv4_attnmhc_2h,tiny_shakespeare,204800,3,4,637
44,medium,deepseekv4_attnmhc_2h,tiny_shakespeare,204800,3,5,322
44,medium,deepseekv4_attnmhc_2h,tiny_shakespeare,204800,3,6,462
44,medium,deepseekv4_attnmhc_2h,tiny_shakespeare,204800,3,7,708
44,medium,deepseekv4_attnmhc_2h,tiny_shakespeare,204800,4,0,568
44,medium,deepseekv4_attnmhc_2h,tiny_shakespeare,204800,4,1,555
44,medium,deepseekv4_attnmhc_2h,tiny_shakespeare,204800,4,2,449
44,medium,deepseekv4_attnmhc_2h,tiny_shakespeare,204800,4,3,568
44,medium,deepseekv4_attnmhc_2h,tiny_shakespeare,204800,4,4,480
44,medium,deepseekv4_attnmhc_2h,tiny_shakespeare,204800,4,5,583
44,medium,deepseekv4_attnmhc_2h,tiny_shakespeare,204800,4,6,484
44,medium,deepseekv4_attnmhc_2h,tiny_shakespeare,204800,4,7,409
44,medium,deepseekv4_attnmhc_2h,tiny_shakespeare,204800,5,0,716
44,medium,deepseekv4_attnmhc_2h,tiny_shakespeare,204800,5,1,488
44,medium,deepseekv4_attnmhc_2h,tiny_shakespeare,204800,5,2,562
44,medium,deepseekv4_attnmhc_2h,tiny_shakespeare,204800,5,3,645
44,medium,deepseekv4_attnmhc_2h,tiny_shakespeare,204800,5,4,517
44,medium,deepseekv4_attnmhc_2h,tiny_shakespeare,204800,5,5,214
44,medium,deepseekv4_attnmhc_2h,tiny_shakespeare,204800,5,6,510
44,medium,deepseekv4_attnmhc_2h,tiny_shakespeare,204800,5,7,444
44,medium,deepseekv4_attnmhc_2h,tiny_shakespeare,409600,0,0,374
44,medium,deepseekv4_attnmhc_2h,tiny_shakespeare,409600,0,1,238
44,medium,deepseekv4_attnmhc_2h,tiny_shakespeare,409600,0,2,360
44,medium,deepseekv4_attnmhc_2h,tiny_shakespeare,409600,0,3,873
44,medium,deepseekv4_attnmhc_2h,tiny_shakespeare,409600,0,4,395
44,medium,deepseekv4_attnmhc_2h,tiny_shakespeare,409600,0,5,701
44,medium,deepseekv4_attnmhc_2h,tiny_shakespeare,409600,0,6,289
44,medium,deepseekv4_attnmhc_2h,tiny_shakespeare,409600,0,7,866
44,medium,deepseekv4_attnmhc_2h,tiny_shakespeare,409600,1,0,385
44,medium,deepseekv4_attnmhc_2h,tiny_shakespeare,409600,1,1,421
44,medium,deepseekv4_attnmhc_2h,tiny_shakespeare,409600,1,2,931
44,medium,deepseekv4_attnmhc_2h,tiny_shakespeare,409600,1,3,519
44,medium,deepseekv4_attnmhc_2h,tiny_shakespeare,409600,1,4,679
44,medium,deepseekv4_attnmhc_2h,tiny_shakespeare,409600,1,5,269
44,medium,deepseekv4_attnmhc_2h,tiny_shakespeare,409600,1,6,511
44,medium,deepseekv4_attnmhc_2h,tiny_shakespeare,409600,1,7,381
44,medium,deepseekv4_attnmhc_2h,tiny_shakespeare,409600,2,0,714
44,medium,deepseekv4_attnmhc_2h,tiny_shakespeare,409600,2,1,511
44,medium,deepseekv4_attnmhc_2h,tiny_shakespeare,409600,2,2,765
44,medium,deepseekv4_attnmhc_2h,tiny_shakespeare,409600,2,3,296
44,medium,deepseekv4_attnmhc_2h,tiny_shakespeare,409600,2,4,501
44,medium,deepseekv4_attnmhc_2h,tiny_shakespeare,409600,2,5,383
44,medium,deepseekv4_attnmhc_2h,tiny_shakespeare,409600,2,6,486
44,medium,deepseekv4_attnmhc_2h,tiny_shakespeare,409600,2,7,440
44,medium,deepseekv4_attnmhc_2h,tiny_shakespeare,409600,3,0,378
44,medium,deepseekv4_attnmhc_2h,tiny_shakespeare,409600,3,1,667
44,medium,deepseekv4_attnmhc_2h,tiny_shakespeare,409600,3,2,338
44,medium,deepseekv4_attnmhc_2h,tiny_shakespeare,409600,3,3,424
44,medium,deepseekv4_attnmhc_2h,tiny_shakespeare,409600,3,4,597
44,medium,deepseekv4_attnmhc_2h,tiny_shakespeare,409600,3,5,697
44,medium,deepseekv4_attnmhc_2h,tiny_shakespeare,409600,3,6,458
44,medium,deepseekv4_attnmhc_2h,tiny_shakespeare,409600,3,7,537
44,medium,deepseekv4_attnmhc_2h,tiny_shakespeare,409600,4,0,625
44,medium,deepseekv4_attnmhc_2h,tiny_shakespeare,409600,4,1,671
44,medium,deepseekv4_attnmhc_2h,tiny_shakespeare,409600,4,2,373
44,medium,deepseekv4_attnmhc_2h,tiny_shakespeare,409600,4,3,517
44,medium,deepseekv4_attnmhc_2h,tiny_shakespeare,409600,4,4,514
44,medium,deepseekv4_attnmhc_2h,tiny_shakespeare,409600,4,5,537
44,medium,deepseekv4_attnmhc_2h,tiny_shakespeare,409600,4,6,239
44,medium,deepseekv4_attnmhc_2h,tiny_shakespeare,409600,4,7,620
44,medium,deepseekv4_attnmhc_2h,tiny_shakespeare,409600,5,0,491
44,medium,deepseekv4_attnmhc_2h,tiny_shakespeare,409600,5,1,499
44,medium,deepseekv4_attnmhc_2h,tiny_shakespeare,409600,5,2,413
44,medium,deepseekv4_attnmhc_2h,tiny_shakespeare,409600,5,3,504
44,medium,deepseekv4_attnmhc_2h,tiny_shakespeare,409600,5,4,295
44,medium,deepseekv4_attnmhc_2h,tiny_shakespeare,409600,5,5,684
44,medium,deepseekv4_attnmhc_2h,tiny_shakespeare,409600,5,6,593
44,medium,deepseekv4_attnmhc_2h,tiny_shakespeare,409600,5,7,617
44,medium,deepseekv4_attnmhc_2h,tiny_shakespeare,614400,0,0,362
44,medium,deepseekv4_attnmhc_2h,tiny_shakespeare,614400,0,1,252
44,medium,deepseekv4_attnmhc_2h,tiny_shakespeare,614400,0,2,376
44,medium,deepseekv4_attnmhc_2h,tiny_shakespeare,614400,0,3,901
44,medium,deepseekv4_attnmhc_2h,tiny_shakespeare,614400,0,4,419
44,medium,deepseekv4_attnmhc_2h,tiny_shakespeare,614400,0,5,672
44,medium,deepseekv4_attnmhc_2h,tiny_shakespeare,614400,0,6,257
44,medium,deepseekv4_attnmhc_2h,tiny_shakespeare,614400,0,7,857
44,medium,deepseekv4_attnmhc_2h,tiny_shakespeare,614400,1,0,363
44,medium,deepseekv4_attnmhc_2h,tiny_shakespeare,614400,1,1,393
44,medium,deepseekv4_attnmhc_2h,tiny_shakespeare,614400,1,2,949
44,medium,deepseekv4_attnmhc_2h,tiny_shakespeare,614400,1,3,530
44,medium,deepseekv4_attnmhc_2h,tiny_shakespeare,614400,1,4,631
44,medium,deepseekv4_attnmhc_2h,tiny_shakespeare,614400,1,5,281
44,medium,deepseekv4_attnmhc_2h,tiny_shakespeare,614400,1,6,530
44,medium,deepseekv4_attnmhc_2h,tiny_shakespeare,614400,1,7,419
44,medium,deepseekv4_attnmhc_2h,tiny_shakespeare,614400,2,0,561
44,medium,deepseekv4_attnmhc_2h,tiny_shakespeare,614400,2,1,493
44,medium,deepseekv4_attnmhc_2h,tiny_shakespeare,614400,2,2,534
44,medium,deepseekv4_attnmhc_2h,tiny_shakespeare,614400,2,3,494
44,medium,deepseekv4_attnmhc_2h,tiny_shakespeare,614400,2,4,437
44,medium,deepseekv4_attnmhc_2h,tiny_shakespeare,614400,2,5,543
44,medium,deepseekv4_attnmhc_2h,tiny_shakespeare,614400,2,6,487
44,medium,deepseekv4_attnmhc_2h,tiny_shakespeare,614400,2,7,547
44,medium,deepseekv4_attnmhc_2h,tiny_shakespeare,614400,3,0,607
44,medium,deepseekv4_attnmhc_2h,tiny_shakespeare,614400,3,1,521
44,medium,deepseekv4_attnmhc_2h,tiny_shakespeare,614400,3,2,507
44,medium,deepseekv4_attnmhc_2h,tiny_shakespeare,614400,3,3,524
44,medium,deepseekv4_attnmhc_2h,tiny_shakespeare,614400,3,4,455
44,medium,deepseekv4_attnmhc_2h,tiny_shakespeare,614400,3,5,575
44,medium,deepseekv4_attnmhc_2h,tiny_shakespeare,614400,3,6,484
44,medium,deepseekv4_attnmhc_2h,tiny_shakespeare,614400,3,7,423
44,medium,deepseekv4_attnmhc_2h,tiny_shakespeare,614400,4,0,479
44,medium,deepseekv4_attnmhc_2h,tiny_shakespeare,614400,4,1,413
44,medium,deepseekv4_attnmhc_2h,tiny_shakespeare,614400,4,2,551
44,medium,deepseekv4_attnmhc_2h,tiny_shakespeare,614400,4,3,603
44,medium,deepseekv4_attnmhc_2h,tiny_shakespeare,614400,4,4,514
44,medium,deepseekv4_attnmhc_2h,tiny_shakespeare,614400,4,5,519
44,medium,deepseekv4_attnmhc_2h,tiny_shakespeare,614400,4,6,509
44,medium,deepseekv4_attnmhc_2h,tiny_shakespeare,614400,4,7,508
44,medium,deepseekv4_attnmhc_2h,tiny_shakespeare,614400,5,0,583
44,medium,deepseekv4_attnmhc_2h,tiny_shakespeare,614400,5,1,559
44,medium,deepseekv4_attnmhc_2h,tiny_shakespeare,614400,5,2,426
44,medium,deepseekv4_attnmhc_2h,tiny_shakespeare,614400,5,3,487
44,medium,deepseekv4_attnmhc_2h,tiny_shakespeare,614400,5,4,333
44,medium,deepseekv4_attnmhc_2h,tiny_shakespeare,614400,5,5,518
44,medium,deepseekv4_attnmhc_2h,tiny_shakespeare,614400,5,6,555
44,medium,deepseekv4_attnmhc_2h,tiny_shakespeare,614400,5,7,635
44,medium,deepseekv4_attnmhc_2h,tiny_shakespeare,819200,0,0,366
44,medium,deepseekv4_attnmhc_2h,tiny_shakespeare,819200,0,1,231
44,medium,deepseekv4_attnmhc_2h,tiny_shakespeare,819200,0,2,375
44,medium,deepseekv4_attnmhc_2h,tiny_shakespeare,819200,0,3,868
44,medium,deepseekv4_attnmhc_2h,tiny_shakespeare,819200,0,4,435
44,medium,deepseekv4_attnmhc_2h,tiny_shakespeare,819200,0,5,676
44,medium,deepseekv4_attnmhc_2h,tiny_shakespeare,819200,0,6,309
44,medium,deepseekv4_attnmhc_2h,tiny_shakespeare,819200,0,7,836
44,medium,deepseekv4_attnmhc_2h,tiny_shakespeare,819200,1,0,360
44,medium,deepseekv4_attnmhc_2h,tiny_shakespeare,819200,1,1,376
44,medium,deepseekv4_attnmhc_2h,tiny_shakespeare,819200,1,2,958
44,medium,deepseekv4_attnmhc_2h,tiny_shakespeare,819200,1,3,492
44,medium,deepseekv4_attnmhc_2h,tiny_shakespeare,819200,1,4,625
44,medium,deepseekv4_attnmhc_2h,tiny_shakespeare,819200,1,5,279
44,medium,deepseekv4_attnmhc_2h,tiny_shakespeare,819200,1,6,563
44,medium,deepseekv4_attnmhc_2h,tiny_shakespeare,819200,1,7,443
44,medium,deepseekv4_attnmhc_2h,tiny_shakespeare,819200,2,0,589
44,medium,deepseekv4_attnmhc_2h,tiny_shakespeare,819200,2,1,495
44,medium,deepseekv4_attnmhc_2h,tiny_shakespeare,819200,2,2,544
44,medium,deepseekv4_attnmhc_2h,tiny_shakespeare,819200,2,3,514
44,medium,deepseekv4_attnmhc_2h,tiny_shakespeare,819200,2,4,528
44,medium,deepseekv4_attnmhc_2h,tiny_shakespeare,819200,2,5,467
44,medium,deepseekv4_attnmhc_2h,tiny_shakespeare,819200,2,6,428
44,medium,deepseekv4_attnmhc_2h,tiny_shakespeare,819200,2,7,531
44,medium,deepseekv4_attnmhc_2h,tiny_shakespeare,819200,3,0,496
44,medium,deepseekv4_attnmhc_2h,tiny_shakespeare,819200,3,1,537
44,medium,deepseekv4_attnmhc_2h,tiny_shakespeare,819200,3,2,573
44,medium,deepseekv4_attnmhc_2h,tiny_shakespeare,819200,3,3,440
44,medium,deepseekv4_attnmhc_2h,tiny_shakespeare,819200,3,4,541
44,medium,deepseekv4_attnmhc_2h,tiny_shakespeare,819200,3,5,531
44,medium,deepseekv4_attnmhc_2h,tiny_shakespeare,819200,3,6,463
44,medium,deepseekv4_attnmhc_2h,tiny_shakespeare,819200,3,7,515
44,medium,deepseekv4_attnmhc_2h,tiny_shakespeare,819200,4,0,462
44,medium,deepseekv4_attnmhc_2h,tiny_shakespeare,819200,4,1,434
44,medium,deepseekv4_attnmhc_2h,tiny_shakespeare,819200,4,2,555
44,medium,deepseekv4_attnmhc_2h,tiny_shakespeare,819200,4,3,516
44,medium,deepseekv4_attnmhc_2h,tiny_shakespeare,819200,4,4,517
44,medium,deepseekv4_attnmhc_2h,tiny_shakespeare,819200,4,5,613
44,medium,deepseekv4_attnmhc_2h,tiny_shakespeare,819200,4,6,471
44,medium,deepseekv4_attnmhc_2h,tiny_shakespeare,819200,4,7,528
44,medium,deepseekv4_attnmhc_2h,tiny_shakespeare,819200,5,0,485
44,medium,deepseekv4_attnmhc_2h,tiny_shakespeare,819200,5,1,640
44,medium,deepseekv4_attnmhc_2h,tiny_shakespeare,819200,5,2,416
44,medium,deepseekv4_attnmhc_2h,tiny_shakespeare,819200,5,3,451
44,medium,deepseekv4_attnmhc_2h,tiny_shakespeare,819200,5,4,535
44,medium,deepseekv4_attnmhc_2h,tiny_shakespeare,819200,5,5,534
44,medium,deepseekv4_attnmhc_2h,tiny_shakespeare,819200,5,6,582
44,medium,deepseekv4_attnmhc_2h,tiny_shakespeare,819200,5,7,453
44,medium,deepseekv4_attnmhc_2h,tiny_shakespeare,1024000,0,0,391
44,medium,deepseekv4_attnmhc_2h,tiny_shakespeare,1024000,0,1,221
44,medium,deepseekv4_attnmhc_2h,tiny_shakespeare,1024000,0,2,354
44,medium,deepseekv4_attnmhc_2h,tiny_shakespeare,1024000,0,3,874
44,medium,deepseekv4_attnmhc_2h,tiny_shakespeare,1024000,0,4,396
44,medium,deepseekv4_attnmhc_2h,tiny_shakespeare,1024000,0,5,695
44,medium,deepseekv4_attnmhc_2h,tiny_shakespeare,1024000,0,6,295
44,medium,deepseekv4_attnmhc_2h,tiny_shakespeare,1024000,0,7,870
44,medium,deepseekv4_attnmhc_2h,tiny_shakespeare,1024000,1,0,363
44,medium,deepseekv4_attnmhc_2h,tiny_shakespeare,1024000,1,1,368
44,medium,deepseekv4_attnmhc_2h,tiny_shakespeare,1024000,1,2,912
44,medium,deepseekv4_attnmhc_2h,tiny_shakespeare,1024000,1,3,507
44,medium,deepseekv4_attnmhc_2h,tiny_shakespeare,1024000,1,4,612
44,medium,deepseekv4_attnmhc_2h,tiny_shakespeare,1024000,1,5,314
44,medium,deepseekv4_attnmhc_2h,tiny_shakespeare,1024000,1,6,583
44,medium,deepseekv4_attnmhc_2h,tiny_shakespeare,1024000,1,7,437
44,medium,deepseekv4_attnmhc_2h,tiny_shakespeare,1024000,2,0,571
44,medium,deepseekv4_attnmhc_2h,tiny_shakespeare,1024000,2,1,443
44,medium,deepseekv4_attnmhc_2h,tiny_shakespeare,1024000,2,2,460
44,medium,deepseekv4_attnmhc_2h,tiny_shakespeare,1024000,2,3,483
44,medium,deepseekv4_attnmhc_2h,tiny_shakespeare,1024000,2,4,566
44,medium,deepseekv4_attnmhc_2h,tiny_shakespeare,1024000,2,5,577
44,medium,deepseekv4_attnmhc_2h,tiny_shakespeare,1024000,2,6,516
44,medium,deepseekv4_attnmhc_2h,tiny_shakespeare,1024000,2,7,480
44,medium,deepseekv4_attnmhc_2h,tiny_shakespeare,1024000,3,0,590
44,medium,deepseekv4_attnmhc_2h,tiny_shakespeare,1024000,3,1,464
44,medium,deepseekv4_attnmhc_2h,tiny_shakespeare,1024000,3,2,458
44,medium,deepseekv4_attnmhc_2h,tiny_shakespeare,1024000,3,3,519
44,medium,deepseekv4_attnmhc_2h,tiny_shakespeare,1024000,3,4,509
44,medium,deepseekv4_attnmhc_2h,tiny_shakespeare,1024000,3,5,515
44,medium,deepseekv4_attnmhc_2h,tiny_shakespeare,1024000,3,6,555
44,medium,deepseekv4_attnmhc_2h,tiny_shakespeare,1024000,3,7,486
44,medium,deepseekv4_attnmhc_2h,tiny_shakespeare,1024000,4,0,409
44,medium,deepseekv4_attnmhc_2h,tiny_shakespeare,1024000,4,1,557
44,medium,deepseekv4_attnmhc_2h,tiny_shakespeare,1024000,4,2,495
44,medium,deepseekv4_attnmhc_2h,tiny_shakespeare,1024000,4,3,535
44,medium,deepseekv4_attnmhc_2h,tiny_shakespeare,1024000,4,4,528
44,medium,deepseekv4_attnmhc_2h,tiny_shakespeare,1024000,4,5,459
44,medium,deepseekv4_attnmhc_2h,tiny_shakespeare,1024000,4,6,629
44,medium,deepseekv4_attnmhc_2h,tiny_shakespeare,1024000,4,7,484
44,medium,deepseekv4_attnmhc_2h,tiny_shakespeare,1024000,5,0,597
44,medium,deepseekv4_attnmhc_2h,tiny_shakespeare,1024000,5,1,474
44,medium,deepseekv4_attnmhc_2h,tiny_shakespeare,1024000,5,2,530
44,medium,deepseekv4_attnmhc_2h,tiny_shakespeare,1024000,5,3,477
44,medium,deepseekv4_attnmhc_2h,tiny_shakespeare,1024000,5,4,509
44,medium,deepseekv4_attnmhc_2h,tiny_shakespeare,1024000,5,5,467
44,medium,deepseekv4_attnmhc_2h,tiny_shakespeare,1024000,5,6,552
44,medium,deepseekv4_attnmhc_2h,tiny_shakespeare,1024000,5,7,490
44,medium,deepseekv4_attnmhc_2h,tiny_shakespeare,1228800,0,0,356
44,medium,deepseekv4_attnmhc_2h,tiny_shakespeare,1228800,0,1,276
44,medium,deepseekv4_attnmhc_2h,tiny_shakespeare,1228800,0,2,362
44,medium,deepseekv4_attnmhc_2h,tiny_shakespeare,1228800,0,3,863
44,medium,deepseekv4_attnmhc_2h,tiny_shakespeare,1228800,0,4,404
44,medium,deepseekv4_attnmhc_2h,tiny_shakespeare,1228800,0,5,686
44,medium,deepseekv4_attnmhc_2h,tiny_shakespeare,1228800,0,6,309
44,medium,deepseekv4_attnmhc_2h,tiny_shakespeare,1228800,0,7,840
44,medium,deepseekv4_attnmhc_2h,tiny_shakespeare,1228800,1,0,365
44,medium,deepseekv4_attnmhc_2h,tiny_shakespeare,1228800,1,1,426
44,medium,deepseekv4_attnmhc_2h,tiny_shakespeare,1228800,1,2,952
44,medium,deepseekv4_attnmhc_2h,tiny_shakespeare,1228800,1,3,511
44,medium,deepseekv4_attnmhc_2h,tiny_shakespeare,1228800,1,4,653
44,medium,deepseekv4_attnmhc_2h,tiny_shakespeare,1228800,1,5,277
44,medium,deepseekv4_attnmhc_2h,tiny_shakespeare,1228800,1,6,505
44,medium,deepseekv4_attnmhc_2h,tiny_shakespeare,1228800,1,7,407
44,medium,deepseekv4_attnmhc_2h,tiny_shakespeare,1228800,2,0,513
44,medium,deepseekv4_attnmhc_2h,tiny_shakespeare,1228800,2,1,481
44,medium,deepseekv4_attnmhc_2h,tiny_shakespeare,1228800,2,2,523
44,medium,deepseekv4_attnmhc_2h,tiny_shakespeare,1228800,2,3,477
44,medium,deepseekv4_attnmhc_2h,tiny_shakespeare,1228800,2,4,505
44,medium,deepseekv4_attnmhc_2h,tiny_shakespeare,1228800,2,5,526
44,medium,deepseekv4_attnmhc_2h,tiny_shakespeare,1228800,2,6,558
44,medium,deepseekv4_attnmhc_2h,tiny_shakespeare,1228800,2,7,513
44,medium,deepseekv4_attnmhc_2h,tiny_shakespeare,1228800,3,0,497
44,medium,deepseekv4_attnmhc_2h,tiny_shakespeare,1228800,3,1,477
44,medium,deepseekv4_attnmhc_2h,tiny_shakespeare,1228800,3,2,451
44,medium,deepseekv4_attnmhc_2h,tiny_shakespeare,1228800,3,3,548
44,medium,deepseekv4_attnmhc_2h,tiny_shakespeare,1228800,3,4,543
44,medium,deepseekv4_attnmhc_2h,tiny_shakespeare,1228800,3,5,549
44,medium,deepseekv4_attnmhc_2h,tiny_shakespeare,1228800,3,6,577
44,medium,deepseekv4_attnmhc_2h,tiny_shakespeare,1228800,3,7,454
44,medium,deepseekv4_attnmhc_2h,tiny_shakespeare,1228800,4,0,553
44,medium,deepseekv4_attnmhc_2h,tiny_shakespeare,1228800,4,1,517
44,medium,deepseekv4_attnmhc_2h,tiny_shakespeare,1228800,4,2,503
44,medium,deepseekv4_attnmhc_2h,tiny_shakespeare,1228800,4,3,436
44,medium,deepseekv4_attnmhc_2h,tiny_shakespeare,1228800,4,4,534
44,medium,deepseekv4_attnmhc_2h,tiny_shakespeare,1228800,4,5,529
44,medium,deepseekv4_attnmhc_2h,tiny_shakespeare,1228800,4,6,502
44,medium,deepseekv4_attnmhc_2h,tiny_shakespeare,1228800,4,7,522
44,medium,deepseekv4_attnmhc_2h,tiny_shakespeare,1228800,5,0,491
44,medium,deepseekv4_attnmhc_2h,tiny_shakespeare,1228800,5,1,531
44,medium,deepseekv4_attnmhc_2h,tiny_shakespeare,1228800,5,2,566
44,medium,deepseekv4_attnmhc_2h,tiny_shakespeare,1228800,5,3,482
44,medium,deepseekv4_attnmhc_2h,tiny_shakespeare,1228800,5,4,497
44,medium,deepseekv4_attnmhc_2h,tiny_shakespeare,1228800,5,5,491
44,medium,deepseekv4_attnmhc_2h,tiny_shakespeare,1228800,5,6,562
44,medium,deepseekv4_attnmhc_2h,tiny_shakespeare,1228800,5,7,476
44,medium,deepseekv4_attnmhc_2h,tiny_shakespeare,1433600,0,0,349
44,medium,deepseekv4_attnmhc_2h,tiny_shakespeare,1433600,0,1,245
44,medium,deepseekv4_attnmhc_2h,tiny_shakespeare,1433600,0,2,343
44,medium,deepseekv4_attnmhc_2h,tiny_shakespeare,1433600,0,3,902
44,medium,deepseekv4_attnmhc_2h,tiny_shakespeare,1433600,0,4,421
44,medium,deepseekv4_attnmhc_2h,tiny_shakespeare,1433600,0,5,719
44,medium,deepseekv4_attnmhc_2h,tiny_shakespeare,1433600,0,6,264
44,medium,deepseekv4_attnmhc_2h,tiny_shakespeare,1433600,0,7,853
44,medium,deepseekv4_attnmhc_2h,tiny_shakespeare,1433600,1,0,369
44,medium,deepseekv4_attnmhc_2h,tiny_shakespeare,1433600,1,1,377
44,medium,deepseekv4_attnmhc_2h,tiny_shakespeare,1433600,1,2,993
44,medium,deepseekv4_attnmhc_2h,tiny_shakespeare,1433600,1,3,504
44,medium,deepseekv4_attnmhc_2h,tiny_shakespeare,1433600,1,4,641
44,medium,deepseekv4_attnmhc_2h,tiny_shakespeare,1433600,1,5,286
44,medium,deepseekv4_attnmhc_2h,tiny_shakespeare,1433600,1,6,520
44,medium,deepseekv4_attnmhc_2h,tiny_shakespeare,1433600,1,7,406
44,medium,deepseekv4_attnmhc_2h,tiny_shakespeare,1433600,2,0,465
44,medium,deepseekv4_attnmhc_2h,tiny_shakespeare,1433600,2,1,452
44,medium,deepseekv4_attnmhc_2h,tiny_shakespeare,1433600,2,2,482
44,medium,deepseekv4_attnmhc_2h,tiny_shakespeare,1433600,2,3,571
44,medium,deepseekv4_attnmhc_2h,tiny_shakespeare,1433600,2,4,483
44,medium,deepseekv4_attnmhc_2h,tiny_shakespeare,1433600,2,5,554
44,medium,deepseekv4_attnmhc_2h,tiny_shakespeare,1433600,2,6,491
44,medium,deepseekv4_attnmhc_2h,tiny_shakespeare,1433600,2,7,598
44,medium,deepseekv4_attnmhc_2h,tiny_shakespeare,1433600,3,0,490
44,medium,deepseekv4_attnmhc_2h,tiny_shakespeare,1433600,3,1,521
44,medium,deepseekv4_attnmhc_2h,tiny_shakespeare,1433600,3,2,506
44,medium,deepseekv4_attnmhc_2h,tiny_shakespeare,1433600,3,3,580
44,medium,deepseekv4_attnmhc_2h,tiny_shakespeare,1433600,3,4,455
44,medium,deepseekv4_attnmhc_2h,tiny_shakespeare,1433600,3,5,479
44,medium,deepseekv4_attnmhc_2h,tiny_shakespeare,1433600,3,6,575
44,medium,deepseekv4_attnmhc_2h,tiny_shakespeare,1433600,3,7,490
44,medium,deepseekv4_attnmhc_2h,tiny_shakespeare,1433600,4,0,489
44,medium,deepseekv4_attnmhc_2h,tiny_shakespeare,1433600,4,1,521
44,medium,deepseekv4_attnmhc_2h,tiny_shakespeare,1433600,4,2,522
44,medium,deepseekv4_attnmhc_2h,tiny_shakespeare,1433600,4,3,548
44,medium,deepseekv4_attnmhc_2h,tiny_shakespeare,1433600,4,4,552
44,medium,deepseekv4_attnmhc_2h,tiny_shakespeare,1433600,4,5,500
44,medium,deepseekv4_attnmhc_2h,tiny_shakespeare,1433600,4,6,451
44,medium,deepseekv4_attnmhc_2h,tiny_shakespeare,1433600,4,7,513
44,medium,deepseekv4_attnmhc_2h,tiny_shakespeare,1433600,5,0,483
44,medium,deepseekv4_attnmhc_2h,tiny_shakespeare,1433600,5,1,596
44,medium,deepseekv4_attnmhc_2h,tiny_shakespeare,1433600,5,2,502
44,medium,deepseekv4_attnmhc_2h,tiny_shakespeare,1433600,5,3,533
44,medium,deepseekv4_attnmhc_2h,tiny_shakespeare,1433600,5,4,481
44,medium,deepseekv4_attnmhc_2h,tiny_shakespeare,1433600,5,5,446
44,medium,deepseekv4_attnmhc_2h,tiny_shakespeare,1433600,5,6,491
44,medium,deepseekv4_attnmhc_2h,tiny_shakespeare,1433600,5,7,564
44,medium,deepseekv4_attnmhc_2h,tiny_shakespeare,1638400,0,0,356
44,medium,deepseekv4_attnmhc_2h,tiny_shakespeare,1638400,0,1,270
44,medium,deepseekv4_attnmhc_2h,tiny_shakespeare,1638400,0,2,377
44,medium,deepseekv4_attnmhc_2h,tiny_shakespeare,1638400,0,3,878
44,medium,deepseekv4_attnmhc_2h,tiny_shakespeare,1638400,0,4,396
44,medium,deepseekv4_attnmhc_2h,tiny_shakespeare,1638400,0,5,689
44,medium,deepseekv4_attnmhc_2h,tiny_shakespeare,1638400,0,6,289
44,medium,deepseekv4_attnmhc_2h,tiny_shakespeare,1638400,0,7,841
44,medium,deepseekv4_attnmhc_2h,tiny_shakespeare,1638400,1,0,365
44,medium,deepseekv4_attnmhc_2h,tiny_shakespeare,1638400,1,1,420
44,medium,deepseekv4_attnmhc_2h,tiny_shakespeare,1638400,1,2,954
44,medium,deepseekv4_attnmhc_2h,tiny_shakespeare,1638400,1,3,504
44,medium,deepseekv4_attnmhc_2h,tiny_shakespeare,1638400,1,4,680
44,medium,deepseekv4_attnmhc_2h,tiny_shakespeare,1638400,1,5,268
44,medium,deepseekv4_attnmhc_2h,tiny_shakespeare,1638400,1,6,516
44,medium,deepseekv4_attnmhc_2h,tiny_shakespeare,1638400,1,7,389
44,medium,deepseekv4_attnmhc_2h,tiny_shakespeare,1638400,2,0,557
44,medium,deepseekv4_attnmhc_2h,tiny_shakespeare,1638400,2,1,502
44,medium,deepseekv4_attnmhc_2h,tiny_shakespeare,1638400,2,2,486
44,medium,deepseekv4_attnmhc_2h,tiny_shakespeare,1638400,2,3,541
44,medium,deepseekv4_attnmhc_2h,tiny_shakespeare,1638400,2,4,511
44,medium,deepseekv4_attnmhc_2h,tiny_shakespeare,1638400,2,5,508
44,medium,deepseekv4_attnmhc_2h,tiny_shakespeare,1638400,2,6,458
44,medium,deepseekv4_attnmhc_2h,tiny_shakespeare,1638400,2,7,533
44,medium,deepseekv4_attnmhc_2h,tiny_shakespeare,1638400,3,0,422
44,medium,deepseekv4_attnmhc_2h,tiny_shakespeare,1638400,3,1,503
44,medium,deepseekv4_attnmhc_2h,tiny_shakespeare,1638400,3,2,573
44,medium,deepseekv4_attnmhc_2h,tiny_shakespeare,1638400,3,3,586
44,medium,deepseekv4_attnmhc_2h,tiny_shakespeare,1638400,3,4,521
44,medium,deepseekv4_attnmhc_2h,tiny_shakespeare,1638400,3,5,483
44,medium,deepseekv4_attnmhc_2h,tiny_shakespeare,1638400,3,6,448
44,medium,deepseekv4_attnmhc_2h,tiny_shakespeare,1638400,3,7,560
44,medium,deepseekv4_attnmhc_2h,tiny_shakespeare,1638400,4,0,494
44,medium,deepseekv4_attnmhc_2h,tiny_shakespeare,1638400,4,1,493
44,medium,deepseekv4_attnmhc_2h,tiny_shakespeare,1638400,4,2,500
44,medium,deepseekv4_attnmhc_2h,tiny_shakespeare,1638400,4,3,465
44,medium,deepseekv4_attnmhc_2h,tiny_shakespeare,1638400,4,4,523
44,medium,deepseekv4_attnmhc_2h,tiny_shakespeare,1638400,4,5,586
44,medium,deepseekv4_attnmhc_2h,tiny_shakespeare,1638400,4,6,494
44,medium,deepseekv4_attnmhc_2h,tiny_shakespeare,1638400,4,7,541
44,medium,deepseekv4_attnmhc_2h,tiny_shakespeare,1638400,5,0,430
44,medium,deepseekv4_attnmhc_2h,tiny_shakespeare,1638400,5,1,623
44,medium,deepseekv4_attnmhc_2h,tiny_shakespeare,1638400,5,2,455
44,medium,deepseekv4_attnmhc_2h,tiny_shakespeare,1638400,5,3,509
44,medium,deepseekv4_attnmhc_2h,tiny_shakespeare,1638400,5,4,412
44,medium,deepseekv4_attnmhc_2h,tiny_shakespeare,1638400,5,5,552
44,medium,deepseekv4_attnmhc_2h,tiny_shakespeare,1638400,5,6,554
44,medium,deepseekv4_attnmhc_2h,tiny_shakespeare,1638400,5,7,561
44,medium,deepseekv4_attnmhc_2h,tiny_shakespeare,1843200,0,0,360
44,medium,deepseekv4_attnmhc_2h,tiny_shakespeare,1843200,0,1,251
44,medium,deepseekv4_attnmhc_2h,tiny_shakespeare,1843200,0,2,371
44,medium,deepseekv4_attnmhc_2h,tiny_shakespeare,1843200,0,3,879
44,medium,deepseekv4_attnmhc_2h,tiny_shakespeare,1843200,0,4,394
44,medium,deepseekv4_attnmhc_2h,tiny_shakespeare,1843200,0,5,697
44,medium,deepseekv4_attnmhc_2h,tiny_shakespeare,1843200,0,6,296
44,medium,deepseekv4_attnmhc_2h,tiny_shakespeare,1843200,0,7,848
44,medium,deepseekv4_attnmhc_2h,tiny_shakespeare,1843200,1,0,365
44,medium,deepseekv4_attnmhc_2h,tiny_shakespeare,1843200,1,1,397
44,medium,deepseekv4_attnmhc_2h,tiny_shakespeare,1843200,1,2,955
44,medium,deepseekv4_attnmhc_2h,tiny_shakespeare,1843200,1,3,496
44,medium,deepseekv4_attnmhc_2h,tiny_shakespeare,1843200,1,4,663
44,medium,deepseekv4_attnmhc_2h,tiny_shakespeare,1843200,1,5,284
44,medium,deepseekv4_attnmhc_2h,tiny_shakespeare,1843200,1,6,529
44,medium,deepseekv4_attnmhc_2h,tiny_shakespeare,1843200,1,7,407
44,medium,deepseekv4_attnmhc_2h,tiny_shakespeare,1843200,2,0,509
44,medium,deepseekv4_attnmhc_2h,tiny_shakespeare,1843200,2,1,501
44,medium,deepseekv4_attnmhc_2h,tiny_shakespeare,1843200,2,2,528
44,medium,deepseekv4_attnmhc_2h,tiny_shakespeare,1843200,2,3,522
44,medium,deepseekv4_attnmhc_2h,tiny_shakespeare,1843200,2,4,521
44,medium,deepseekv4_attnmhc_2h,tiny_shakespeare,1843200,2,5,499
44,medium,deepseekv4_attnmhc_2h,tiny_shakespeare,1843200,2,6,488
44,medium,deepseekv4_attnmhc_2h,tiny_shakespeare,1843200,2,7,528
44,medium,deepseekv4_attnmhc_2h,tiny_shakespeare,1843200,3,0,559
44,medium,deepseekv4_attnmhc_2h,tiny_shakespeare,1843200,3,1,507
44,medium,deepseekv4_attnmhc_2h,tiny_shakespeare,1843200,3,2,422
44,medium,deepseekv4_attnmhc_2h,tiny_shakespeare,1843200,3,3,516
44,medium,deepseekv4_attnmhc_2h,tiny_shakespeare,1843200,3,4,462
44,medium,deepseekv4_attnmhc_2h,tiny_shakespeare,1843200,3,5,568
44,medium,deepseekv4_attnmhc_2h,tiny_shakespeare,1843200,3,6,547
44,medium,deepseekv4_attnmhc_2h,tiny_shakespeare,1843200,3,7,515
44,medium,deepseekv4_attnmhc_2h,tiny_shakespeare,1843200,4,0,447
44,medium,deepseekv4_attnmhc_2h,tiny_shakespeare,1843200,4,1,510
44,medium,deepseekv4_attnmhc_2h,tiny_shakespeare,1843200,4,2,601
44,medium,deepseekv4_attnmhc_2h,tiny_shakespeare,1843200,4,3,554
44,medium,deepseekv4_attnmhc_2h,tiny_shakespeare,1843200,4,4,438
44,medium,deepseekv4_attnmhc_2h,tiny_shakespeare,1843200,4,5,514
44,medium,deepseekv4_attnmhc_2h,tiny_shakespeare,1843200,4,6,529
44,medium,deepseekv4_attnmhc_2h,tiny_shakespeare,1843200,4,7,503
44,medium,deepseekv4_attnmhc_2h,tiny_shakespeare,1843200,5,0,557
44,medium,deepseekv4_attnmhc_2h,tiny_shakespeare,1843200,5,1,470
44,medium,deepseekv4_attnmhc_2h,tiny_shakespeare,1843200,5,2,518
44,medium,deepseekv4_attnmhc_2h,tiny_shakespeare,1843200,5,3,453
44,medium,deepseekv4_attnmhc_2h,tiny_shakespeare,1843200,5,4,514
44,medium,deepseekv4_attnmhc_2h,tiny_shakespeare,1843200,5,5,561
44,medium,deepseekv4_attnmhc_2h,tiny_shakespeare,1843200,5,6,490
44,medium,deepseekv4_attnmhc_2h,tiny_shakespeare,1843200,5,7,533
44,medium,deepseekv4_attnmhc_2h,tiny_shakespeare,2048000,0,0,390
44,medium,deepseekv4_attnmhc_2h,tiny_shakespeare,2048000,0,1,242
44,medium,deepseekv4_attnmhc_2h,tiny_shakespeare,2048000,0,2,346
44,medium,deepseekv4_attnmhc_2h,tiny_shakespeare,2048000,0,3,881
44,medium,deepseekv4_attnmhc_2h,tiny_shakespeare,2048000,0,4,376
44,medium,deepseekv4_attnmhc_2h,tiny_shakespeare,2048000,0,5,712
44,medium,deepseekv4_attnmhc_2h,tiny_shakespeare,2048000,0,6,284
44,medium,deepseekv4_attnmhc_2h,tiny_shakespeare,2048000,0,7,865
44,medium,deepseekv4_attnmhc_2h,tiny_shakespeare,2048000,1,0,368
44,medium,deepseekv4_attnmhc_2h,tiny_shakespeare,2048000,1,1,390
44,medium,deepseekv4_attnmhc_2h,tiny_shakespeare,2048000,1,2,910
44,medium,deepseekv4_attnmhc_2h,tiny_shakespeare,2048000,1,3,514
44,medium,deepseekv4_attnmhc_2h,tiny_shakespeare,2048000,1,4,614
44,medium,deepseekv4_attnmhc_2h,tiny_shakespeare,2048000,1,5,283
44,medium,deepseekv4_attnmhc_2h,tiny_shakespeare,2048000,1,6,568
44,medium,deepseekv4_attnmhc_2h,tiny_shakespeare,2048000,1,7,449
44,medium,deepseekv4_attnmhc_2h,tiny_shakespeare,2048000,2,0,538
44,medium,deepseekv4_attnmhc_2h,tiny_shakespeare,2048000,2,1,524
44,medium,deepseekv4_attnmhc_2h,tiny_shakespeare,2048000,2,2,416
44,medium,deepseekv4_attnmhc_2h,tiny_shakespeare,2048000,2,3,450
44,medium,deepseekv4_attnmhc_2h,tiny_shakespeare,2048000,2,4,480
44,medium,deepseekv4_attnmhc_2h,tiny_shakespeare,2048000,2,5,603
44,medium,deepseekv4_attnmhc_2h,tiny_shakespeare,2048000,2,6,572
44,medium,deepseekv4_attnmhc_2h,tiny_shakespeare,2048000,2,7,513
44,medium,deepseekv4_attnmhc_2h,tiny_shakespeare,2048000,3,0,530
44,medium,deepseekv4_attnmhc_2h,tiny_shakespeare,2048000,3,1,523
44,medium,deepseekv4_attnmhc_2h,tiny_shakespeare,2048000,3,2,526
44,medium,deepseekv4_attnmhc_2h,tiny_shakespeare,2048000,3,3,487
44,medium,deepseekv4_attnmhc_2h,tiny_shakespeare,2048000,3,4,562
44,medium,deepseekv4_attnmhc_2h,tiny_shakespeare,2048000,3,5,477
44,medium,deepseekv4_attnmhc_2h,tiny_shakespeare,2048000,3,6,556
44,medium,deepseekv4_attnmhc_2h,tiny_shakespeare,2048000,3,7,435
44,medium,deepseekv4_attnmhc_2h,tiny_shakespeare,2048000,4,0,556
44,medium,deepseekv4_attnmhc_2h,tiny_shakespeare,2048000,4,1,528
44,medium,deepseekv4_attnmhc_2h,tiny_shakespeare,2048000,4,2,454
44,medium,deepseekv4_attnmhc_2h,tiny_shakespeare,2048000,4,3,521
44,medium,deepseekv4_attnmhc_2h,tiny_shakespeare,2048000,4,4,512
44,medium,deepseekv4_attnmhc_2h,tiny_shakespeare,2048000,4,5,515
44,medium,deepseekv4_attnmhc_2h,tiny_shakespeare,2048000,4,6,526
44,medium,deepseekv4_attnmhc_2h,tiny_shakespeare,2048000,4,7,484
44,medium,deepseekv4_attnmhc_2h,tiny_shakespeare,2048000,5,0,475
44,medium,deepseekv4_attnmhc_2h,tiny_shakespeare,2048000,5,1,473
44,medium,deepseekv4_attnmhc_2h,tiny_shakespeare,2048000,5,2,553
44,medium,deepseekv4_attnmhc_2h,tiny_shakespeare,2048000,5,3,511
44,medium,deepseekv4_attnmhc_2h,tiny_shakespeare,2048000,5,4,547
44,medium,deepseekv4_attnmhc_2h,tiny_shakespeare,2048000,5,5,529
44,medium,deepseekv4_attnmhc_2h,tiny_shakespeare,2048000,5,6,555
44,medium,deepseekv4_attnmhc_2h,tiny_shakespeare,2048000,5,7,453
44,medium,deepseekv4_attnmhc_dnd,tiny_shakespeare,2048,0,0,376
44,medium,deepseekv4_attnmhc_dnd,tiny_shakespeare,2048,0,1,220
44,medium,deepseekv4_attnmhc_dnd,tiny_shakespeare,2048,0,2,368
44,medium,deepseekv4_attnmhc_dnd,tiny_shakespeare,2048,0,3,870
44,medium,deepseekv4_attnmhc_dnd,tiny_shakespeare,2048,0,4,386
44,medium,deepseekv4_attnmhc_dnd,tiny_shakespeare,2048,0,5,744
44,medium,deepseekv4_attnmhc_dnd,tiny_shakespeare,2048,0,6,295
44,medium,deepseekv4_attnmhc_dnd,tiny_shakespeare,2048,0,7,837
44,medium,deepseekv4_attnmhc_dnd,tiny_shakespeare,2048,1,0,384
44,medium,deepseekv4_attnmhc_dnd,tiny_shakespeare,2048,1,1,360
44,medium,deepseekv4_attnmhc_dnd,tiny_shakespeare,2048,1,2,962
44,medium,deepseekv4_attnmhc_dnd,tiny_shakespeare,2048,1,3,491
44,medium,deepseekv4_attnmhc_dnd,tiny_shakespeare,2048,1,4,640
44,medium,deepseekv4_attnmhc_dnd,tiny_shakespeare,2048,1,5,302
44,medium,deepseekv4_attnmhc_dnd,tiny_shakespeare,2048,1,6,533
44,medium,deepseekv4_attnmhc_dnd,tiny_shakespeare,2048,1,7,424
44,medium,deepseekv4_attnmhc_dnd,tiny_shakespeare,2048,2,0,708
44,medium,deepseekv4_attnmhc_dnd,tiny_shakespeare,2048,2,1,501
44,medium,deepseekv4_attnmhc_dnd,tiny_shakespeare,2048,2,2,328
44,medium,deepseekv4_attnmhc_dnd,tiny_shakespeare,2048,2,3,644
44,medium,deepseekv4_attnmhc_dnd,tiny_shakespeare,2048,2,4,194
44,medium,deepseekv4_attnmhc_dnd,tiny_shakespeare,2048,2,5,688
44,medium,deepseekv4_attnmhc_dnd,tiny_shakespeare,2048,2,6,463
44,medium,deepseekv4_attnmhc_dnd,tiny_shakespeare,2048,2,7,570
44,medium,deepseekv4_attnmhc_dnd,tiny_shakespeare,2048,3,0,232
44,medium,deepseekv4_attnmhc_dnd,tiny_shakespeare,2048,3,1,248
44,medium,deepseekv4_attnmhc_dnd,tiny_shakespeare,2048,3,2,724
44,medium,deepseekv4_attnmhc_dnd,tiny_shakespeare,2048,3,3,411
44,medium,deepseekv4_attnmhc_dnd,tiny_shakespeare,2048,3,4,1162
44,medium,deepseekv4_attnmhc_dnd,tiny_shakespeare,2048,3,5,576
44,medium,deepseekv4_attnmhc_dnd,tiny_shakespeare,2048,3,6,313
44,medium,deepseekv4_attnmhc_dnd,tiny_shakespeare,2048,3,7,430
44,medium,deepseekv4_attnmhc_dnd,tiny_shakespeare,2048,4,0,838
44,medium,deepseekv4_attnmhc_dnd,tiny_shakespeare,2048,4,1,577
44,medium,deepseekv4_attnmhc_dnd,tiny_shakespeare,2048,4,2,447
44,medium,deepseekv4_attnmhc_dnd,tiny_shakespeare,2048,4,3,581
44,medium,deepseekv4_attnmhc_dnd,tiny_shakespeare,2048,4,4,208
44,medium,deepseekv4_attnmhc_dnd,tiny_shakespeare,2048,4,5,312
44,medium,deepseekv4_attnmhc_dnd,tiny_shakespeare,2048,4,6,698
44,medium,deepseekv4_attnmhc_dnd,tiny_shakespeare,2048,4,7,435
44,medium,deepseekv4_attnmhc_dnd,tiny_shakespeare,2048,5,0,424
44,medium,deepseekv4_attnmhc_dnd,tiny_shakespeare,2048,5,1,662
44,medium,deepseekv4_attnmhc_dnd,tiny_shakespeare,2048,5,2,123
44,medium,deepseekv4_attnmhc_dnd,tiny_shakespeare,2048,5,3,463
44,medium,deepseekv4_attnmhc_dnd,tiny_shakespeare,2048,5,4,832
44,medium,deepseekv4_attnmhc_dnd,tiny_shakespeare,2048,5,5,856
44,medium,deepseekv4_attnmhc_dnd,tiny_shakespeare,2048,5,6,352
44,medium,deepseekv4_attnmhc_dnd,tiny_shakespeare,2048,5,7,384
44,medium,deepseekv4_attnmhc_dnd,tiny_shakespeare,204800,0,0,345
44,medium,deepseekv4_attnmhc_dnd,tiny_shakespeare,204800,0,1,265
44,medium,deepseekv4_attnmhc_dnd,tiny_shakespeare,204800,0,2,405
44,medium,deepseekv4_attnmhc_dnd,tiny_shakespeare,204800,0,3,857
44,medium,deepseekv4_attnmhc_dnd,tiny_shakespeare,204800,0,4,411
44,medium,deepseekv4_attnmhc_dnd,tiny_shakespeare,204800,0,5,659
44,medium,deepseekv4_attnmhc_dnd,tiny_shakespeare,204800,0,6,305
44,medium,deepseekv4_attnmhc_dnd,tiny_shakespeare,204800,0,7,849
44,medium,deepseekv4_attnmhc_dnd,tiny_shakespeare,204800,1,0,333
44,medium,deepseekv4_attnmhc_dnd,tiny_shakespeare,204800,1,1,402
44,medium,deepseekv4_attnmhc_dnd,tiny_shakespeare,204800,1,2,963
44,medium,deepseekv4_attnmhc_dnd,tiny_shakespeare,204800,1,3,534
44,medium,deepseekv4_attnmhc_dnd,tiny_shakespeare,204800,1,4,645
44,medium,deepseekv4_attnmhc_dnd,tiny_shakespeare,204800,1,5,290
44,medium,deepseekv4_attnmhc_dnd,tiny_shakespeare,204800,1,6,523
44,medium,deepseekv4_attnmhc_dnd,tiny_shakespeare,204800,1,7,406
44,medium,deepseekv4_attnmhc_dnd,tiny_shakespeare,204800,2,0,570
44,medium,deepseekv4_attnmhc_dnd,tiny_shakespeare,204800,2,1,564
44,medium,deepseekv4_attnmhc_dnd,tiny_shakespeare,204800,2,2,448
44,medium,deepseekv4_attnmhc_dnd,tiny_shakespeare,204800,2,3,460
44,medium,deepseekv4_attnmhc_dnd,tiny_shakespeare,204800,2,4,518
44,medium,deepseekv4_attnmhc_dnd,tiny_shakespeare,204800,2,5,518
44,medium,deepseekv4_attnmhc_dnd,tiny_shakespeare,204800,2,6,496
44,medium,deepseekv4_attnmhc_dnd,tiny_shakespeare,204800,2,7,522
44,medium,deepseekv4_attnmhc_dnd,tiny_shakespeare,204800,3,0,443
44,medium,deepseekv4_attnmhc_dnd,tiny_shakespeare,204800,3,1,621
44,medium,deepseekv4_attnmhc_dnd,tiny_shakespeare,204800,3,2,322
44,medium,deepseekv4_attnmhc_dnd,tiny_shakespeare,204800,3,3,417
44,medium,deepseekv4_attnmhc_dnd,tiny_shakespeare,204800,3,4,654
44,medium,deepseekv4_attnmhc_dnd,tiny_shakespeare,204800,3,5,530
44,medium,deepseekv4_attnmhc_dnd,tiny_shakespeare,204800,3,6,429
44,medium,deepseekv4_attnmhc_dnd,tiny_shakespeare,204800,3,7,680
44,medium,deepseekv4_attnmhc_dnd,tiny_shakespeare,204800,4,0,551
44,medium,deepseekv4_attnmhc_dnd,tiny_shakespeare,204800,4,1,572
44,medium,deepseekv4_attnmhc_dnd,tiny_shakespeare,204800,4,2,667
44,medium,deepseekv4_attnmhc_dnd,tiny_shakespeare,204800,4,3,552
44,medium,deepseekv4_attnmhc_dnd,tiny_shakespeare,204800,4,4,387
44,medium,deepseekv4_attnmhc_dnd,tiny_shakespeare,204800,4,5,417
44,medium,deepseekv4_attnmhc_dnd,tiny_shakespeare,204800,4,6,554
44,medium,deepseekv4_attnmhc_dnd,tiny_shakespeare,204800,4,7,396
44,medium,deepseekv4_attnmhc_dnd,tiny_shakespeare,204800,5,0,452
44,medium,deepseekv4_attnmhc_dnd,tiny_shakespeare,204800,5,1,438
44,medium,deepseekv4_attnmhc_dnd,tiny_shakespeare,204800,5,2,500
44,medium,deepseekv4_attnmhc_dnd,tiny_shakespeare,204800,5,3,317
44,medium,deepseekv4_attnmhc_dnd,tiny_shakespeare,204800,5,4,544
44,medium,deepseekv4_attnmhc_dnd,tiny_shakespeare,204800,5,5,634
44,medium,deepseekv4_attnmhc_dnd,tiny_shakespeare,204800,5,6,501
44,medium,deepseekv4_attnmhc_dnd,tiny_shakespeare,204800,5,7,710
44,medium,deepseekv4_attnmhc_dnd,tiny_shakespeare,409600,0,0,374
44,medium,deepseekv4_attnmhc_dnd,tiny_shakespeare,409600,0,1,238
44,medium,deepseekv4_attnmhc_dnd,tiny_shakespeare,409600,0,2,360
44,medium,deepseekv4_attnmhc_dnd,tiny_shakespeare,409600,0,3,873
44,medium,deepseekv4_attnmhc_dnd,tiny_shakespeare,409600,0,4,395
44,medium,deepseekv4_attnmhc_dnd,tiny_shakespeare,409600,0,5,701
44,medium,deepseekv4_attnmhc_dnd,tiny_shakespeare,409600,0,6,289
44,medium,deepseekv4_attnmhc_dnd,tiny_shakespeare,409600,0,7,866
44,medium,deepseekv4_attnmhc_dnd,tiny_shakespeare,409600,1,0,385
44,medium,deepseekv4_attnmhc_dnd,tiny_shakespeare,409600,1,1,421
44,medium,deepseekv4_attnmhc_dnd,tiny_shakespeare,409600,1,2,931
44,medium,deepseekv4_attnmhc_dnd,tiny_shakespeare,409600,1,3,519
44,medium,deepseekv4_attnmhc_dnd,tiny_shakespeare,409600,1,4,679
44,medium,deepseekv4_attnmhc_dnd,tiny_shakespeare,409600,1,5,269
44,medium,deepseekv4_attnmhc_dnd,tiny_shakespeare,409600,1,6,511
44,medium,deepseekv4_attnmhc_dnd,tiny_shakespeare,409600,1,7,381
44,medium,deepseekv4_attnmhc_dnd,tiny_shakespeare,409600,2,0,499
44,medium,deepseekv4_attnmhc_dnd,tiny_shakespeare,409600,2,1,530
44,medium,deepseekv4_attnmhc_dnd,tiny_shakespeare,409600,2,2,484
44,medium,deepseekv4_attnmhc_dnd,tiny_shakespeare,409600,2,3,537
44,medium,deepseekv4_attnmhc_dnd,tiny_shakespeare,409600,2,4,523
44,medium,deepseekv4_attnmhc_dnd,tiny_shakespeare,409600,2,5,508
44,medium,deepseekv4_attnmhc_dnd,tiny_shakespeare,409600,2,6,500
44,medium,deepseekv4_attnmhc_dnd,tiny_shakespeare,409600,2,7,515
44,medium,deepseekv4_attnmhc_dnd,tiny_shakespeare,409600,3,0,536
44,medium,deepseekv4_attnmhc_dnd,tiny_shakespeare,409600,3,1,453
44,medium,deepseekv4_attnmhc_dnd,tiny_shakespeare,409600,3,2,526
44,medium,deepseekv4_attnmhc_dnd,tiny_shakespeare,409600,3,3,493
44,medium,deepseekv4_attnmhc_dnd,tiny_shakespeare,409600,3,4,541
44,medium,deepseekv4_attnmhc_dnd,tiny_shakespeare,409600,3,5,451
44,medium,deepseekv4_attnmhc_dnd,tiny_shakespeare,409600,3,6,454
44,medium,deepseekv4_attnmhc_dnd,tiny_shakespeare,409600,3,7,642
44,medium,deepseekv4_attnmhc_dnd,tiny_shakespeare,409600,4,0,605
44,medium,deepseekv4_attnmhc_dnd,tiny_shakespeare,409600,4,1,542
44,medium,deepseekv4_attnmhc_dnd,tiny_shakespeare,409600,4,2,510
44,medium,deepseekv4_attnmhc_dnd,tiny_shakespeare,409600,4,3,453
44,medium,deepseekv4_attnmhc_dnd,tiny_shakespeare,409600,4,4,563
44,medium,deepseekv4_attnmhc_dnd,tiny_shakespeare,409600,4,5,409
44,medium,deepseekv4_attnmhc_dnd,tiny_shakespeare,409600,4,6,483
44,medium,deepseekv4_attnmhc_dnd,tiny_shakespeare,409600,4,7,531
44,medium,deepseekv4_attnmhc_dnd,tiny_shakespeare,409600,5,0,346
44,medium,deepseekv4_attnmhc_dnd,tiny_shakespeare,409600,5,1,427
44,medium,deepseekv4_attnmhc_dnd,tiny_shakespeare,409600,5,2,494
44,medium,deepseekv4_attnmhc_dnd,tiny_shakespeare,409600,5,3,667
44,medium,deepseekv4_attnmhc_dnd,tiny_shakespeare,409600,5,4,749
44,medium,deepseekv4_attnmhc_dnd,tiny_shakespeare,409600,5,5,453
44,medium,deepseekv4_attnmhc_dnd,tiny_shakespeare,409600,5,6,485
44,medium,deepseekv4_attnmhc_dnd,tiny_shakespeare,409600,5,7,475
44,medium,deepseekv4_attnmhc_dnd,tiny_shakespeare,614400,0,0,362
44,medium,deepseekv4_attnmhc_dnd,tiny_shakespeare,614400,0,1,252
44,medium,deepseekv4_attnmhc_dnd,tiny_shakespeare,614400,0,2,376
44,medium,deepseekv4_attnmhc_dnd,tiny_shakespeare,614400,0,3,901
44,medium,deepseekv4_attnmhc_dnd,tiny_shakespeare,614400,0,4,419
44,medium,deepseekv4_attnmhc_dnd,tiny_shakespeare,614400,0,5,672
44,medium,deepseekv4_attnmhc_dnd,tiny_shakespeare,614400,0,6,257
44,medium,deepseekv4_attnmhc_dnd,tiny_shakespeare,614400,0,7,857
44,medium,deepseekv4_attnmhc_dnd,tiny_shakespeare,614400,1,0,363
44,medium,deepseekv4_attnmhc_dnd,tiny_shakespeare,614400,1,1,393
44,medium,deepseekv4_attnmhc_dnd,tiny_shakespeare,614400,1,2,949
44,medium,deepseekv4_attnmhc_dnd,tiny_shakespeare,614400,1,3,530
44,medium,deepseekv4_attnmhc_dnd,tiny_shakespeare,614400,1,4,631
44,medium,deepseekv4_attnmhc_dnd,tiny_shakespeare,614400,1,5,281
44,medium,deepseekv4_attnmhc_dnd,tiny_shakespeare,614400,1,6,530
44,medium,deepseekv4_attnmhc_dnd,tiny_shakespeare,614400,1,7,419
44,medium,deepseekv4_attnmhc_dnd,tiny_shakespeare,614400,2,0,491
44,medium,deepseekv4_attnmhc_dnd,tiny_shakespeare,614400,2,1,547
44,medium,deepseekv4_attnmhc_dnd,tiny_shakespeare,614400,2,2,539
44,medium,deepseekv4_attnmhc_dnd,tiny_shakespeare,614400,2,3,493
44,medium,deepseekv4_attnmhc_dnd,tiny_shakespeare,614400,2,4,464
44,medium,deepseekv4_attnmhc_dnd,tiny_shakespeare,614400,2,5,542
44,medium,deepseekv4_attnmhc_dnd,tiny_shakespeare,614400,2,6,517
44,medium,deepseekv4_attnmhc_dnd,tiny_shakespeare,614400,2,7,503
44,medium,deepseekv4_attnmhc_dnd,tiny_shakespeare,614400,3,0,528
44,medium,deepseekv4_attnmhc_dnd,tiny_shakespeare,614400,3,1,460
44,medium,deepseekv4_attnmhc_dnd,tiny_shakespeare,614400,3,2,523
44,medium,deepseekv4_attnmhc_dnd,tiny_shakespeare,614400,3,3,559
44,medium,deepseekv4_attnmhc_dnd,tiny_shakespeare,614400,3,4,537
44,medium,deepseekv4_attnmhc_dnd,tiny_shakespeare,614400,3,5,582
44,medium,deepseekv4_attnmhc_dnd,tiny_shakespeare,614400,3,6,446
44,medium,deepseekv4_attnmhc_dnd,tiny_shakespeare,614400,3,7,461
44,medium,deepseekv4_attnmhc_dnd,tiny_shakespeare,614400,4,0,592
44,medium,deepseekv4_attnmhc_dnd,tiny_shakespeare,614400,4,1,529
44,medium,deepseekv4_attnmhc_dnd,tiny_shakespeare,614400,4,2,534
44,medium,deepseekv4_attnmhc_dnd,tiny_shakespeare,614400,4,3,414
44,medium,deepseekv4_attnmhc_dnd,tiny_shakespeare,614400,4,4,491
44,medium,deepseekv4_attnmhc_dnd,tiny_shakespeare,614400,4,5,529
44,medium,deepseekv4_attnmhc_dnd,tiny_shakespeare,614400,4,6,538
44,medium,deepseekv4_attnmhc_dnd,tiny_shakespeare,614400,4,7,469
44,medium,deepseekv4_attnmhc_dnd,tiny_shakespeare,614400,5,0,400
44,medium,deepseekv4_attnmhc_dnd,tiny_shakespeare,614400,5,1,611
44,medium,deepseekv4_attnmhc_dnd,tiny_shakespeare,614400,5,2,540
44,medium,deepseekv4_attnmhc_dnd,tiny_shakespeare,614400,5,3,453
44,medium,deepseekv4_attnmhc_dnd,tiny_shakespeare,614400,5,4,719
44,medium,deepseekv4_attnmhc_dnd,tiny_shakespeare,614400,5,5,455
44,medium,deepseekv4_attnmhc_dnd,tiny_shakespeare,614400,5,6,476
44,medium,deepseekv4_attnmhc_dnd,tiny_shakespeare,614400,5,7,442
44,medium,deepseekv4_attnmhc_dnd,tiny_shakespeare,819200,0,0,366
44,medium,deepseekv4_attnmhc_dnd,tiny_shakespeare,819200,0,1,231
44,medium,deepseekv4_attnmhc_dnd,tiny_shakespeare,819200,0,2,375
44,medium,deepseekv4_attnmhc_dnd,tiny_shakespeare,819200,0,3,868
44,medium,deepseekv4_attnmhc_dnd,tiny_shakespeare,819200,0,4,435
44,medium,deepseekv4_attnmhc_dnd,tiny_shakespeare,819200,0,5,676
44,medium,deepseekv4_attnmhc_dnd,tiny_shakespeare,819200,0,6,309
44,medium,deepseekv4_attnmhc_dnd,tiny_shakespeare,819200,0,7,836
44,medium,deepseekv4_attnmhc_dnd,tiny_shakespeare,819200,1,0,360
44,medium,deepseekv4_attnmhc_dnd,tiny_shakespeare,819200,1,1,376
44,medium,deepseekv4_attnmhc_dnd,tiny_shakespeare,819200,1,2,958
44,medium,deepseekv4_attnmhc_dnd,tiny_shakespeare,819200,1,3,492
44,medium,deepseekv4_attnmhc_dnd,tiny_shakespeare,819200,1,4,625
44,medium,deepseekv4_attnmhc_dnd,tiny_shakespeare,819200,1,5,279
44,medium,deepseekv4_attnmhc_dnd,tiny_shakespeare,819200,1,6,563
44,medium,deepseekv4_attnmhc_dnd,tiny_shakespeare,819200,1,7,443
44,medium,deepseekv4_attnmhc_dnd,tiny_shakespeare,819200,2,0,533
44,medium,deepseekv4_attnmhc_dnd,tiny_shakespeare,819200,2,1,478
44,medium,deepseekv4_attnmhc_dnd,tiny_shakespeare,819200,2,2,487
44,medium,deepseekv4_attnmhc_dnd,tiny_shakespeare,819200,2,3,516
44,medium,deepseekv4_attnmhc_dnd,tiny_shakespeare,819200,2,4,519
44,medium,deepseekv4_attnmhc_dnd,tiny_shakespeare,819200,2,5,476
44,medium,deepseekv4_attnmhc_dnd,tiny_shakespeare,819200,2,6,520
44,medium,deepseekv4_attnmhc_dnd,tiny_shakespeare,819200,2,7,567
44,medium,deepseekv4_attnmhc_dnd,tiny_shakespeare,819200,3,0,543
44,medium,deepseekv4_attnmhc_dnd,tiny_shakespeare,819200,3,1,488
44,medium,deepseekv4_attnmhc_dnd,tiny_shakespeare,819200,3,2,525
44,medium,deepseekv4_attnmhc_dnd,tiny_shakespeare,819200,3,3,521
44,medium,deepseekv4_attnmhc_dnd,tiny_shakespeare,819200,3,4,525
44,medium,deepseekv4_attnmhc_dnd,tiny_shakespeare,819200,3,5,511
44,medium,deepseekv4_attnmhc_dnd,tiny_shakespeare,819200,3,6,468
44,medium,deepseekv4_attnmhc_dnd,tiny_shakespeare,819200,3,7,515
44,medium,deepseekv4_attnmhc_dnd,tiny_shakespeare,819200,4,0,545
44,medium,deepseekv4_attnmhc_dnd,tiny_shakespeare,819200,4,1,502
44,medium,deepseekv4_attnmhc_dnd,tiny_shakespeare,819200,4,2,505
44,medium,deepseekv4_attnmhc_dnd,tiny_shakespeare,819200,4,3,555
44,medium,deepseekv4_attnmhc_dnd,tiny_shakespeare,819200,4,4,524
44,medium,deepseekv4_attnmhc_dnd,tiny_shakespeare,819200,4,5,433
44,medium,deepseekv4_attnmhc_dnd,tiny_shakespeare,819200,4,6,527
44,medium,deepseekv4_attnmhc_dnd,tiny_shakespeare,819200,4,7,505
44,medium,deepseekv4_attnmhc_dnd,tiny_shakespeare,819200,5,0,460
44,medium,deepseekv4_attnmhc_dnd,tiny_shakespeare,819200,5,1,551
44,medium,deepseekv4_attnmhc_dnd,tiny_shakespeare,819200,5,2,479
44,medium,deepseekv4_attnmhc_dnd,tiny_shakespeare,819200,5,3,544
44,medium,deepseekv4_attnmhc_dnd,tiny_shakespeare,819200,5,4,674
44,medium,deepseekv4_attnmhc_dnd,tiny_shakespeare,819200,5,5,559
44,medium,deepseekv4_attnmhc_dnd,tiny_shakespeare,819200,5,6,503
44,medium,deepseekv4_attnmhc_dnd,tiny_shakespeare,819200,5,7,326
44,medium,deepseekv4_attnmhc_dnd,tiny_shakespeare,1024000,0,0,391
44,medium,deepseekv4_attnmhc_dnd,tiny_shakespeare,1024000,0,1,221
44,medium,deepseekv4_attnmhc_dnd,tiny_shakespeare,1024000,0,2,354
44,medium,deepseekv4_attnmhc_dnd,tiny_shakespeare,1024000,0,3,874
44,medium,deepseekv4_attnmhc_dnd,tiny_shakespeare,1024000,0,4,396
44,medium,deepseekv4_attnmhc_dnd,tiny_shakespeare,1024000,0,5,695
44,medium,deepseekv4_attnmhc_dnd,tiny_shakespeare,1024000,0,6,295
44,medium,deepseekv4_attnmhc_dnd,tiny_shakespeare,1024000,0,7,870
44,medium,deepseekv4_attnmhc_dnd,tiny_shakespeare,1024000,1,0,363
44,medium,deepseekv4_attnmhc_dnd,tiny_shakespeare,1024000,1,1,368
44,medium,deepseekv4_attnmhc_dnd,tiny_shakespeare,1024000,1,2,912
44,medium,deepseekv4_attnmhc_dnd,tiny_shakespeare,1024000,1,3,507
44,medium,deepseekv4_attnmhc_dnd,tiny_shakespeare,1024000,1,4,612
44,medium,deepseekv4_attnmhc_dnd,tiny_shakespeare,1024000,1,5,314
44,medium,deepseekv4_attnmhc_dnd,tiny_shakespeare,1024000,1,6,583
44,medium,deepseekv4_attnmhc_dnd,tiny_shakespeare,1024000,1,7,437
44,medium,deepseekv4_attnmhc_dnd,tiny_shakespeare,1024000,2,0,492
44,medium,deepseekv4_attnmhc_dnd,tiny_shakespeare,1024000,2,1,489
44,medium,deepseekv4_attnmhc_dnd,tiny_shakespeare,1024000,2,2,536
44,medium,deepseekv4_attnmhc_dnd,tiny_shakespeare,1024000,2,3,485
44,medium,deepseekv4_attnmhc_dnd,tiny_shakespeare,1024000,2,4,567
44,medium,deepseekv4_attnmhc_dnd,tiny_shakespeare,1024000,2,5,525
44,medium,deepseekv4_attnmhc_dnd,tiny_shakespeare,1024000,2,6,516
44,medium,deepseekv4_attnmhc_dnd,tiny_shakespeare,1024000,2,7,486
44,medium,deepseekv4_attnmhc_dnd,tiny_shakespeare,1024000,3,0,505
44,medium,deepseekv4_attnmhc_dnd,tiny_shakespeare,1024000,3,1,524
44,medium,deepseekv4_attnmhc_dnd,tiny_shakespeare,1024000,3,2,504
44,medium,deepseekv4_attnmhc_dnd,tiny_shakespeare,1024000,3,3,512
44,medium,deepseekv4_attnmhc_dnd,tiny_shakespeare,1024000,3,4,507
44,medium,deepseekv4_attnmhc_dnd,tiny_shakespeare,1024000,3,5,555
44,medium,deepseekv4_attnmhc_dnd,tiny_shakespeare,1024000,3,6,490
44,medium,deepseekv4_attnmhc_dnd,tiny_shakespeare,1024000,3,7,499
44,medium,deepseekv4_attnmhc_dnd,tiny_shakespeare,1024000,4,0,483
44,medium,deepseekv4_attnmhc_dnd,tiny_shakespeare,1024000,4,1,502
44,medium,deepseekv4_attnmhc_dnd,tiny_shakespeare,1024000,4,2,500
44,medium,deepseekv4_attnmhc_dnd,tiny_shakespeare,1024000,4,3,464
44,medium,deepseekv4_attnmhc_dnd,tiny_shakespeare,1024000,4,4,619
44,medium,deepseekv4_attnmhc_dnd,tiny_shakespeare,1024000,4,5,568
44,medium,deepseekv4_attnmhc_dnd,tiny_shakespeare,1024000,4,6,473
44,medium,deepseekv4_attnmhc_dnd,tiny_shakespeare,1024000,4,7,487
44,medium,deepseekv4_attnmhc_dnd,tiny_shakespeare,1024000,5,0,583
44,medium,deepseekv4_attnmhc_dnd,tiny_shakespeare,1024000,5,1,491
44,medium,deepseekv4_attnmhc_dnd,tiny_shakespeare,1024000,5,2,482
44,medium,deepseekv4_attnmhc_dnd,tiny_shakespeare,1024000,5,3,524
44,medium,deepseekv4_attnmhc_dnd,tiny_shakespeare,1024000,5,4,473
44,medium,deepseekv4_attnmhc_dnd,tiny_shakespeare,1024000,5,5,511
44,medium,deepseekv4_attnmhc_dnd,tiny_shakespeare,1024000,5,6,501
44,medium,deepseekv4_attnmhc_dnd,tiny_shakespeare,1024000,5,7,531
44,medium,deepseekv4_attnmhc_dnd,tiny_shakespeare,1228800,0,0,356
44,medium,deepseekv4_attnmhc_dnd,tiny_shakespeare,1228800,0,1,276
44,medium,deepseekv4_attnmhc_dnd,tiny_shakespeare,1228800,0,2,362
44,medium,deepseekv4_attnmhc_dnd,tiny_shakespeare,1228800,0,3,863
44,medium,deepseekv4_attnmhc_dnd,tiny_shakespeare,1228800,0,4,404
44,medium,deepseekv4_attnmhc_dnd,tiny_shakespeare,1228800,0,5,686
44,medium,deepseekv4_attnmhc_dnd,tiny_shakespeare,1228800,0,6,309
44,medium,deepseekv4_attnmhc_dnd,tiny_shakespeare,1228800,0,7,840
44,medium,deepseekv4_attnmhc_dnd,tiny_shakespeare,1228800,1,0,365
44,medium,deepseekv4_attnmhc_dnd,tiny_shakespeare,1228800,1,1,426
44,medium,deepseekv4_attnmhc_dnd,tiny_shakespeare,1228800,1,2,952
44,medium,deepseekv4_attnmhc_dnd,tiny_shakespeare,1228800,1,3,511
44,medium,deepseekv4_attnmhc_dnd,tiny_shakespeare,1228800,1,4,653
44,medium,deepseekv4_attnmhc_dnd,tiny_shakespeare,1228800,1,5,277
44,medium,deepseekv4_attnmhc_dnd,tiny_shakespeare,1228800,1,6,505
44,medium,deepseekv4_attnmhc_dnd,tiny_shakespeare,1228800,1,7,407
44,medium,deepseekv4_attnmhc_dnd,tiny_shakespeare,1228800,2,0,553
44,medium,deepseekv4_attnmhc_dnd,tiny_shakespeare,1228800,2,1,496
44,medium,deepseekv4_attnmhc_dnd,tiny_shakespeare,1228800,2,2,503
44,medium,deepseekv4_attnmhc_dnd,tiny_shakespeare,1228800,2,3,538
44,medium,deepseekv4_attnmhc_dnd,tiny_shakespeare,1228800,2,4,536
44,medium,deepseekv4_attnmhc_dnd,tiny_shakespeare,1228800,2,5,492
44,medium,deepseekv4_attnmhc_dnd,tiny_shakespeare,1228800,2,6,533
44,medium,deepseekv4_attnmhc_dnd,tiny_shakespeare,1228800,2,7,445
44,medium,deepseekv4_attnmhc_dnd,tiny_shakespeare,1228800,3,0,467
44,medium,deepseekv4_attnmhc_dnd,tiny_shakespeare,1228800,3,1,492
44,medium,deepseekv4_attnmhc_dnd,tiny_shakespeare,1228800,3,2,530
44,medium,deepseekv4_attnmhc_dnd,tiny_shakespeare,1228800,3,3,509
44,medium,deepseekv4_attnmhc_dnd,tiny_shakespeare,1228800,3,4,543
44,medium,deepseekv4_attnmhc_dnd,tiny_shakespeare,1228800,3,5,483
44,medium,deepseekv4_attnmhc_dnd,tiny_shakespeare,1228800,3,6,591
44,medium,deepseekv4_attnmhc_dnd,tiny_shakespeare,1228800,3,7,481
44,medium,deepseekv4_attnmhc_dnd,tiny_shakespeare,1228800,4,0,488
44,medium,deepseekv4_attnmhc_dnd,tiny_shakespeare,1228800,4,1,483
44,medium,deepseekv4_attnmhc_dnd,tiny_shakespeare,1228800,4,2,490
44,medium,deepseekv4_attnmhc_dnd,tiny_shakespeare,1228800,4,3,576
44,medium,deepseekv4_attnmhc_dnd,tiny_shakespeare,1228800,4,4,520
44,medium,deepseekv4_attnmhc_dnd,tiny_shakespeare,1228800,4,5,518
44,medium,deepseekv4_attnmhc_dnd,tiny_shakespeare,1228800,4,6,501
44,medium,deepseekv4_attnmhc_dnd,tiny_shakespeare,1228800,4,7,520
44,medium,deepseekv4_attnmhc_dnd,tiny_shakespeare,1228800,5,0,499
44,medium,deepseekv4_attnmhc_dnd,tiny_shakespeare,1228800,5,1,502
44,medium,deepseekv4_attnmhc_dnd,tiny_shakespeare,1228800,5,2,469
44,medium,deepseekv4_attnmhc_dnd,tiny_shakespeare,1228800,5,3,545
44,medium,deepseekv4_attnmhc_dnd,tiny_shakespeare,1228800,5,4,529
44,medium,deepseekv4_attnmhc_dnd,tiny_shakespeare,1228800,5,5,497
44,medium,deepseekv4_attnmhc_dnd,tiny_shakespeare,1228800,5,6,496
44,medium,deepseekv4_attnmhc_dnd,tiny_shakespeare,1228800,5,7,559
44,medium,deepseekv4_attnmhc_dnd,tiny_shakespeare,1433600,0,0,349
44,medium,deepseekv4_attnmhc_dnd,tiny_shakespeare,1433600,0,1,245
44,medium,deepseekv4_attnmhc_dnd,tiny_shakespeare,1433600,0,2,343
44,medium,deepseekv4_attnmhc_dnd,tiny_shakespeare,1433600,0,3,902
44,medium,deepseekv4_attnmhc_dnd,tiny_shakespeare,1433600,0,4,421
44,medium,deepseekv4_attnmhc_dnd,tiny_shakespeare,1433600,0,5,719
44,medium,deepseekv4_attnmhc_dnd,tiny_shakespeare,1433600,0,6,264
44,medium,deepseekv4_attnmhc_dnd,tiny_shakespeare,1433600,0,7,853
44,medium,deepseekv4_attnmhc_dnd,tiny_shakespeare,1433600,1,0,369
44,medium,deepseekv4_attnmhc_dnd,tiny_shakespeare,1433600,1,1,377
44,medium,deepseekv4_attnmhc_dnd,tiny_shakespeare,1433600,1,2,993
44,medium,deepseekv4_attnmhc_dnd,tiny_shakespeare,1433600,1,3,504
44,medium,deepseekv4_attnmhc_dnd,tiny_shakespeare,1433600,1,4,641
44,medium,deepseekv4_attnmhc_dnd,tiny_shakespeare,1433600,1,5,286
44,medium,deepseekv4_attnmhc_dnd,tiny_shakespeare,1433600,1,6,520
44,medium,deepseekv4_attnmhc_dnd,tiny_shakespeare,1433600,1,7,406
44,medium,deepseekv4_attnmhc_dnd,tiny_shakespeare,1433600,2,0,496
44,medium,deepseekv4_attnmhc_dnd,tiny_shakespeare,1433600,2,1,524
44,medium,deepseekv4_attnmhc_dnd,tiny_shakespeare,1433600,2,2,522
44,medium,deepseekv4_attnmhc_dnd,tiny_shakespeare,1433600,2,3,497
44,medium,deepseekv4_attnmhc_dnd,tiny_shakespeare,1433600,2,4,529
44,medium,deepseekv4_attnmhc_dnd,tiny_shakespeare,1433600,2,5,511
44,medium,deepseekv4_attnmhc_dnd,tiny_shakespeare,1433600,2,6,513
44,medium,deepseekv4_attnmhc_dnd,tiny_shakespeare,1433600,2,7,504
44,medium,deepseekv4_attnmhc_dnd,tiny_shakespeare,1433600,3,0,523
44,medium,deepseekv4_attnmhc_dnd,tiny_shakespeare,1433600,3,1,533
44,medium,deepseekv4_attnmhc_dnd,tiny_shakespeare,1433600,3,2,482
44,medium,deepseekv4_attnmhc_dnd,tiny_shakespeare,1433600,3,3,498
44,medium,deepseekv4_attnmhc_dnd,tiny_shakespeare,1433600,3,4,507
44,medium,deepseekv4_attnmhc_dnd,tiny_shakespeare,1433600,3,5,515
44,medium,deepseekv4_attnmhc_dnd,tiny_shakespeare,1433600,3,6,510
44,medium,deepseekv4_attnmhc_dnd,tiny_shakespeare,1433600,3,7,528
44,medium,deepseekv4_attnmhc_dnd,tiny_shakespeare,1433600,4,0,556
44,medium,deepseekv4_attnmhc_dnd,tiny_shakespeare,1433600,4,1,497
44,medium,deepseekv4_attnmhc_dnd,tiny_shakespeare,1433600,4,2,467
44,medium,deepseekv4_attnmhc_dnd,tiny_shakespeare,1433600,4,3,552
44,medium,deepseekv4_attnmhc_dnd,tiny_shakespeare,1433600,4,4,516
44,medium,deepseekv4_attnmhc_dnd,tiny_shakespeare,1433600,4,5,527
44,medium,deepseekv4_attnmhc_dnd,tiny_shakespeare,1433600,4,6,487
44,medium,deepseekv4_attnmhc_dnd,tiny_shakespeare,1433600,4,7,494
44,medium,deepseekv4_attnmhc_dnd,tiny_shakespeare,1433600,5,0,515
44,medium,deepseekv4_attnmhc_dnd,tiny_shakespeare,1433600,5,1,527
44,medium,deepseekv4_attnmhc_dnd,tiny_shakespeare,1433600,5,2,539
44,medium,deepseekv4_attnmhc_dnd,tiny_shakespeare,1433600,5,3,503
44,medium,deepseekv4_attnmhc_dnd,tiny_shakespeare,1433600,5,4,471
44,medium,deepseekv4_attnmhc_dnd,tiny_shakespeare,1433600,5,5,534
44,medium,deepseekv4_attnmhc_dnd,tiny_shakespeare,1433600,5,6,554
44,medium,deepseekv4_attnmhc_dnd,tiny_shakespeare,1433600,5,7,453
44,medium,deepseekv4_attnmhc_dnd,tiny_shakespeare,1638400,0,0,356
44,medium,deepseekv4_attnmhc_dnd,tiny_shakespeare,1638400,0,1,270
44,medium,deepseekv4_attnmhc_dnd,tiny_shakespeare,1638400,0,2,377
44,medium,deepseekv4_attnmhc_dnd,tiny_shakespeare,1638400,0,3,878
44,medium,deepseekv4_attnmhc_dnd,tiny_shakespeare,1638400,0,4,396
44,medium,deepseekv4_attnmhc_dnd,tiny_shakespeare,1638400,0,5,689
44,medium,deepseekv4_attnmhc_dnd,tiny_shakespeare,1638400,0,6,289
44,medium,deepseekv4_attnmhc_dnd,tiny_shakespeare,1638400,0,7,841
44,medium,deepseekv4_attnmhc_dnd,tiny_shakespeare,1638400,1,0,365
44,medium,deepseekv4_attnmhc_dnd,tiny_shakespeare,1638400,1,1,420
44,medium,deepseekv4_attnmhc_dnd,tiny_shakespeare,1638400,1,2,954
44,medium,deepseekv4_attnmhc_dnd,tiny_shakespeare,1638400,1,3,504
44,medium,deepseekv4_attnmhc_dnd,tiny_shakespeare,1638400,1,4,680
44,medium,deepseekv4_attnmhc_dnd,tiny_shakespeare,1638400,1,5,268
44,medium,deepseekv4_attnmhc_dnd,tiny_shakespeare,1638400,1,6,516
44,medium,deepseekv4_attnmhc_dnd,tiny_shakespeare,1638400,1,7,389
44,medium,deepseekv4_attnmhc_dnd,tiny_shakespeare,1638400,2,0,488
44,medium,deepseekv4_attnmhc_dnd,tiny_shakespeare,1638400,2,1,515
44,medium,deepseekv4_attnmhc_dnd,tiny_shakespeare,1638400,2,2,528
44,medium,deepseekv4_attnmhc_dnd,tiny_shakespeare,1638400,2,3,507
44,medium,deepseekv4_attnmhc_dnd,tiny_shakespeare,1638400,2,4,500
44,medium,deepseekv4_attnmhc_dnd,tiny_shakespeare,1638400,2,5,513
44,medium,deepseekv4_attnmhc_dnd,tiny_shakespeare,1638400,2,6,515
44,medium,deepseekv4_attnmhc_dnd,tiny_shakespeare,1638400,2,7,530
44,medium,deepseekv4_attnmhc_dnd,tiny_shakespeare,1638400,3,0,526
44,medium,deepseekv4_attnmhc_dnd,tiny_shakespeare,1638400,3,1,532
44,medium,deepseekv4_attnmhc_dnd,tiny_shakespeare,1638400,3,2,525
44,medium,deepseekv4_attnmhc_dnd,tiny_shakespeare,1638400,3,3,508
44,medium,deepseekv4_attnmhc_dnd,tiny_shakespeare,1638400,3,4,478
44,medium,deepseekv4_attnmhc_dnd,tiny_shakespeare,1638400,3,5,527
44,medium,deepseekv4_attnmhc_dnd,tiny_shakespeare,1638400,3,6,514
44,medium,deepseekv4_attnmhc_dnd,tiny_shakespeare,1638400,3,7,486
44,medium,deepseekv4_attnmhc_dnd,tiny_shakespeare,1638400,4,0,494
44,medium,deepseekv4_attnmhc_dnd,tiny_shakespeare,1638400,4,1,507
44,medium,deepseekv4_attnmhc_dnd,tiny_shakespeare,1638400,4,2,593
44,medium,deepseekv4_attnmhc_dnd,tiny_shakespeare,1638400,4,3,526
44,medium,deepseekv4_attnmhc_dnd,tiny_shakespeare,1638400,4,4,502
44,medium,deepseekv4_attnmhc_dnd,tiny_shakespeare,1638400,4,5,481
44,medium,deepseekv4_attnmhc_dnd,tiny_shakespeare,1638400,4,6,492
44,medium,deepseekv4_attnmhc_dnd,tiny_shakespeare,1638400,4,7,501
44,medium,deepseekv4_attnmhc_dnd,tiny_shakespeare,1638400,5,0,393
44,medium,deepseekv4_attnmhc_dnd,tiny_shakespeare,1638400,5,1,547
44,medium,deepseekv4_attnmhc_dnd,tiny_shakespeare,1638400,5,2,522
44,medium,deepseekv4_attnmhc_dnd,tiny_shakespeare,1638400,5,3,501
44,medium,deepseekv4_attnmhc_dnd,tiny_shakespeare,1638400,5,4,566
44,medium,deepseekv4_attnmhc_dnd,tiny_shakespeare,1638400,5,5,490
44,medium,deepseekv4_attnmhc_dnd,tiny_shakespeare,1638400,5,6,548
44,medium,deepseekv4_attnmhc_dnd,tiny_shakespeare,1638400,5,7,529
44,medium,deepseekv4_attnmhc_dnd,tiny_shakespeare,1843200,0,0,360
44,medium,deepseekv4_attnmhc_dnd,tiny_shakespeare,1843200,0,1,251
44,medium,deepseekv4_attnmhc_dnd,tiny_shakespeare,1843200,0,2,371
44,medium,deepseekv4_attnmhc_dnd,tiny_shakespeare,1843200,0,3,879
44,medium,deepseekv4_attnmhc_dnd,tiny_shakespeare,1843200,0,4,394
44,medium,deepseekv4_attnmhc_dnd,tiny_shakespeare,1843200,0,5,697
44,medium,deepseekv4_attnmhc_dnd,tiny_shakespeare,1843200,0,6,296
44,medium,deepseekv4_attnmhc_dnd,tiny_shakespeare,1843200,0,7,848
44,medium,deepseekv4_attnmhc_dnd,tiny_shakespeare,1843200,1,0,365
44,medium,deepseekv4_attnmhc_dnd,tiny_shakespeare,1843200,1,1,397
44,medium,deepseekv4_attnmhc_dnd,tiny_shakespeare,1843200,1,2,955
44,medium,deepseekv4_attnmhc_dnd,tiny_shakespeare,1843200,1,3,496
44,medium,deepseekv4_attnmhc_dnd,tiny_shakespeare,1843200,1,4,663
44,medium,deepseekv4_attnmhc_dnd,tiny_shakespeare,1843200,1,5,284
44,medium,deepseekv4_attnmhc_dnd,tiny_shakespeare,1843200,1,6,529
44,medium,deepseekv4_attnmhc_dnd,tiny_shakespeare,1843200,1,7,407
44,medium,deepseekv4_attnmhc_dnd,tiny_shakespeare,1843200,2,0,511
44,medium,deepseekv4_attnmhc_dnd,tiny_shakespeare,1843200,2,1,517
44,medium,deepseekv4_attnmhc_dnd,tiny_shakespeare,1843200,2,2,520
44,medium,deepseekv4_attnmhc_dnd,tiny_shakespeare,1843200,2,3,503
44,medium,deepseekv4_attnmhc_dnd,tiny_shakespeare,1843200,2,4,524
44,medium,deepseekv4_attnmhc_dnd,tiny_shakespeare,1843200,2,5,515
44,medium,deepseekv4_attnmhc_dnd,tiny_shakespeare,1843200,2,6,513
44,medium,deepseekv4_attnmhc_dnd,tiny_shakespeare,1843200,2,7,493
44,medium,deepseekv4_attnmhc_dnd,tiny_shakespeare,1843200,3,0,525
44,medium,deepseekv4_attnmhc_dnd,tiny_shakespeare,1843200,3,1,495
44,medium,deepseekv4_attnmhc_dnd,tiny_shakespeare,1843200,3,2,485
44,medium,deepseekv4_attnmhc_dnd,tiny_shakespeare,1843200,3,3,508
44,medium,deepseekv4_attnmhc_dnd,tiny_shakespeare,1843200,3,4,525
44,medium,deepseekv4_attnmhc_dnd,tiny_shakespeare,1843200,3,5,544
44,medium,deepseekv4_attnmhc_dnd,tiny_shakespeare,1843200,3,6,493
44,medium,deepseekv4_attnmhc_dnd,tiny_shakespeare,1843200,3,7,521
44,medium,deepseekv4_attnmhc_dnd,tiny_shakespeare,1843200,4,0,496
44,medium,deepseekv4_attnmhc_dnd,tiny_shakespeare,1843200,4,1,492
44,medium,deepseekv4_attnmhc_dnd,tiny_shakespeare,1843200,4,2,496
44,medium,deepseekv4_attnmhc_dnd,tiny_shakespeare,1843200,4,3,497
44,medium,deepseekv4_attnmhc_dnd,tiny_shakespeare,1843200,4,4,525
44,medium,deepseekv4_attnmhc_dnd,tiny_shakespeare,1843200,4,5,521
44,medium,deepseekv4_attnmhc_dnd,tiny_shakespeare,1843200,4,6,525
44,medium,deepseekv4_attnmhc_dnd,tiny_shakespeare,1843200,4,7,544
44,medium,deepseekv4_attnmhc_dnd,tiny_shakespeare,1843200,5,0,575
44,medium,deepseekv4_attnmhc_dnd,tiny_shakespeare,1843200,5,1,468
44,medium,deepseekv4_attnmhc_dnd,tiny_shakespeare,1843200,5,2,523
44,medium,deepseekv4_attnmhc_dnd,tiny_shakespeare,1843200,5,3,544
44,medium,deepseekv4_attnmhc_dnd,tiny_shakespeare,1843200,5,4,475
44,medium,deepseekv4_attnmhc_dnd,tiny_shakespeare,1843200,5,5,542
44,medium,deepseekv4_attnmhc_dnd,tiny_shakespeare,1843200,5,6,423
44,medium,deepseekv4_attnmhc_dnd,tiny_shakespeare,1843200,5,7,546
44,medium,deepseekv4_attnmhc_dnd,tiny_shakespeare,2048000,0,0,390
44,medium,deepseekv4_attnmhc_dnd,tiny_shakespeare,2048000,0,1,242
44,medium,deepseekv4_attnmhc_dnd,tiny_shakespeare,2048000,0,2,346
44,medium,deepseekv4_attnmhc_dnd,tiny_shakespeare,2048000,0,3,881
44,medium,deepseekv4_attnmhc_dnd,tiny_shakespeare,2048000,0,4,376
44,medium,deepseekv4_attnmhc_dnd,tiny_shakespeare,2048000,0,5,712
44,medium,deepseekv4_attnmhc_dnd,tiny_shakespeare,2048000,0,6,284
44,medium,deepseekv4_attnmhc_dnd,tiny_shakespeare,2048000,0,7,865
44,medium,deepseekv4_attnmhc_dnd,tiny_shakespeare,2048000,1,0,368
44,medium,deepseekv4_attnmhc_dnd,tiny_shakespeare,2048000,1,1,390
44,medium,deepseekv4_attnmhc_dnd,tiny_shakespeare,2048000,1,2,910
44,medium,deepseekv4_attnmhc_dnd,tiny_shakespeare,2048000,1,3,514
44,medium,deepseekv4_attnmhc_dnd,tiny_shakespeare,2048000,1,4,614
44,medium,deepseekv4_attnmhc_dnd,tiny_shakespeare,2048000,1,5,283
44,medium,deepseekv4_attnmhc_dnd,tiny_shakespeare,2048000,1,6,568
44,medium,deepseekv4_attnmhc_dnd,tiny_shakespeare,2048000,1,7,449
44,medium,deepseekv4_attnmhc_dnd,tiny_shakespeare,2048000,2,0,517
44,medium,deepseekv4_attnmhc_dnd,tiny_shakespeare,2048000,2,1,518
44,medium,deepseekv4_attnmhc_dnd,tiny_shakespeare,2048000,2,2,517
44,medium,deepseekv4_attnmhc_dnd,tiny_shakespeare,2048000,2,3,535
44,medium,deepseekv4_attnmhc_dnd,tiny_shakespeare,2048000,2,4,511
44,medium,deepseekv4_attnmhc_dnd,tiny_shakespeare,2048000,2,5,520
44,medium,deepseekv4_attnmhc_dnd,tiny_shakespeare,2048000,2,6,491
44,medium,deepseekv4_attnmhc_dnd,tiny_shakespeare,2048000,2,7,487
44,medium,deepseekv4_attnmhc_dnd,tiny_shakespeare,2048000,3,0,587
44,medium,deepseekv4_attnmhc_dnd,tiny_shakespeare,2048000,3,1,507
44,medium,deepseekv4_attnmhc_dnd,tiny_shakespeare,2048000,3,2,485
44,medium,deepseekv4_attnmhc_dnd,tiny_shakespeare,2048000,3,3,557
44,medium,deepseekv4_attnmhc_dnd,tiny_shakespeare,2048000,3,4,480
44,medium,deepseekv4_attnmhc_dnd,tiny_shakespeare,2048000,3,5,496
44,medium,deepseekv4_attnmhc_dnd,tiny_shakespeare,2048000,3,6,490
44,medium,deepseekv4_attnmhc_dnd,tiny_shakespeare,2048000,3,7,494
44,medium,deepseekv4_attnmhc_dnd,tiny_shakespeare,2048000,4,0,504
44,medium,deepseekv4_attnmhc_dnd,tiny_shakespeare,2048000,4,1,556
44,medium,deepseekv4_attnmhc_dnd,tiny_shakespeare,2048000,4,2,480
44,medium,deepseekv4_attnmhc_dnd,tiny_shakespeare,2048000,4,3,558
44,medium,deepseekv4_attnmhc_dnd,tiny_shakespeare,2048000,4,4,473
44,medium,deepseekv4_attnmhc_dnd,tiny_shakespeare,2048000,4,5,516
44,medium,deepseekv4_attnmhc_dnd,tiny_shakespeare,2048000,4,6,471
44,medium,deepseekv4_attnmhc_dnd,tiny_shakespeare,2048000,4,7,538
44,medium,deepseekv4_attnmhc_dnd,tiny_shakespeare,2048000,5,0,511
44,medium,deepseekv4_attnmhc_dnd,tiny_shakespeare,2048000,5,1,571
44,medium,deepseekv4_attnmhc_dnd,tiny_shakespeare,2048000,5,2,471
44,medium,deepseekv4_attnmhc_dnd,tiny_shakespeare,2048000,5,3,567
44,medium,deepseekv4_attnmhc_dnd,tiny_shakespeare,2048000,5,4,418
44,medium,deepseekv4_attnmhc_dnd,tiny_shakespeare,2048000,5,5,482
44,medium,deepseekv4_attnmhc_dnd,tiny_shakespeare,2048000,5,6,518
44,medium,deepseekv4_attnmhc_dnd,tiny_shakespeare,2048000,5,7,558
42,medium,deepseekv4_attnmhc,wikitext2,2048,0,0,319
42,medium,deepseekv4_attnmhc,wikitext2,2048,0,1,252
42,medium,deepseekv4_attnmhc,wikitext2,2048,0,2,382
42,medium,deepseekv4_attnmhc,wikitext2,2048,0,3,934
42,medium,deepseekv4_attnmhc,wikitext2,2048,0,4,408
42,medium,deepseekv4_attnmhc,wikitext2,2048,0,5,650
42,medium,deepseekv4_attnmhc,wikitext2,2048,0,6,270
42,medium,deepseekv4_attnmhc,wikitext2,2048,0,7,881
42,medium,deepseekv4_attnmhc,wikitext2,2048,1,0,311
42,medium,deepseekv4_attnmhc,wikitext2,2048,1,1,398
42,medium,deepseekv4_attnmhc,wikitext2,2048,1,2,1082
42,medium,deepseekv4_attnmhc,wikitext2,2048,1,3,591
42,medium,deepseekv4_attnmhc,wikitext2,2048,1,4,606
42,medium,deepseekv4_attnmhc,wikitext2,2048,1,5,281
42,medium,deepseekv4_attnmhc,wikitext2,2048,1,6,448
42,medium,deepseekv4_attnmhc,wikitext2,2048,1,7,379
42,medium,deepseekv4_attnmhc,wikitext2,2048,2,0,606
42,medium,deepseekv4_attnmhc,wikitext2,2048,2,1,342
42,medium,deepseekv4_attnmhc,wikitext2,2048,2,2,416
42,medium,deepseekv4_attnmhc,wikitext2,2048,2,3,345
42,medium,deepseekv4_attnmhc,wikitext2,2048,2,4,607
42,medium,deepseekv4_attnmhc,wikitext2,2048,2,5,445
42,medium,deepseekv4_attnmhc,wikitext2,2048,2,6,321
42,medium,deepseekv4_attnmhc,wikitext2,2048,2,7,1014
42,medium,deepseekv4_attnmhc,wikitext2,2048,3,0,420
42,medium,deepseekv4_attnmhc,wikitext2,2048,3,1,774
42,medium,deepseekv4_attnmhc,wikitext2,2048,3,2,186
42,medium,deepseekv4_attnmhc,wikitext2,2048,3,3,632
42,medium,deepseekv4_attnmhc,wikitext2,2048,3,4,596
42,medium,deepseekv4_attnmhc,wikitext2,2048,3,5,725
42,medium,deepseekv4_attnmhc,wikitext2,2048,3,6,399
42,medium,deepseekv4_attnmhc,wikitext2,2048,3,7,364
42,medium,deepseekv4_attnmhc,wikitext2,2048,4,0,683
42,medium,deepseekv4_attnmhc,wikitext2,2048,4,1,187
42,medium,deepseekv4_attnmhc,wikitext2,2048,4,2,571
42,medium,deepseekv4_attnmhc,wikitext2,2048,4,3,444
42,medium,deepseekv4_attnmhc,wikitext2,2048,4,4,839
42,medium,deepseekv4_attnmhc,wikitext2,2048,4,5,644
42,medium,deepseekv4_attnmhc,wikitext2,2048,4,6,296
42,medium,deepseekv4_attnmhc,wikitext2,2048,4,7,432
42,medium,deepseekv4_attnmhc,wikitext2,2048,5,0,616
42,medium,deepseekv4_attnmhc,wikitext2,2048,5,1,825
42,medium,deepseekv4_attnmhc,wikitext2,2048,5,2,269
42,medium,deepseekv4_attnmhc,wikitext2,2048,5,3,508
42,medium,deepseekv4_attnmhc,wikitext2,2048,5,4,244
42,medium,deepseekv4_attnmhc,wikitext2,2048,5,5,430
42,medium,deepseekv4_attnmhc,wikitext2,2048,5,6,622
42,medium,deepseekv4_attnmhc,wikitext2,2048,5,7,582
42,medium,deepseekv4_attnmhc,wikitext2,204800,0,0,350
42,medium,deepseekv4_attnmhc,wikitext2,204800,0,1,230
42,medium,deepseekv4_attnmhc,wikitext2,204800,0,2,381
42,medium,deepseekv4_attnmhc,wikitext2,204800,0,3,940
42,medium,deepseekv4_attnmhc,wikitext2,204800,0,4,383
42,medium,deepseekv4_attnmhc,wikitext2,204800,0,5,691
42,medium,deepseekv4_attnmhc,wikitext2,204800,0,6,249
42,medium,deepseekv4_attnmhc,wikitext2,204800,0,7,872
42,medium,deepseekv4_attnmhc,wikitext2,204800,1,0,320
42,medium,deepseekv4_attnmhc,wikitext2,204800,1,1,364
42,medium,deepseekv4_attnmhc,wikitext2,204800,1,2,1050
42,medium,deepseekv4_attnmhc,wikitext2,204800,1,3,580
42,medium,deepseekv4_attnmhc,wikitext2,204800,1,4,630
42,medium,deepseekv4_attnmhc,wikitext2,204800,1,5,268
42,medium,deepseekv4_attnmhc,wikitext2,204800,1,6,477
42,medium,deepseekv4_attnmhc,wikitext2,204800,1,7,407
42,medium,deepseekv4_attnmhc,wikitext2,204800,2,0,329
42,medium,deepseekv4_attnmhc,wikitext2,204800,2,1,561
42,medium,deepseekv4_attnmhc,wikitext2,204800,2,2,516
42,medium,deepseekv4_attnmhc,wikitext2,204800,2,3,491
42,medium,deepseekv4_attnmhc,wikitext2,204800,2,4,514
42,medium,deepseekv4_attnmhc,wikitext2,204800,2,5,672
42,medium,deepseekv4_attnmhc,wikitext2,204800,2,6,524
42,medium,deepseekv4_attnmhc,wikitext2,204800,2,7,489
42,medium,deepseekv4_attnmhc,wikitext2,204800,3,0,731
42,medium,deepseekv4_attnmhc,wikitext2,204800,3,1,478
42,medium,deepseekv4_attnmhc,wikitext2,204800,3,2,267
42,medium,deepseekv4_attnmhc,wikitext2,204800,3,3,559
42,medium,deepseekv4_attnmhc,wikitext2,204800,3,4,579
42,medium,deepseekv4_attnmhc,wikitext2,204800,3,5,521
42,medium,deepseekv4_attnmhc,wikitext2,204800,3,6,473
42,medium,deepseekv4_attnmhc,wikitext2,204800,3,7,488
42,medium,deepseekv4_attnmhc,wikitext2,204800,4,0,612
42,medium,deepseekv4_attnmhc,wikitext2,204800,4,1,632
42,medium,deepseekv4_attnmhc,wikitext2,204800,4,2,517
42,medium,deepseekv4_attnmhc,wikitext2,204800,4,3,566
42,medium,deepseekv4_attnmhc,wikitext2,204800,4,4,362
42,medium,deepseekv4_attnmhc,wikitext2,204800,4,5,516
42,medium,deepseekv4_attnmhc,wikitext2,204800,4,6,461
42,medium,deepseekv4_attnmhc,wikitext2,204800,4,7,430
42,medium,deepseekv4_attnmhc,wikitext2,204800,5,0,548
42,medium,deepseekv4_attnmhc,wikitext2,204800,5,1,582
42,medium,deepseekv4_attnmhc,wikitext2,204800,5,2,683
42,medium,deepseekv4_attnmhc,wikitext2,204800,5,3,576
42,medium,deepseekv4_attnmhc,wikitext2,204800,5,4,440
42,medium,deepseekv4_attnmhc,wikitext2,204800,5,5,392
42,medium,deepseekv4_attnmhc,wikitext2,204800,5,6,470
42,medium,deepseekv4_attnmhc,wikitext2,204800,5,7,405
42,medium,deepseekv4_attnmhc,wikitext2,409600,0,0,298
42,medium,deepseekv4_attnmhc,wikitext2,409600,0,1,252
42,medium,deepseekv4_attnmhc,wikitext2,409600,0,2,391
42,medium,deepseekv4_attnmhc,wikitext2,409600,0,3,935
42,medium,deepseekv4_attnmhc,wikitext2,409600,0,4,408
42,medium,deepseekv4_attnmhc,wikitext2,409600,0,5,650
42,medium,deepseekv4_attnmhc,wikitext2,409600,0,6,269
42,medium,deepseekv4_attnmhc,wikitext2,409600,0,7,893
42,medium,deepseekv4_attnmhc,wikitext2,409600,1,0,301
42,medium,deepseekv4_attnmhc,wikitext2,409600,1,1,363
42,medium,deepseekv4_attnmhc,wikitext2,409600,1,2,1051
42,medium,deepseekv4_attnmhc,wikitext2,409600,1,3,620
42,medium,deepseekv4_attnmhc,wikitext2,409600,1,4,611
42,medium,deepseekv4_attnmhc,wikitext2,409600,1,5,261
42,medium,deepseekv4_attnmhc,wikitext2,409600,1,6,482
42,medium,deepseekv4_attnmhc,wikitext2,409600,1,7,407
42,medium,deepseekv4_attnmhc,wikitext2,409600,2,0,438
42,medium,deepseekv4_attnmhc,wikitext2,409600,2,1,412
42,medium,deepseekv4_attnmhc,wikitext2,409600,2,2,574
42,medium,deepseekv4_attnmhc,wikitext2,409600,2,3,544
42,medium,deepseekv4_attnmhc,wikitext2,409600,2,4,415
42,medium,deepseekv4_attnmhc,wikitext2,409600,2,5,626
42,medium,deepseekv4_attnmhc,wikitext2,409600,2,6,492
42,medium,deepseekv4_attnmhc,wikitext2,409600,2,7,595
42,medium,deepseekv4_attnmhc,wikitext2,409600,3,0,537
42,medium,deepseekv4_attnmhc,wikitext2,409600,3,1,525
42,medium,deepseekv4_attnmhc,wikitext2,409600,3,2,500
42,medium,deepseekv4_attnmhc,wikitext2,409600,3,3,475
42,medium,deepseekv4_attnmhc,wikitext2,409600,3,4,530
42,medium,deepseekv4_attnmhc,wikitext2,409600,3,5,577
42,medium,deepseekv4_attnmhc,wikitext2,409600,3,6,453
42,medium,deepseekv4_attnmhc,wikitext2,409600,3,7,499
42,medium,deepseekv4_attnmhc,wikitext2,409600,4,0,485
42,medium,deepseekv4_attnmhc,wikitext2,409600,4,1,454
42,medium,deepseekv4_attnmhc,wikitext2,409600,4,2,602
42,medium,deepseekv4_attnmhc,wikitext2,409600,4,3,530
42,medium,deepseekv4_attnmhc,wikitext2,409600,4,4,499
42,medium,deepseekv4_attnmhc,wikitext2,409600,4,5,673
42,medium,deepseekv4_attnmhc,wikitext2,409600,4,6,506
42,medium,deepseekv4_attnmhc,wikitext2,409600,4,7,347
42,medium,deepseekv4_attnmhc,wikitext2,409600,5,0,535
42,medium,deepseekv4_attnmhc,wikitext2,409600,5,1,427
42,medium,deepseekv4_attnmhc,wikitext2,409600,5,2,532
42,medium,deepseekv4_attnmhc,wikitext2,409600,5,3,539
42,medium,deepseekv4_attnmhc,wikitext2,409600,5,4,587
42,medium,deepseekv4_attnmhc,wikitext2,409600,5,5,459
42,medium,deepseekv4_attnmhc,wikitext2,409600,5,6,531
42,medium,deepseekv4_attnmhc,wikitext2,409600,5,7,486
42,medium,deepseekv4_attnmhc,wikitext2,614400,0,0,315
42,medium,deepseekv4_attnmhc,wikitext2,614400,0,1,260
42,medium,deepseekv4_attnmhc,wikitext2,614400,0,2,384
42,medium,deepseekv4_attnmhc,wikitext2,614400,0,3,944
42,medium,deepseekv4_attnmhc,wikitext2,614400,0,4,407
42,medium,deepseekv4_attnmhc,wikitext2,614400,0,5,652
42,medium,deepseekv4_attnmhc,wikitext2,614400,0,6,263
42,medium,deepseekv4_attnmhc,wikitext2,614400,0,7,871
42,medium,deepseekv4_attnmhc,wikitext2,614400,1,0,317
42,medium,deepseekv4_attnmhc,wikitext2,614400,1,1,402
42,medium,deepseekv4_attnmhc,wikitext2,614400,1,2,1057
42,medium,deepseekv4_attnmhc,wikitext2,614400,1,3,606
42,medium,deepseekv4_attnmhc,wikitext2,614400,1,4,622
42,medium,deepseekv4_attnmhc,wikitext2,614400,1,5,269
42,medium,deepseekv4_attnmhc,wikitext2,614400,1,6,432
42,medium,deepseekv4_attnmhc,wikitext2,614400,1,7,391
42,medium,deepseekv4_attnmhc,wikitext2,614400,2,0,504
42,medium,deepseekv4_attnmhc,wikitext2,614400,2,1,509
42,medium,deepseekv4_attnmhc,wikitext2,614400,2,2,507
42,medium,deepseekv4_attnmhc,wikitext2,614400,2,3,503
42,medium,deepseekv4_attnmhc,wikitext2,614400,2,4,519
42,medium,deepseekv4_attnmhc,wikitext2,614400,2,5,467
42,medium,deepseekv4_attnmhc,wikitext2,614400,2,6,531
42,medium,deepseekv4_attnmhc,wikitext2,614400,2,7,556
42,medium,deepseekv4_attnmhc,wikitext2,614400,3,0,554
42,medium,deepseekv4_attnmhc,wikitext2,614400,3,1,539
42,medium,deepseekv4_attnmhc,wikitext2,614400,3,2,515
42,medium,deepseekv4_attnmhc,wikitext2,614400,3,3,535
42,medium,deepseekv4_attnmhc,wikitext2,614400,3,4,467
42,medium,deepseekv4_attnmhc,wikitext2,614400,3,5,533
42,medium,deepseekv4_attnmhc,wikitext2,614400,3,6,549
42,medium,deepseekv4_attnmhc,wikitext2,614400,3,7,404
42,medium,deepseekv4_attnmhc,wikitext2,614400,4,0,490
42,medium,deepseekv4_attnmhc,wikitext2,614400,4,1,420
42,medium,deepseekv4_attnmhc,wikitext2,614400,4,2,520
42,medium,deepseekv4_attnmhc,wikitext2,614400,4,3,526
42,medium,deepseekv4_attnmhc,wikitext2,614400,4,4,556
42,medium,deepseekv4_attnmhc,wikitext2,614400,4,5,458
42,medium,deepseekv4_attnmhc,wikitext2,614400,4,6,504
42,medium,deepseekv4_attnmhc,wikitext2,614400,4,7,622
42,medium,deepseekv4_attnmhc,wikitext2,614400,5,0,572
42,medium,deepseekv4_attnmhc,wikitext2,614400,5,1,468
42,medium,deepseekv4_attnmhc,wikitext2,614400,5,2,518
42,medium,deepseekv4_attnmhc,wikitext2,614400,5,3,519
42,medium,deepseekv4_attnmhc,wikitext2,614400,5,4,522
42,medium,deepseekv4_attnmhc,wikitext2,614400,5,5,491
42,medium,deepseekv4_attnmhc,wikitext2,614400,5,6,513
42,medium,deepseekv4_attnmhc,wikitext2,614400,5,7,493
42,medium,deepseekv4_attnmhc,wikitext2,819200,0,0,323
42,medium,deepseekv4_attnmhc,wikitext2,819200,0,1,241
42,medium,deepseekv4_attnmhc,wikitext2,819200,0,2,379
42,medium,deepseekv4_attnmhc,wikitext2,819200,0,3,943
42,medium,deepseekv4_attnmhc,wikitext2,819200,0,4,401
42,medium,deepseekv4_attnmhc,wikitext2,819200,0,5,658
42,medium,deepseekv4_attnmhc,wikitext2,819200,0,6,244
42,medium,deepseekv4_attnmhc,wikitext2,819200,0,7,907
42,medium,deepseekv4_attnmhc,wikitext2,819200,1,0,320
42,medium,deepseekv4_attnmhc,wikitext2,819200,1,1,408
42,medium,deepseekv4_attnmhc,wikitext2,819200,1,2,1072
42,medium,deepseekv4_attnmhc,wikitext2,819200,1,3,606
42,medium,deepseekv4_attnmhc,wikitext2,819200,1,4,630
42,medium,deepseekv4_attnmhc,wikitext2,819200,1,5,287
42,medium,deepseekv4_attnmhc,wikitext2,819200,1,6,411
42,medium,deepseekv4_attnmhc,wikitext2,819200,1,7,362
42,medium,deepseekv4_attnmhc,wikitext2,819200,2,0,499
42,medium,deepseekv4_attnmhc,wikitext2,819200,2,1,527
42,medium,deepseekv4_attnmhc,wikitext2,819200,2,2,519
42,medium,deepseekv4_attnmhc,wikitext2,819200,2,3,507
42,medium,deepseekv4_attnmhc,wikitext2,819200,2,4,514
42,medium,deepseekv4_attnmhc,wikitext2,819200,2,5,517
42,medium,deepseekv4_attnmhc,wikitext2,819200,2,6,497
42,medium,deepseekv4_attnmhc,wikitext2,819200,2,7,516
42,medium,deepseekv4_attnmhc,wikitext2,819200,3,0,510
42,medium,deepseekv4_attnmhc,wikitext2,819200,3,1,494
42,medium,deepseekv4_attnmhc,wikitext2,819200,3,2,497
42,medium,deepseekv4_attnmhc,wikitext2,819200,3,3,488
42,medium,deepseekv4_attnmhc,wikitext2,819200,3,4,563
42,medium,deepseekv4_attnmhc,wikitext2,819200,3,5,497
42,medium,deepseekv4_attnmhc,wikitext2,819200,3,6,525
42,medium,deepseekv4_attnmhc,wikitext2,819200,3,7,522
42,medium,deepseekv4_attnmhc,wikitext2,819200,4,0,479
42,medium,deepseekv4_attnmhc,wikitext2,819200,4,1,631
42,medium,deepseekv4_attnmhc,wikitext2,819200,4,2,495
42,medium,deepseekv4_attnmhc,wikitext2,819200,4,3,489
42,medium,deepseekv4_attnmhc,wikitext2,819200,4,4,533
42,medium,deepseekv4_attnmhc,wikitext2,819200,4,5,470
42,medium,deepseekv4_attnmhc,wikitext2,819200,4,6,539
42,medium,deepseekv4_attnmhc,wikitext2,819200,4,7,460
42,medium,deepseekv4_attnmhc,wikitext2,819200,5,0,550
42,medium,deepseekv4_attnmhc,wikitext2,819200,5,1,562
42,medium,deepseekv4_attnmhc,wikitext2,819200,5,2,510
42,medium,deepseekv4_attnmhc,wikitext2,819200,5,3,528
42,medium,deepseekv4_attnmhc,wikitext2,819200,5,4,401
42,medium,deepseekv4_attnmhc,wikitext2,819200,5,5,477
42,medium,deepseekv4_attnmhc,wikitext2,819200,5,6,481
42,medium,deepseekv4_attnmhc,wikitext2,819200,5,7,587
42,medium,deepseekv4_attnmhc,wikitext2,1024000,0,0,348
42,medium,deepseekv4_attnmhc,wikitext2,1024000,0,1,217
42,medium,deepseekv4_attnmhc,wikitext2,1024000,0,2,345
42,medium,deepseekv4_attnmhc,wikitext2,1024000,0,3,949
42,medium,deepseekv4_attnmhc,wikitext2,1024000,0,4,416
42,medium,deepseekv4_attnmhc,wikitext2,1024000,0,5,675
42,medium,deepseekv4_attnmhc,wikitext2,1024000,0,6,262
42,medium,deepseekv4_attnmhc,wikitext2,1024000,0,7,884
42,medium,deepseekv4_attnmhc,wikitext2,1024000,1,0,341
42,medium,deepseekv4_attnmhc,wikitext2,1024000,1,1,372
42,medium,deepseekv4_attnmhc,wikitext2,1024000,1,2,1091
42,medium,deepseekv4_attnmhc,wikitext2,1024000,1,3,583
42,medium,deepseekv4_attnmhc,wikitext2,1024000,1,4,597
42,medium,deepseekv4_attnmhc,wikitext2,1024000,1,5,265
42,medium,deepseekv4_attnmhc,wikitext2,1024000,1,6,449
42,medium,deepseekv4_attnmhc,wikitext2,1024000,1,7,398
42,medium,deepseekv4_attnmhc,wikitext2,1024000,2,0,506
42,medium,deepseekv4_attnmhc,wikitext2,1024000,2,1,518
42,medium,deepseekv4_attnmhc,wikitext2,1024000,2,2,597
42,medium,deepseekv4_attnmhc,wikitext2,1024000,2,3,478
42,medium,deepseekv4_attnmhc,wikitext2,1024000,2,4,536
42,medium,deepseekv4_attnmhc,wikitext2,1024000,2,5,481
42,medium,deepseekv4_attnmhc,wikitext2,1024000,2,6,524
42,medium,deepseekv4_attnmhc,wikitext2,1024000,2,7,456
42,medium,deepseekv4_attnmhc,wikitext2,1024000,3,0,407
42,medium,deepseekv4_attnmhc,wikitext2,1024000,3,1,521
42,medium,deepseekv4_attnmhc,wikitext2,1024000,3,2,464
42,medium,deepseekv4_attnmhc,wikitext2,1024000,3,3,529
42,medium,deepseekv4_attnmhc,wikitext2,1024000,3,4,582
42,medium,deepseekv4_attnmhc,wikitext2,1024000,3,5,508
42,medium,deepseekv4_attnmhc,wikitext2,1024000,3,6,512
42,medium,deepseekv4_attnmhc,wikitext2,1024000,3,7,573
42,medium,deepseekv4_attnmhc,wikitext2,1024000,4,0,500
42,medium,deepseekv4_attnmhc,wikitext2,1024000,4,1,489
42,medium,deepseekv4_attnmhc,wikitext2,1024000,4,2,497
42,medium,deepseekv4_attnmhc,wikitext2,1024000,4,3,539
42,medium,deepseekv4_attnmhc,wikitext2,1024000,4,4,536
42,medium,deepseekv4_attnmhc,wikitext2,1024000,4,5,489
42,medium,deepseekv4_attnmhc,wikitext2,1024000,4,6,502
42,medium,deepseekv4_attnmhc,wikitext2,1024000,4,7,544
42,medium,deepseekv4_attnmhc,wikitext2,1024000,5,0,546
42,medium,deepseekv4_attnmhc,wikitext2,1024000,5,1,521
42,medium,deepseekv4_attnmhc,wikitext2,1024000,5,2,523
42,medium,deepseekv4_attnmhc,wikitext2,1024000,5,3,508
42,medium,deepseekv4_attnmhc,wikitext2,1024000,5,4,411
42,medium,deepseekv4_attnmhc,wikitext2,1024000,5,5,523
42,medium,deepseekv4_attnmhc,wikitext2,1024000,5,6,495
42,medium,deepseekv4_attnmhc,wikitext2,1024000,5,7,569
42,medium,deepseekv4_attnmhc,wikitext2,1228800,0,0,321
42,medium,deepseekv4_attnmhc,wikitext2,1228800,0,1,248
42,medium,deepseekv4_attnmhc,wikitext2,1228800,0,2,368
42,medium,deepseekv4_attnmhc,wikitext2,1228800,0,3,951
42,medium,deepseekv4_attnmhc,wikitext2,1228800,0,4,387
42,medium,deepseekv4_attnmhc,wikitext2,1228800,0,5,673
42,medium,deepseekv4_attnmhc,wikitext2,1228800,0,6,262
42,medium,deepseekv4_attnmhc,wikitext2,1228800,0,7,886
42,medium,deepseekv4_attnmhc,wikitext2,1228800,1,0,308
42,medium,deepseekv4_attnmhc,wikitext2,1228800,1,1,390
42,medium,deepseekv4_attnmhc,wikitext2,1228800,1,2,1074
42,medium,deepseekv4_attnmhc,wikitext2,1228800,1,3,601
42,medium,deepseekv4_attnmhc,wikitext2,1228800,1,4,631
42,medium,deepseekv4_attnmhc,wikitext2,1228800,1,5,254
42,medium,deepseekv4_attnmhc,wikitext2,1228800,1,6,442
42,medium,deepseekv4_attnmhc,wikitext2,1228800,1,7,396
42,medium,deepseekv4_attnmhc,wikitext2,1228800,2,0,461
42,medium,deepseekv4_attnmhc,wikitext2,1228800,2,1,575
42,medium,deepseekv4_attnmhc,wikitext2,1228800,2,2,513
42,medium,deepseekv4_attnmhc,wikitext2,1228800,2,3,490
42,medium,deepseekv4_attnmhc,wikitext2,1228800,2,4,493
42,medium,deepseekv4_attnmhc,wikitext2,1228800,2,5,525
42,medium,deepseekv4_attnmhc,wikitext2,1228800,2,6,569
42,medium,deepseekv4_attnmhc,wikitext2,1228800,2,7,470
42,medium,deepseekv4_attnmhc,wikitext2,1228800,3,0,474
42,medium,deepseekv4_attnmhc,wikitext2,1228800,3,1,564
42,medium,deepseekv4_attnmhc,wikitext2,1228800,3,2,540
42,medium,deepseekv4_attnmhc,wikitext2,1228800,3,3,461
42,medium,deepseekv4_attnmhc,wikitext2,1228800,3,4,493
42,medium,deepseekv4_attnmhc,wikitext2,1228800,3,5,509
42,medium,deepseekv4_attnmhc,wikitext2,1228800,3,6,537
42,medium,deepseekv4_attnmhc,wikitext2,1228800,3,7,518
42,medium,deepseekv4_attnmhc,wikitext2,1228800,4,0,538
42,medium,deepseekv4_attnmhc,wikitext2,1228800,4,1,539
42,medium,deepseekv4_attnmhc,wikitext2,1228800,4,2,504
42,medium,deepseekv4_attnmhc,wikitext2,1228800,4,3,511
42,medium,deepseekv4_attnmhc,wikitext2,1228800,4,4,506
42,medium,deepseekv4_attnmhc,wikitext2,1228800,4,5,480
42,medium,deepseekv4_attnmhc,wikitext2,1228800,4,6,484
42,medium,deepseekv4_attnmhc,wikitext2,1228800,4,7,534
42,medium,deepseekv4_attnmhc,wikitext2,1228800,5,0,472
42,medium,deepseekv4_attnmhc,wikitext2,1228800,5,1,511
42,medium,deepseekv4_attnmhc,wikitext2,1228800,5,2,523
42,medium,deepseekv4_attnmhc,wikitext2,1228800,5,3,491
42,medium,deepseekv4_attnmhc,wikitext2,1228800,5,4,432
42,medium,deepseekv4_attnmhc,wikitext2,1228800,5,5,539
42,medium,deepseekv4_attnmhc,wikitext2,1228800,5,6,561
42,medium,deepseekv4_attnmhc,wikitext2,1228800,5,7,567
42,medium,deepseekv4_attnmhc,wikitext2,1433600,0,0,339
42,medium,deepseekv4_attnmhc,wikitext2,1433600,0,1,238
42,medium,deepseekv4_attnmhc,wikitext2,1433600,0,2,347
42,medium,deepseekv4_attnmhc,wikitext2,1433600,0,3,952
42,medium,deepseekv4_attnmhc,wikitext2,1433600,0,4,418
42,medium,deepseekv4_attnmhc,wikitext2,1433600,0,5,707
42,medium,deepseekv4_attnmhc,wikitext2,1433600,0,6,232
42,medium,deepseekv4_attnmhc,wikitext2,1433600,0,7,863
42,medium,deepseekv4_attnmhc,wikitext2,1433600,1,0,319
42,medium,deepseekv4_attnmhc,wikitext2,1433600,1,1,372
42,medium,deepseekv4_attnmhc,wikitext2,1433600,1,2,1073
42,medium,deepseekv4_attnmhc,wikitext2,1433600,1,3,579
42,medium,deepseekv4_attnmhc,wikitext2,1433600,1,4,651
42,medium,deepseekv4_attnmhc,wikitext2,1433600,1,5,266
42,medium,deepseekv4_attnmhc,wikitext2,1433600,1,6,451
42,medium,deepseekv4_attnmhc,wikitext2,1433600,1,7,385
42,medium,deepseekv4_attnmhc,wikitext2,1433600,2,0,487
42,medium,deepseekv4_attnmhc,wikitext2,1433600,2,1,531
42,medium,deepseekv4_attnmhc,wikitext2,1433600,2,2,575
42,medium,deepseekv4_attnmhc,wikitext2,1433600,2,3,499
42,medium,deepseekv4_attnmhc,wikitext2,1433600,2,4,564
42,medium,deepseekv4_attnmhc,wikitext2,1433600,2,5,494
42,medium,deepseekv4_attnmhc,wikitext2,1433600,2,6,463
42,medium,deepseekv4_attnmhc,wikitext2,1433600,2,7,483
42,medium,deepseekv4_attnmhc,wikitext2,1433600,3,0,477
42,medium,deepseekv4_attnmhc,wikitext2,1433600,3,1,561
42,medium,deepseekv4_attnmhc,wikitext2,1433600,3,2,486
42,medium,deepseekv4_attnmhc,wikitext2,1433600,3,3,543
42,medium,deepseekv4_attnmhc,wikitext2,1433600,3,4,553
42,medium,deepseekv4_attnmhc,wikitext2,1433600,3,5,485
42,medium,deepseekv4_attnmhc,wikitext2,1433600,3,6,513
42,medium,deepseekv4_attnmhc,wikitext2,1433600,3,7,478
42,medium,deepseekv4_attnmhc,wikitext2,1433600,4,0,468
42,medium,deepseekv4_attnmhc,wikitext2,1433600,4,1,517
42,medium,deepseekv4_attnmhc,wikitext2,1433600,4,2,494
42,medium,deepseekv4_attnmhc,wikitext2,1433600,4,3,580
42,medium,deepseekv4_attnmhc,wikitext2,1433600,4,4,559
42,medium,deepseekv4_attnmhc,wikitext2,1433600,4,5,541
42,medium,deepseekv4_attnmhc,wikitext2,1433600,4,6,479
42,medium,deepseekv4_attnmhc,wikitext2,1433600,4,7,458
42,medium,deepseekv4_attnmhc,wikitext2,1433600,5,0,517
42,medium,deepseekv4_attnmhc,wikitext2,1433600,5,1,511
42,medium,deepseekv4_attnmhc,wikitext2,1433600,5,2,522
42,medium,deepseekv4_attnmhc,wikitext2,1433600,5,3,506
42,medium,deepseekv4_attnmhc,wikitext2,1433600,5,4,493
42,medium,deepseekv4_attnmhc,wikitext2,1433600,5,5,459
42,medium,deepseekv4_attnmhc,wikitext2,1433600,5,6,534
42,medium,deepseekv4_attnmhc,wikitext2,1433600,5,7,554
42,medium,deepseekv4_attnmhc,wikitext2,1638400,0,0,336
42,medium,deepseekv4_attnmhc,wikitext2,1638400,0,1,241
42,medium,deepseekv4_attnmhc,wikitext2,1638400,0,2,370
42,medium,deepseekv4_attnmhc,wikitext2,1638400,0,3,938
42,medium,deepseekv4_attnmhc,wikitext2,1638400,0,4,397
42,medium,deepseekv4_attnmhc,wikitext2,1638400,0,5,674
42,medium,deepseekv4_attnmhc,wikitext2,1638400,0,6,246
42,medium,deepseekv4_attnmhc,wikitext2,1638400,0,7,894
42,medium,deepseekv4_attnmhc,wikitext2,1638400,1,0,292
42,medium,deepseekv4_attnmhc,wikitext2,1638400,1,1,381
42,medium,deepseekv4_attnmhc,wikitext2,1638400,1,2,1076
42,medium,deepseekv4_attnmhc,wikitext2,1638400,1,3,586
42,medium,deepseekv4_attnmhc,wikitext2,1638400,1,4,640
42,medium,deepseekv4_attnmhc,wikitext2,1638400,1,5,256
42,medium,deepseekv4_attnmhc,wikitext2,1638400,1,6,480
42,medium,deepseekv4_attnmhc,wikitext2,1638400,1,7,385
42,medium,deepseekv4_attnmhc,wikitext2,1638400,2,0,513
42,medium,deepseekv4_attnmhc,wikitext2,1638400,2,1,503
42,medium,deepseekv4_attnmhc,wikitext2,1638400,2,2,548
42,medium,deepseekv4_attnmhc,wikitext2,1638400,2,3,509
42,medium,deepseekv4_attnmhc,wikitext2,1638400,2,4,479
42,medium,deepseekv4_attnmhc,wikitext2,1638400,2,5,532
42,medium,deepseekv4_attnmhc,wikitext2,1638400,2,6,483
42,medium,deepseekv4_attnmhc,wikitext2,1638400,2,7,529
42,medium,deepseekv4_attnmhc,wikitext2,1638400,3,0,480
42,medium,deepseekv4_attnmhc,wikitext2,1638400,3,1,547
42,medium,deepseekv4_attnmhc,wikitext2,1638400,3,2,502
42,medium,deepseekv4_attnmhc,wikitext2,1638400,3,3,494
42,medium,deepseekv4_attnmhc,wikitext2,1638400,3,4,490
42,medium,deepseekv4_attnmhc,wikitext2,1638400,3,5,509
42,medium,deepseekv4_attnmhc,wikitext2,1638400,3,6,506
42,medium,deepseekv4_attnmhc,wikitext2,1638400,3,7,568
42,medium,deepseekv4_attnmhc,wikitext2,1638400,4,0,497
42,medium,deepseekv4_attnmhc,wikitext2,1638400,4,1,519
42,medium,deepseekv4_attnmhc,wikitext2,1638400,4,2,497
42,medium,deepseekv4_attnmhc,wikitext2,1638400,4,3,502
42,medium,deepseekv4_attnmhc,wikitext2,1638400,4,4,524
42,medium,deepseekv4_attnmhc,wikitext2,1638400,4,5,539
42,medium,deepseekv4_attnmhc,wikitext2,1638400,4,6,458
42,medium,deepseekv4_attnmhc,wikitext2,1638400,4,7,560
42,medium,deepseekv4_attnmhc,wikitext2,1638400,5,0,456
42,medium,deepseekv4_attnmhc,wikitext2,1638400,5,1,541
42,medium,deepseekv4_attnmhc,wikitext2,1638400,5,2,566
42,medium,deepseekv4_attnmhc,wikitext2,1638400,5,3,518
42,medium,deepseekv4_attnmhc,wikitext2,1638400,5,4,522
42,medium,deepseekv4_attnmhc,wikitext2,1638400,5,5,482
42,medium,deepseekv4_attnmhc,wikitext2,1638400,5,6,515
42,medium,deepseekv4_attnmhc,wikitext2,1638400,5,7,496
42,medium,deepseekv4_attnmhc,wikitext2,1843200,0,0,357
42,medium,deepseekv4_attnmhc,wikitext2,1843200,0,1,239
42,medium,deepseekv4_attnmhc,wikitext2,1843200,0,2,384
42,medium,deepseekv4_attnmhc,wikitext2,1843200,0,3,959
42,medium,deepseekv4_attnmhc,wikitext2,1843200,0,4,388
42,medium,deepseekv4_attnmhc,wikitext2,1843200,0,5,624
42,medium,deepseekv4_attnmhc,wikitext2,1843200,0,6,257
42,medium,deepseekv4_attnmhc,wikitext2,1843200,0,7,888
42,medium,deepseekv4_attnmhc,wikitext2,1843200,1,0,307
42,medium,deepseekv4_attnmhc,wikitext2,1843200,1,1,387
42,medium,deepseekv4_attnmhc,wikitext2,1843200,1,2,1057
42,medium,deepseekv4_attnmhc,wikitext2,1843200,1,3,603
42,medium,deepseekv4_attnmhc,wikitext2,1843200,1,4,645
42,medium,deepseekv4_attnmhc,wikitext2,1843200,1,5,245
42,medium,deepseekv4_attnmhc,wikitext2,1843200,1,6,468
42,medium,deepseekv4_attnmhc,wikitext2,1843200,1,7,384
42,medium,deepseekv4_attnmhc,wikitext2,1843200,2,0,481
42,medium,deepseekv4_attnmhc,wikitext2,1843200,2,1,474
42,medium,deepseekv4_attnmhc,wikitext2,1843200,2,2,542
42,medium,deepseekv4_attnmhc,wikitext2,1843200,2,3,497
42,medium,deepseekv4_attnmhc,wikitext2,1843200,2,4,501
42,medium,deepseekv4_attnmhc,wikitext2,1843200,2,5,505
42,medium,deepseekv4_attnmhc,wikitext2,1843200,2,6,531
42,medium,deepseekv4_attnmhc,wikitext2,1843200,2,7,565
42,medium,deepseekv4_attnmhc,wikitext2,1843200,3,0,496
42,medium,deepseekv4_attnmhc,wikitext2,1843200,3,1,499
42,medium,deepseekv4_attnmhc,wikitext2,1843200,3,2,519
42,medium,deepseekv4_attnmhc,wikitext2,1843200,3,3,523
42,medium,deepseekv4_attnmhc,wikitext2,1843200,3,4,522
42,medium,deepseekv4_attnmhc,wikitext2,1843200,3,5,523
42,medium,deepseekv4_attnmhc,wikitext2,1843200,3,6,486
42,medium,deepseekv4_attnmhc,wikitext2,1843200,3,7,528
42,medium,deepseekv4_attnmhc,wikitext2,1843200,4,0,499
42,medium,deepseekv4_attnmhc,wikitext2,1843200,4,1,417
42,medium,deepseekv4_attnmhc,wikitext2,1843200,4,2,532
42,medium,deepseekv4_attnmhc,wikitext2,1843200,4,3,535
42,medium,deepseekv4_attnmhc,wikitext2,1843200,4,4,529
42,medium,deepseekv4_attnmhc,wikitext2,1843200,4,5,566
42,medium,deepseekv4_attnmhc,wikitext2,1843200,4,6,482
42,medium,deepseekv4_attnmhc,wikitext2,1843200,4,7,536
42,medium,deepseekv4_attnmhc,wikitext2,1843200,5,0,453
42,medium,deepseekv4_attnmhc,wikitext2,1843200,5,1,578
42,medium,deepseekv4_attnmhc,wikitext2,1843200,5,2,531
42,medium,deepseekv4_attnmhc,wikitext2,1843200,5,3,509
42,medium,deepseekv4_attnmhc,wikitext2,1843200,5,4,503
42,medium,deepseekv4_attnmhc,wikitext2,1843200,5,5,507
42,medium,deepseekv4_attnmhc,wikitext2,1843200,5,6,492
42,medium,deepseekv4_attnmhc,wikitext2,1843200,5,7,523
42,medium,deepseekv4_attnmhc,wikitext2,2048000,0,0,334
42,medium,deepseekv4_attnmhc,wikitext2,2048000,0,1,247
42,medium,deepseekv4_attnmhc,wikitext2,2048000,0,2,348
42,medium,deepseekv4_attnmhc,wikitext2,2048000,0,3,953
42,medium,deepseekv4_attnmhc,wikitext2,2048000,0,4,417
42,medium,deepseekv4_attnmhc,wikitext2,2048000,0,5,684
42,medium,deepseekv4_attnmhc,wikitext2,2048000,0,6,230
42,medium,deepseekv4_attnmhc,wikitext2,2048000,0,7,883
42,medium,deepseekv4_attnmhc,wikitext2,2048000,1,0,352
42,medium,deepseekv4_attnmhc,wikitext2,2048000,1,1,389
42,medium,deepseekv4_attnmhc,wikitext2,2048000,1,2,1060
42,medium,deepseekv4_attnmhc,wikitext2,2048000,1,3,616
42,medium,deepseekv4_attnmhc,wikitext2,2048000,1,4,615
42,medium,deepseekv4_attnmhc,wikitext2,2048000,1,5,266
42,medium,deepseekv4_attnmhc,wikitext2,2048000,1,6,433
42,medium,deepseekv4_attnmhc,wikitext2,2048000,1,7,365
42,medium,deepseekv4_attnmhc,wikitext2,2048000,2,0,508
42,medium,deepseekv4_attnmhc,wikitext2,2048000,2,1,528
42,medium,deepseekv4_attnmhc,wikitext2,2048000,2,2,525
42,medium,deepseekv4_attnmhc,wikitext2,2048000,2,3,495
42,medium,deepseekv4_attnmhc,wikitext2,2048000,2,4,522
42,medium,deepseekv4_attnmhc,wikitext2,2048000,2,5,516
42,medium,deepseekv4_attnmhc,wikitext2,2048000,2,6,539
42,medium,deepseekv4_attnmhc,wikitext2,2048000,2,7,463
42,medium,deepseekv4_attnmhc,wikitext2,2048000,3,0,519
42,medium,deepseekv4_attnmhc,wikitext2,2048000,3,1,511
42,medium,deepseekv4_attnmhc,wikitext2,2048000,3,2,497
42,medium,deepseekv4_attnmhc,wikitext2,2048000,3,3,466
42,medium,deepseekv4_attnmhc,wikitext2,2048000,3,4,525
42,medium,deepseekv4_attnmhc,wikitext2,2048000,3,5,505
42,medium,deepseekv4_attnmhc,wikitext2,2048000,3,6,550
42,medium,deepseekv4_attnmhc,wikitext2,2048000,3,7,523
42,medium,deepseekv4_attnmhc,wikitext2,2048000,4,0,525
42,medium,deepseekv4_attnmhc,wikitext2,2048000,4,1,596
42,medium,deepseekv4_attnmhc,wikitext2,2048000,4,2,494
42,medium,deepseekv4_attnmhc,wikitext2,2048000,4,3,502
42,medium,deepseekv4_attnmhc,wikitext2,2048000,4,4,509
42,medium,deepseekv4_attnmhc,wikitext2,2048000,4,5,467
42,medium,deepseekv4_attnmhc,wikitext2,2048000,4,6,511
42,medium,deepseekv4_attnmhc,wikitext2,2048000,4,7,492
42,medium,deepseekv4_attnmhc,wikitext2,2048000,5,0,470
42,medium,deepseekv4_attnmhc,wikitext2,2048000,5,1,585
42,medium,deepseekv4_attnmhc,wikitext2,2048000,5,2,513
42,medium,deepseekv4_attnmhc,wikitext2,2048000,5,3,508
42,medium,deepseekv4_attnmhc,wikitext2,2048000,5,4,528
42,medium,deepseekv4_attnmhc,wikitext2,2048000,5,5,478
42,medium,deepseekv4_attnmhc,wikitext2,2048000,5,6,528
42,medium,deepseekv4_attnmhc,wikitext2,2048000,5,7,486
42,medium,deepseekv4_attnmhc_2h,wikitext2,2048,0,0,319
42,medium,deepseekv4_attnmhc_2h,wikitext2,2048,0,1,252
42,medium,deepseekv4_attnmhc_2h,wikitext2,2048,0,2,382
42,medium,deepseekv4_attnmhc_2h,wikitext2,2048,0,3,934
42,medium,deepseekv4_attnmhc_2h,wikitext2,2048,0,4,408
42,medium,deepseekv4_attnmhc_2h,wikitext2,2048,0,5,650
42,medium,deepseekv4_attnmhc_2h,wikitext2,2048,0,6,270
42,medium,deepseekv4_attnmhc_2h,wikitext2,2048,0,7,881
42,medium,deepseekv4_attnmhc_2h,wikitext2,2048,1,0,311
42,medium,deepseekv4_attnmhc_2h,wikitext2,2048,1,1,398
42,medium,deepseekv4_attnmhc_2h,wikitext2,2048,1,2,1082
42,medium,deepseekv4_attnmhc_2h,wikitext2,2048,1,3,591
42,medium,deepseekv4_attnmhc_2h,wikitext2,2048,1,4,606
42,medium,deepseekv4_attnmhc_2h,wikitext2,2048,1,5,281
42,medium,deepseekv4_attnmhc_2h,wikitext2,2048,1,6,448
42,medium,deepseekv4_attnmhc_2h,wikitext2,2048,1,7,379
42,medium,deepseekv4_attnmhc_2h,wikitext2,2048,2,0,253
42,medium,deepseekv4_attnmhc_2h,wikitext2,2048,2,1,1090
42,medium,deepseekv4_attnmhc_2h,wikitext2,2048,2,2,637
42,medium,deepseekv4_attnmhc_2h,wikitext2,2048,2,3,358
42,medium,deepseekv4_attnmhc_2h,wikitext2,2048,2,4,549
42,medium,deepseekv4_attnmhc_2h,wikitext2,2048,2,5,521
42,medium,deepseekv4_attnmhc_2h,wikitext2,2048,2,6,251
42,medium,deepseekv4_attnmhc_2h,wikitext2,2048,2,7,437
42,medium,deepseekv4_attnmhc_2h,wikitext2,2048,3,0,583
42,medium,deepseekv4_attnmhc_2h,wikitext2,2048,3,1,498
42,medium,deepseekv4_attnmhc_2h,wikitext2,2048,3,2,384
42,medium,deepseekv4_attnmhc_2h,wikitext2,2048,3,3,569
42,medium,deepseekv4_attnmhc_2h,wikitext2,2048,3,4,458
42,medium,deepseekv4_attnmhc_2h,wikitext2,2048,3,5,732
42,medium,deepseekv4_attnmhc_2h,wikitext2,2048,3,6,634
42,medium,deepseekv4_attnmhc_2h,wikitext2,2048,3,7,238
42,medium,deepseekv4_attnmhc_2h,wikitext2,2048,4,0,465
42,medium,deepseekv4_attnmhc_2h,wikitext2,2048,4,1,752
42,medium,deepseekv4_attnmhc_2h,wikitext2,2048,4,2,456
42,medium,deepseekv4_attnmhc_2h,wikitext2,2048,4,3,444
42,medium,deepseekv4_attnmhc_2h,wikitext2,2048,4,4,705
42,medium,deepseekv4_attnmhc_2h,wikitext2,2048,4,5,160
42,medium,deepseekv4_attnmhc_2h,wikitext2,2048,4,6,234
42,medium,deepseekv4_attnmhc_2h,wikitext2,2048,4,7,880
42,medium,deepseekv4_attnmhc_2h,wikitext2,2048,5,0,297
42,medium,deepseekv4_attnmhc_2h,wikitext2,2048,5,1,77
42,medium,deepseekv4_attnmhc_2h,wikitext2,2048,5,2,921
42,medium,deepseekv4_attnmhc_2h,wikitext2,2048,5,3,693
42,medium,deepseekv4_attnmhc_2h,wikitext2,2048,5,4,348
42,medium,deepseekv4_attnmhc_2h,wikitext2,2048,5,5,650
42,medium,deepseekv4_attnmhc_2h,wikitext2,2048,5,6,818
42,medium,deepseekv4_attnmhc_2h,wikitext2,2048,5,7,292
42,medium,deepseekv4_attnmhc_2h,wikitext2,204800,0,0,350
42,medium,deepseekv4_attnmhc_2h,wikitext2,204800,0,1,230
42,medium,deepseekv4_attnmhc_2h,wikitext2,204800,0,2,381
42,medium,deepseekv4_attnmhc_2h,wikitext2,204800,0,3,940
42,medium,deepseekv4_attnmhc_2h,wikitext2,204800,0,4,383
42,medium,deepseekv4_attnmhc_2h,wikitext2,204800,0,5,691
42,medium,deepseekv4_attnmhc_2h,wikitext2,204800,0,6,249
42,medium,deepseekv4_attnmhc_2h,wikitext2,204800,0,7,872
42,medium,deepseekv4_attnmhc_2h,wikitext2,204800,1,0,320
42,medium,deepseekv4_attnmhc_2h,wikitext2,204800,1,1,364
42,medium,deepseekv4_attnmhc_2h,wikitext2,204800,1,2,1050
42,medium,deepseekv4_attnmhc_2h,wikitext2,204800,1,3,580
42,medium,deepseekv4_attnmhc_2h,wikitext2,204800,1,4,630
42,medium,deepseekv4_attnmhc_2h,wikitext2,204800,1,5,268
42,medium,deepseekv4_attnmhc_2h,wikitext2,204800,1,6,477
42,medium,deepseekv4_attnmhc_2h,wikitext2,204800,1,7,407
42,medium,deepseekv4_attnmhc_2h,wikitext2,204800,2,0,400
42,medium,deepseekv4_attnmhc_2h,wikitext2,204800,2,1,403
42,medium,deepseekv4_attnmhc_2h,wikitext2,204800,2,2,522
42,medium,deepseekv4_attnmhc_2h,wikitext2,204800,2,3,227
42,medium,deepseekv4_attnmhc_2h,wikitext2,204800,2,4,541
42,medium,deepseekv4_attnmhc_2h,wikitext2,204800,2,5,619
42,medium,deepseekv4_attnmhc_2h,wikitext2,204800,2,6,439
42,medium,deepseekv4_attnmhc_2h,wikitext2,204800,2,7,945
42,medium,deepseekv4_attnmhc_2h,wikitext2,204800,3,0,550
42,medium,deepseekv4_attnmhc_2h,wikitext2,204800,3,1,530
42,medium,deepseekv4_attnmhc_2h,wikitext2,204800,3,2,353
42,medium,deepseekv4_attnmhc_2h,wikitext2,204800,3,3,717
42,medium,deepseekv4_attnmhc_2h,wikitext2,204800,3,4,598
42,medium,deepseekv4_attnmhc_2h,wikitext2,204800,3,5,379
42,medium,deepseekv4_attnmhc_2h,wikitext2,204800,3,6,544
42,medium,deepseekv4_attnmhc_2h,wikitext2,204800,3,7,425
42,medium,deepseekv4_attnmhc_2h,wikitext2,204800,4,0,555
42,medium,deepseekv4_attnmhc_2h,wikitext2,204800,4,1,262
42,medium,deepseekv4_attnmhc_2h,wikitext2,204800,4,2,729
42,medium,deepseekv4_attnmhc_2h,wikitext2,204800,4,3,372
42,medium,deepseekv4_attnmhc_2h,wikitext2,204800,4,4,453
42,medium,deepseekv4_attnmhc_2h,wikitext2,204800,4,5,727
42,medium,deepseekv4_attnmhc_2h,wikitext2,204800,4,6,572
42,medium,deepseekv4_attnmhc_2h,wikitext2,204800,4,7,426
42,medium,deepseekv4_attnmhc_2h,wikitext2,204800,5,0,451
42,medium,deepseekv4_attnmhc_2h,wikitext2,204800,5,1,508
42,medium,deepseekv4_attnmhc_2h,wikitext2,204800,5,2,222
42,medium,deepseekv4_attnmhc_2h,wikitext2,204800,5,3,554
42,medium,deepseekv4_attnmhc_2h,wikitext2,204800,5,4,689
42,medium,deepseekv4_attnmhc_2h,wikitext2,204800,5,5,421
42,medium,deepseekv4_attnmhc_2h,wikitext2,204800,5,6,900
42,medium,deepseekv4_attnmhc_2h,wikitext2,204800,5,7,351
42,medium,deepseekv4_attnmhc_2h,wikitext2,409600,0,0,298
42,medium,deepseekv4_attnmhc_2h,wikitext2,409600,0,1,252
42,medium,deepseekv4_attnmhc_2h,wikitext2,409600,0,2,391
42,medium,deepseekv4_attnmhc_2h,wikitext2,409600,0,3,935
42,medium,deepseekv4_attnmhc_2h,wikitext2,409600,0,4,408
42,medium,deepseekv4_attnmhc_2h,wikitext2,409600,0,5,650
42,medium,deepseekv4_attnmhc_2h,wikitext2,409600,0,6,269
42,medium,deepseekv4_attnmhc_2h,wikitext2,409600,0,7,893
42,medium,deepseekv4_attnmhc_2h,wikitext2,409600,1,0,301
42,medium,deepseekv4_attnmhc_2h,wikitext2,409600,1,1,363
42,medium,deepseekv4_attnmhc_2h,wikitext2,409600,1,2,1051
42,medium,deepseekv4_attnmhc_2h,wikitext2,409600,1,3,620
42,medium,deepseekv4_attnmhc_2h,wikitext2,409600,1,4,611
42,medium,deepseekv4_attnmhc_2h,wikitext2,409600,1,5,261
42,medium,deepseekv4_attnmhc_2h,wikitext2,409600,1,6,482
42,medium,deepseekv4_attnmhc_2h,wikitext2,409600,1,7,407
42,medium,deepseekv4_attnmhc_2h,wikitext2,409600,2,0,375
42,medium,deepseekv4_attnmhc_2h,wikitext2,409600,2,1,644
42,medium,deepseekv4_attnmhc_2h,wikitext2,409600,2,2,456
42,medium,deepseekv4_attnmhc_2h,wikitext2,409600,2,3,328
42,medium,deepseekv4_attnmhc_2h,wikitext2,409600,2,4,502
42,medium,deepseekv4_attnmhc_2h,wikitext2,409600,2,5,592
42,medium,deepseekv4_attnmhc_2h,wikitext2,409600,2,6,563
42,medium,deepseekv4_attnmhc_2h,wikitext2,409600,2,7,636
42,medium,deepseekv4_attnmhc_2h,wikitext2,409600,3,0,373
42,medium,deepseekv4_attnmhc_2h,wikitext2,409600,3,1,635
42,medium,deepseekv4_attnmhc_2h,wikitext2,409600,3,2,346
42,medium,deepseekv4_attnmhc_2h,wikitext2,409600,3,3,574
42,medium,deepseekv4_attnmhc_2h,wikitext2,409600,3,4,582
42,medium,deepseekv4_attnmhc_2h,wikitext2,409600,3,5,442
42,medium,deepseekv4_attnmhc_2h,wikitext2,409600,3,6,535
42,medium,deepseekv4_attnmhc_2h,wikitext2,409600,3,7,609
42,medium,deepseekv4_attnmhc_2h,wikitext2,409600,4,0,368
42,medium,deepseekv4_attnmhc_2h,wikitext2,409600,4,1,474
42,medium,deepseekv4_attnmhc_2h,wikitext2,409600,4,2,704
42,medium,deepseekv4_attnmhc_2h,wikitext2,409600,4,3,482
42,medium,deepseekv4_attnmhc_2h,wikitext2,409600,4,4,534
42,medium,deepseekv4_attnmhc_2h,wikitext2,409600,4,5,471
42,medium,deepseekv4_attnmhc_2h,wikitext2,409600,4,6,553
42,medium,deepseekv4_attnmhc_2h,wikitext2,409600,4,7,510
42,medium,deepseekv4_attnmhc_2h,wikitext2,409600,5,0,620
42,medium,deepseekv4_attnmhc_2h,wikitext2,409600,5,1,440
42,medium,deepseekv4_attnmhc_2h,wikitext2,409600,5,2,253
42,medium,deepseekv4_attnmhc_2h,wikitext2,409600,5,3,535
42,medium,deepseekv4_attnmhc_2h,wikitext2,409600,5,4,559
42,medium,deepseekv4_attnmhc_2h,wikitext2,409600,5,5,531
42,medium,deepseekv4_attnmhc_2h,wikitext2,409600,5,6,561
42,medium,deepseekv4_attnmhc_2h,wikitext2,409600,5,7,597
42,medium,deepseekv4_attnmhc_2h,wikitext2,614400,0,0,315
42,medium,deepseekv4_attnmhc_2h,wikitext2,614400,0,1,260
42,medium,deepseekv4_attnmhc_2h,wikitext2,614400,0,2,384
42,medium,deepseekv4_attnmhc_2h,wikitext2,614400,0,3,944
42,medium,deepseekv4_attnmhc_2h,wikitext2,614400,0,4,407
42,medium,deepseekv4_attnmhc_2h,wikitext2,614400,0,5,652
42,medium,deepseekv4_attnmhc_2h,wikitext2,614400,0,6,263
42,medium,deepseekv4_attnmhc_2h,wikitext2,614400,0,7,871
42,medium,deepseekv4_attnmhc_2h,wikitext2,614400,1,0,317
42,medium,deepseekv4_attnmhc_2h,wikitext2,614400,1,1,402
42,medium,deepseekv4_attnmhc_2h,wikitext2,614400,1,2,1057
42,medium,deepseekv4_attnmhc_2h,wikitext2,614400,1,3,606
42,medium,deepseekv4_attnmhc_2h,wikitext2,614400,1,4,622
42,medium,deepseekv4_attnmhc_2h,wikitext2,614400,1,5,269
42,medium,deepseekv4_attnmhc_2h,wikitext2,614400,1,6,432
42,medium,deepseekv4_attnmhc_2h,wikitext2,614400,1,7,391
42,medium,deepseekv4_attnmhc_2h,wikitext2,614400,2,0,526
42,medium,deepseekv4_attnmhc_2h,wikitext2,614400,2,1,447
42,medium,deepseekv4_attnmhc_2h,wikitext2,614400,2,2,461
42,medium,deepseekv4_attnmhc_2h,wikitext2,614400,2,3,518
42,medium,deepseekv4_attnmhc_2h,wikitext2,614400,2,4,480
42,medium,deepseekv4_attnmhc_2h,wikitext2,614400,2,5,516
42,medium,deepseekv4_attnmhc_2h,wikitext2,614400,2,6,486
42,medium,deepseekv4_attnmhc_2h,wikitext2,614400,2,7,662
42,medium,deepseekv4_attnmhc_2h,wikitext2,614400,3,0,472
42,medium,deepseekv4_attnmhc_2h,wikitext2,614400,3,1,562
42,medium,deepseekv4_attnmhc_2h,wikitext2,614400,3,2,680
42,medium,deepseekv4_attnmhc_2h,wikitext2,614400,3,3,544
42,medium,deepseekv4_attnmhc_2h,wikitext2,614400,3,4,313
42,medium,deepseekv4_attnmhc_2h,wikitext2,614400,3,5,405
42,medium,deepseekv4_attnmhc_2h,wikitext2,614400,3,6,522
42,medium,deepseekv4_attnmhc_2h,wikitext2,614400,3,7,598
42,medium,deepseekv4_attnmhc_2h,wikitext2,614400,4,0,829
42,medium,deepseekv4_attnmhc_2h,wikitext2,614400,4,1,609
42,medium,deepseekv4_attnmhc_2h,wikitext2,614400,4,2,558
42,medium,deepseekv4_attnmhc_2h,wikitext2,614400,4,3,419
42,medium,deepseekv4_attnmhc_2h,wikitext2,614400,4,4,470
42,medium,deepseekv4_attnmhc_2h,wikitext2,614400,4,5,396
42,medium,deepseekv4_attnmhc_2h,wikitext2,614400,4,6,482
42,medium,deepseekv4_attnmhc_2h,wikitext2,614400,4,7,333
42,medium,deepseekv4_attnmhc_2h,wikitext2,614400,5,0,529
42,medium,deepseekv4_attnmhc_2h,wikitext2,614400,5,1,694
42,medium,deepseekv4_attnmhc_2h,wikitext2,614400,5,2,467
42,medium,deepseekv4_attnmhc_2h,wikitext2,614400,5,3,564
42,medium,deepseekv4_attnmhc_2h,wikitext2,614400,5,4,497
42,medium,deepseekv4_attnmhc_2h,wikitext2,614400,5,5,538
42,medium,deepseekv4_attnmhc_2h,wikitext2,614400,5,6,368
42,medium,deepseekv4_attnmhc_2h,wikitext2,614400,5,7,439
42,medium,deepseekv4_attnmhc_2h,wikitext2,819200,0,0,323
42,medium,deepseekv4_attnmhc_2h,wikitext2,819200,0,1,241
42,medium,deepseekv4_attnmhc_2h,wikitext2,819200,0,2,379
42,medium,deepseekv4_attnmhc_2h,wikitext2,819200,0,3,943
42,medium,deepseekv4_attnmhc_2h,wikitext2,819200,0,4,401
42,medium,deepseekv4_attnmhc_2h,wikitext2,819200,0,5,658
42,medium,deepseekv4_attnmhc_2h,wikitext2,819200,0,6,244
42,medium,deepseekv4_attnmhc_2h,wikitext2,819200,0,7,907
42,medium,deepseekv4_attnmhc_2h,wikitext2,819200,1,0,320
42,medium,deepseekv4_attnmhc_2h,wikitext2,819200,1,1,408
42,medium,deepseekv4_attnmhc_2h,wikitext2,819200,1,2,1072
42,medium,deepseekv4_attnmhc_2h,wikitext2,819200,1,3,606
42,medium,deepseekv4_attnmhc_2h,wikitext2,819200,1,4,630
42,medium,deepseekv4_attnmhc_2h,wikitext2,819200,1,5,287
42,medium,deepseekv4_attnmhc_2h,wikitext2,819200,1,6,411
42,medium,deepseekv4_attnmhc_2h,wikitext2,819200,1,7,362
42,medium,deepseekv4_attnmhc_2h,wikitext2,819200,2,0,674
42,medium,deepseekv4_attnmhc_2h,wikitext2,819200,2,1,423
42,medium,deepseekv4_attnmhc_2h,wikitext2,819200,2,2,471
42,medium,deepseekv4_attnmhc_2h,wikitext2,819200,2,3,510
42,medium,deepseekv4_attnmhc_2h,wikitext2,819200,2,4,469
42,medium,deepseekv4_attnmhc_2h,wikitext2,819200,2,5,521
42,medium,deepseekv4_attnmhc_2h,wikitext2,819200,2,6,515
42,medium,deepseekv4_attnmhc_2h,wikitext2,819200,2,7,513
42,medium,deepseekv4_attnmhc_2h,wikitext2,819200,3,0,478
42,medium,deepseekv4_attnmhc_2h,wikitext2,819200,3,1,461
42,medium,deepseekv4_attnmhc_2h,wikitext2,819200,3,2,452
42,medium,deepseekv4_attnmhc_2h,wikitext2,819200,3,3,447
42,medium,deepseekv4_attnmhc_2h,wikitext2,819200,3,4,551
42,medium,deepseekv4_attnmhc_2h,wikitext2,819200,3,5,563
42,medium,deepseekv4_attnmhc_2h,wikitext2,819200,3,6,619
42,medium,deepseekv4_attnmhc_2h,wikitext2,819200,3,7,525
42,medium,deepseekv4_attnmhc_2h,wikitext2,819200,4,0,577
42,medium,deepseekv4_attnmhc_2h,wikitext2,819200,4,1,624
42,medium,deepseekv4_attnmhc_2h,wikitext2,819200,4,2,432
42,medium,deepseekv4_attnmhc_2h,wikitext2,819200,4,3,371
42,medium,deepseekv4_attnmhc_2h,wikitext2,819200,4,4,527
42,medium,deepseekv4_attnmhc_2h,wikitext2,819200,4,5,484
42,medium,deepseekv4_attnmhc_2h,wikitext2,819200,4,6,481
42,medium,deepseekv4_attnmhc_2h,wikitext2,819200,4,7,600
42,medium,deepseekv4_attnmhc_2h,wikitext2,819200,5,0,470
42,medium,deepseekv4_attnmhc_2h,wikitext2,819200,5,1,420
42,medium,deepseekv4_attnmhc_2h,wikitext2,819200,5,2,536
42,medium,deepseekv4_attnmhc_2h,wikitext2,819200,5,3,506
42,medium,deepseekv4_attnmhc_2h,wikitext2,819200,5,4,527
42,medium,deepseekv4_attnmhc_2h,wikitext2,819200,5,5,530
42,medium,deepseekv4_attnmhc_2h,wikitext2,819200,5,6,537
42,medium,deepseekv4_attnmhc_2h,wikitext2,819200,5,7,570
42,medium,deepseekv4_attnmhc_2h,wikitext2,1024000,0,0,348
42,medium,deepseekv4_attnmhc_2h,wikitext2,1024000,0,1,217
42,medium,deepseekv4_attnmhc_2h,wikitext2,1024000,0,2,345
42,medium,deepseekv4_attnmhc_2h,wikitext2,1024000,0,3,949
42,medium,deepseekv4_attnmhc_2h,wikitext2,1024000,0,4,416
42,medium,deepseekv4_attnmhc_2h,wikitext2,1024000,0,5,675
42,medium,deepseekv4_attnmhc_2h,wikitext2,1024000,0,6,262
42,medium,deepseekv4_attnmhc_2h,wikitext2,1024000,0,7,884
42,medium,deepseekv4_attnmhc_2h,wikitext2,1024000,1,0,341
42,medium,deepseekv4_attnmhc_2h,wikitext2,1024000,1,1,372
42,medium,deepseekv4_attnmhc_2h,wikitext2,1024000,1,2,1091
42,medium,deepseekv4_attnmhc_2h,wikitext2,1024000,1,3,583
42,medium,deepseekv4_attnmhc_2h,wikitext2,1024000,1,4,597
42,medium,deepseekv4_attnmhc_2h,wikitext2,1024000,1,5,265
42,medium,deepseekv4_attnmhc_2h,wikitext2,1024000,1,6,449
42,medium,deepseekv4_attnmhc_2h,wikitext2,1024000,1,7,398
42,medium,deepseekv4_attnmhc_2h,wikitext2,1024000,2,0,367
42,medium,deepseekv4_attnmhc_2h,wikitext2,1024000,2,1,660
42,medium,deepseekv4_attnmhc_2h,wikitext2,1024000,2,2,544
42,medium,deepseekv4_attnmhc_2h,wikitext2,1024000,2,3,529
42,medium,deepseekv4_attnmhc_2h,wikitext2,1024000,2,4,570
42,medium,deepseekv4_attnmhc_2h,wikitext2,1024000,2,5,466
42,medium,deepseekv4_attnmhc_2h,wikitext2,1024000,2,6,542
42,medium,deepseekv4_attnmhc_2h,wikitext2,1024000,2,7,418
42,medium,deepseekv4_attnmhc_2h,wikitext2,1024000,3,0,468
42,medium,deepseekv4_attnmhc_2h,wikitext2,1024000,3,1,442
42,medium,deepseekv4_attnmhc_2h,wikitext2,1024000,3,2,580
42,medium,deepseekv4_attnmhc_2h,wikitext2,1024000,3,3,438
42,medium,deepseekv4_attnmhc_2h,wikitext2,1024000,3,4,481
42,medium,deepseekv4_attnmhc_2h,wikitext2,1024000,3,5,649
42,medium,deepseekv4_attnmhc_2h,wikitext2,1024000,3,6,418
42,medium,deepseekv4_attnmhc_2h,wikitext2,1024000,3,7,620
42,medium,deepseekv4_attnmhc_2h,wikitext2,1024000,4,0,635
42,medium,deepseekv4_attnmhc_2h,wikitext2,1024000,4,1,412
42,medium,deepseekv4_attnmhc_2h,wikitext2,1024000,4,2,431
42,medium,deepseekv4_attnmhc_2h,wikitext2,1024000,4,3,640
42,medium,deepseekv4_attnmhc_2h,wikitext2,1024000,4,4,513
42,medium,deepseekv4_attnmhc_2h,wikitext2,1024000,4,5,536
42,medium,deepseekv4_attnmhc_2h,wikitext2,1024000,4,6,480
42,medium,deepseekv4_attnmhc_2h,wikitext2,1024000,4,7,449
42,medium,deepseekv4_attnmhc_2h,wikitext2,1024000,5,0,458
42,medium,deepseekv4_attnmhc_2h,wikitext2,1024000,5,1,475
42,medium,deepseekv4_attnmhc_2h,wikitext2,1024000,5,2,598
42,medium,deepseekv4_attnmhc_2h,wikitext2,1024000,5,3,534
42,medium,deepseekv4_attnmhc_2h,wikitext2,1024000,5,4,470
42,medium,deepseekv4_attnmhc_2h,wikitext2,1024000,5,5,573
42,medium,deepseekv4_attnmhc_2h,wikitext2,1024000,5,6,441
42,medium,deepseekv4_attnmhc_2h,wikitext2,1024000,5,7,547
42,medium,deepseekv4_attnmhc_2h,wikitext2,1228800,0,0,321
42,medium,deepseekv4_attnmhc_2h,wikitext2,1228800,0,1,248
42,medium,deepseekv4_attnmhc_2h,wikitext2,1228800,0,2,368
42,medium,deepseekv4_attnmhc_2h,wikitext2,1228800,0,3,951
42,medium,deepseekv4_attnmhc_2h,wikitext2,1228800,0,4,387
42,medium,deepseekv4_attnmhc_2h,wikitext2,1228800,0,5,673
42,medium,deepseekv4_attnmhc_2h,wikitext2,1228800,0,6,262
42,medium,deepseekv4_attnmhc_2h,wikitext2,1228800,0,7,886
42,medium,deepseekv4_attnmhc_2h,wikitext2,1228800,1,0,308
42,medium,deepseekv4_attnmhc_2h,wikitext2,1228800,1,1,390
42,medium,deepseekv4_attnmhc_2h,wikitext2,1228800,1,2,1074
42,medium,deepseekv4_attnmhc_2h,wikitext2,1228800,1,3,601
42,medium,deepseekv4_attnmhc_2h,wikitext2,1228800,1,4,631
42,medium,deepseekv4_attnmhc_2h,wikitext2,1228800,1,5,254
42,medium,deepseekv4_attnmhc_2h,wikitext2,1228800,1,6,442
42,medium,deepseekv4_attnmhc_2h,wikitext2,1228800,1,7,396
42,medium,deepseekv4_attnmhc_2h,wikitext2,1228800,2,0,466
42,medium,deepseekv4_attnmhc_2h,wikitext2,1228800,2,1,534
42,medium,deepseekv4_attnmhc_2h,wikitext2,1228800,2,2,459
42,medium,deepseekv4_attnmhc_2h,wikitext2,1228800,2,3,525
42,medium,deepseekv4_attnmhc_2h,wikitext2,1228800,2,4,561
42,medium,deepseekv4_attnmhc_2h,wikitext2,1228800,2,5,526
42,medium,deepseekv4_attnmhc_2h,wikitext2,1228800,2,6,493
42,medium,deepseekv4_attnmhc_2h,wikitext2,1228800,2,7,532
42,medium,deepseekv4_attnmhc_2h,wikitext2,1228800,3,0,589
42,medium,deepseekv4_attnmhc_2h,wikitext2,1228800,3,1,498
42,medium,deepseekv4_attnmhc_2h,wikitext2,1228800,3,2,548
42,medium,deepseekv4_attnmhc_2h,wikitext2,1228800,3,3,487
42,medium,deepseekv4_attnmhc_2h,wikitext2,1228800,3,4,444
42,medium,deepseekv4_attnmhc_2h,wikitext2,1228800,3,5,540
42,medium,deepseekv4_attnmhc_2h,wikitext2,1228800,3,6,495
42,medium,deepseekv4_attnmhc_2h,wikitext2,1228800,3,7,495
42,medium,deepseekv4_attnmhc_2h,wikitext2,1228800,4,0,551
42,medium,deepseekv4_attnmhc_2h,wikitext2,1228800,4,1,456
42,medium,deepseekv4_attnmhc_2h,wikitext2,1228800,4,2,539
42,medium,deepseekv4_attnmhc_2h,wikitext2,1228800,4,3,493
42,medium,deepseekv4_attnmhc_2h,wikitext2,1228800,4,4,490
42,medium,deepseekv4_attnmhc_2h,wikitext2,1228800,4,5,520
42,medium,deepseekv4_attnmhc_2h,wikitext2,1228800,4,6,529
42,medium,deepseekv4_attnmhc_2h,wikitext2,1228800,4,7,518
42,medium,deepseekv4_attnmhc_2h,wikitext2,1228800,5,0,509
42,medium,deepseekv4_attnmhc_2h,wikitext2,1228800,5,1,532
42,medium,deepseekv4_attnmhc_2h,wikitext2,1228800,5,2,441
42,medium,deepseekv4_attnmhc_2h,wikitext2,1228800,5,3,593
42,medium,deepseekv4_attnmhc_2h,wikitext2,1228800,5,4,470
42,medium,deepseekv4_attnmhc_2h,wikitext2,1228800,5,5,491
42,medium,deepseekv4_attnmhc_2h,wikitext2,1228800,5,6,524
42,medium,deepseekv4_attnmhc_2h,wikitext2,1228800,5,7,536
42,medium,deepseekv4_attnmhc_2h,wikitext2,1433600,0,0,339
42,medium,deepseekv4_attnmhc_2h,wikitext2,1433600,0,1,238
42,medium,deepseekv4_attnmhc_2h,wikitext2,1433600,0,2,347
42,medium,deepseekv4_attnmhc_2h,wikitext2,1433600,0,3,952
42,medium,deepseekv4_attnmhc_2h,wikitext2,1433600,0,4,418
42,medium,deepseekv4_attnmhc_2h,wikitext2,1433600,0,5,707
42,medium,deepseekv4_attnmhc_2h,wikitext2,1433600,0,6,232
42,medium,deepseekv4_attnmhc_2h,wikitext2,1433600,0,7,863
42,medium,deepseekv4_attnmhc_2h,wikitext2,1433600,1,0,319
42,medium,deepseekv4_attnmhc_2h,wikitext2,1433600,1,1,372
42,medium,deepseekv4_attnmhc_2h,wikitext2,1433600,1,2,1073
42,medium,deepseekv4_attnmhc_2h,wikitext2,1433600,1,3,579
42,medium,deepseekv4_attnmhc_2h,wikitext2,1433600,1,4,651
42,medium,deepseekv4_attnmhc_2h,wikitext2,1433600,1,5,266
42,medium,deepseekv4_attnmhc_2h,wikitext2,1433600,1,6,451
42,medium,deepseekv4_attnmhc_2h,wikitext2,1433600,1,7,385
42,medium,deepseekv4_attnmhc_2h,wikitext2,1433600,2,0,458
42,medium,deepseekv4_attnmhc_2h,wikitext2,1433600,2,1,492
42,medium,deepseekv4_attnmhc_2h,wikitext2,1433600,2,2,500
42,medium,deepseekv4_attnmhc_2h,wikitext2,1433600,2,3,608
42,medium,deepseekv4_attnmhc_2h,wikitext2,1433600,2,4,611
42,medium,deepseekv4_attnmhc_2h,wikitext2,1433600,2,5,492
42,medium,deepseekv4_attnmhc_2h,wikitext2,1433600,2,6,506
42,medium,deepseekv4_attnmhc_2h,wikitext2,1433600,2,7,429
42,medium,deepseekv4_attnmhc_2h,wikitext2,1433600,3,0,448
42,medium,deepseekv4_attnmhc_2h,wikitext2,1433600,3,1,532
42,medium,deepseekv4_attnmhc_2h,wikitext2,1433600,3,2,443
42,medium,deepseekv4_attnmhc_2h,wikitext2,1433600,3,3,599
42,medium,deepseekv4_attnmhc_2h,wikitext2,1433600,3,4,558
42,medium,deepseekv4_attnmhc_2h,wikitext2,1433600,3,5,548
42,medium,deepseekv4_attnmhc_2h,wikitext2,1433600,3,6,419
42,medium,deepseekv4_attnmhc_2h,wikitext2,1433600,3,7,549
42,medium,deepseekv4_attnmhc_2h,wikitext2,1433600,4,0,556
42,medium,deepseekv4_attnmhc_2h,wikitext2,1433600,4,1,471
42,medium,deepseekv4_attnmhc_2h,wikitext2,1433600,4,2,550
42,medium,deepseekv4_attnmhc_2h,wikitext2,1433600,4,3,464
42,medium,deepseekv4_attnmhc_2h,wikitext2,1433600,4,4,532
42,medium,deepseekv4_attnmhc_2h,wikitext2,1433600,4,5,438
42,medium,deepseekv4_attnmhc_2h,wikitext2,1433600,4,6,474
42,medium,deepseekv4_attnmhc_2h,wikitext2,1433600,4,7,611
42,medium,deepseekv4_attnmhc_2h,wikitext2,1433600,5,0,503
42,medium,deepseekv4_attnmhc_2h,wikitext2,1433600,5,1,505
42,medium,deepseekv4_attnmhc_2h,wikitext2,1433600,5,2,472
42,medium,deepseekv4_attnmhc_2h,wikitext2,1433600,5,3,516
42,medium,deepseekv4_attnmhc_2h,wikitext2,1433600,5,4,532
42,medium,deepseekv4_attnmhc_2h,wikitext2,1433600,5,5,562
42,medium,deepseekv4_attnmhc_2h,wikitext2,1433600,5,6,492
42,medium,deepseekv4_attnmhc_2h,wikitext2,1433600,5,7,514
42,medium,deepseekv4_attnmhc_2h,wikitext2,1638400,0,0,336
42,medium,deepseekv4_attnmhc_2h,wikitext2,1638400,0,1,241
42,medium,deepseekv4_attnmhc_2h,wikitext2,1638400,0,2,370
42,medium,deepseekv4_attnmhc_2h,wikitext2,1638400,0,3,938
42,medium,deepseekv4_attnmhc_2h,wikitext2,1638400,0,4,397
42,medium,deepseekv4_attnmhc_2h,wikitext2,1638400,0,5,674
42,medium,deepseekv4_attnmhc_2h,wikitext2,1638400,0,6,246
42,medium,deepseekv4_attnmhc_2h,wikitext2,1638400,0,7,894
42,medium,deepseekv4_attnmhc_2h,wikitext2,1638400,1,0,292
42,medium,deepseekv4_attnmhc_2h,wikitext2,1638400,1,1,381
42,medium,deepseekv4_attnmhc_2h,wikitext2,1638400,1,2,1076
42,medium,deepseekv4_attnmhc_2h,wikitext2,1638400,1,3,586
42,medium,deepseekv4_attnmhc_2h,wikitext2,1638400,1,4,640
42,medium,deepseekv4_attnmhc_2h,wikitext2,1638400,1,5,256
42,medium,deepseekv4_attnmhc_2h,wikitext2,1638400,1,6,480
42,medium,deepseekv4_attnmhc_2h,wikitext2,1638400,1,7,385
42,medium,deepseekv4_attnmhc_2h,wikitext2,1638400,2,0,451
42,medium,deepseekv4_attnmhc_2h,wikitext2,1638400,2,1,447
42,medium,deepseekv4_attnmhc_2h,wikitext2,1638400,2,2,558
42,medium,deepseekv4_attnmhc_2h,wikitext2,1638400,2,3,570
42,medium,deepseekv4_attnmhc_2h,wikitext2,1638400,2,4,534
42,medium,deepseekv4_attnmhc_2h,wikitext2,1638400,2,5,482
42,medium,deepseekv4_attnmhc_2h,wikitext2,1638400,2,6,588
42,medium,deepseekv4_attnmhc_2h,wikitext2,1638400,2,7,466
42,medium,deepseekv4_attnmhc_2h,wikitext2,1638400,3,0,579
42,medium,deepseekv4_attnmhc_2h,wikitext2,1638400,3,1,557
42,medium,deepseekv4_attnmhc_2h,wikitext2,1638400,3,2,455
42,medium,deepseekv4_attnmhc_2h,wikitext2,1638400,3,3,490
42,medium,deepseekv4_attnmhc_2h,wikitext2,1638400,3,4,493
42,medium,deepseekv4_attnmhc_2h,wikitext2,1638400,3,5,502
42,medium,deepseekv4_attnmhc_2h,wikitext2,1638400,3,6,467
42,medium,deepseekv4_attnmhc_2h,wikitext2,1638400,3,7,553
42,medium,deepseekv4_attnmhc_2h,wikitext2,1638400,4,0,563
42,medium,deepseekv4_attnmhc_2h,wikitext2,1638400,4,1,475
42,medium,deepseekv4_attnmhc_2h,wikitext2,1638400,4,2,529
42,medium,deepseekv4_attnmhc_2h,wikitext2,1638400,4,3,462
42,medium,deepseekv4_attnmhc_2h,wikitext2,1638400,4,4,490
42,medium,deepseekv4_attnmhc_2h,wikitext2,1638400,4,5,473
42,medium,deepseekv4_attnmhc_2h,wikitext2,1638400,4,6,481
42,medium,deepseekv4_attnmhc_2h,wikitext2,1638400,4,7,623
42,medium,deepseekv4_attnmhc_2h,wikitext2,1638400,5,0,554
42,medium,deepseekv4_attnmhc_2h,wikitext2,1638400,5,1,467
42,medium,deepseekv4_attnmhc_2h,wikitext2,1638400,5,2,468
42,medium,deepseekv4_attnmhc_2h,wikitext2,1638400,5,3,588
42,medium,deepseekv4_attnmhc_2h,wikitext2,1638400,5,4,474
42,medium,deepseekv4_attnmhc_2h,wikitext2,1638400,5,5,459
42,medium,deepseekv4_attnmhc_2h,wikitext2,1638400,5,6,555
42,medium,deepseekv4_attnmhc_2h,wikitext2,1638400,5,7,531
42,medium,deepseekv4_attnmhc_2h,wikitext2,1843200,0,0,357
42,medium,deepseekv4_attnmhc_2h,wikitext2,1843200,0,1,239
42,medium,deepseekv4_attnmhc_2h,wikitext2,1843200,0,2,384
42,medium,deepseekv4_attnmhc_2h,wikitext2,1843200,0,3,959
42,medium,deepseekv4_attnmhc_2h,wikitext2,1843200,0,4,388
42,medium,deepseekv4_attnmhc_2h,wikitext2,1843200,0,5,624
42,medium,deepseekv4_attnmhc_2h,wikitext2,1843200,0,6,257
42,medium,deepseekv4_attnmhc_2h,wikitext2,1843200,0,7,888
42,medium,deepseekv4_attnmhc_2h,wikitext2,1843200,1,0,307
42,medium,deepseekv4_attnmhc_2h,wikitext2,1843200,1,1,387
42,medium,deepseekv4_attnmhc_2h,wikitext2,1843200,1,2,1057
42,medium,deepseekv4_attnmhc_2h,wikitext2,1843200,1,3,603
42,medium,deepseekv4_attnmhc_2h,wikitext2,1843200,1,4,645
42,medium,deepseekv4_attnmhc_2h,wikitext2,1843200,1,5,245
42,medium,deepseekv4_attnmhc_2h,wikitext2,1843200,1,6,468
42,medium,deepseekv4_attnmhc_2h,wikitext2,1843200,1,7,384
42,medium,deepseekv4_attnmhc_2h,wikitext2,1843200,2,0,459
42,medium,deepseekv4_attnmhc_2h,wikitext2,1843200,2,1,553
42,medium,deepseekv4_attnmhc_2h,wikitext2,1843200,2,2,539
42,medium,deepseekv4_attnmhc_2h,wikitext2,1843200,2,3,571
42,medium,deepseekv4_attnmhc_2h,wikitext2,1843200,2,4,505
42,medium,deepseekv4_attnmhc_2h,wikitext2,1843200,2,5,491
42,medium,deepseekv4_attnmhc_2h,wikitext2,1843200,2,6,518
42,medium,deepseekv4_attnmhc_2h,wikitext2,1843200,2,7,460
42,medium,deepseekv4_attnmhc_2h,wikitext2,1843200,3,0,514
42,medium,deepseekv4_attnmhc_2h,wikitext2,1843200,3,1,525
42,medium,deepseekv4_attnmhc_2h,wikitext2,1843200,3,2,528
42,medium,deepseekv4_attnmhc_2h,wikitext2,1843200,3,3,535
42,medium,deepseekv4_attnmhc_2h,wikitext2,1843200,3,4,484
42,medium,deepseekv4_attnmhc_2h,wikitext2,1843200,3,5,614
42,medium,deepseekv4_attnmhc_2h,wikitext2,1843200,3,6,413
42,medium,deepseekv4_attnmhc_2h,wikitext2,1843200,3,7,483
42,medium,deepseekv4_attnmhc_2h,wikitext2,1843200,4,0,491
42,medium,deepseekv4_attnmhc_2h,wikitext2,1843200,4,1,520
42,medium,deepseekv4_attnmhc_2h,wikitext2,1843200,4,2,532
42,medium,deepseekv4_attnmhc_2h,wikitext2,1843200,4,3,561
42,medium,deepseekv4_attnmhc_2h,wikitext2,1843200,4,4,492
42,medium,deepseekv4_attnmhc_2h,wikitext2,1843200,4,5,481
42,medium,deepseekv4_attnmhc_2h,wikitext2,1843200,4,6,557
42,medium,deepseekv4_attnmhc_2h,wikitext2,1843200,4,7,462
42,medium,deepseekv4_attnmhc_2h,wikitext2,1843200,5,0,513
42,medium,deepseekv4_attnmhc_2h,wikitext2,1843200,5,1,449
42,medium,deepseekv4_attnmhc_2h,wikitext2,1843200,5,2,577
42,medium,deepseekv4_attnmhc_2h,wikitext2,1843200,5,3,501
42,medium,deepseekv4_attnmhc_2h,wikitext2,1843200,5,4,553
42,medium,deepseekv4_attnmhc_2h,wikitext2,1843200,5,5,487
42,medium,deepseekv4_attnmhc_2h,wikitext2,1843200,5,6,510
42,medium,deepseekv4_attnmhc_2h,wikitext2,1843200,5,7,506
42,medium,deepseekv4_attnmhc_2h,wikitext2,2048000,0,0,334
42,medium,deepseekv4_attnmhc_2h,wikitext2,2048000,0,1,247
42,medium,deepseekv4_attnmhc_2h,wikitext2,2048000,0,2,348
42,medium,deepseekv4_attnmhc_2h,wikitext2,2048000,0,3,953
42,medium,deepseekv4_attnmhc_2h,wikitext2,2048000,0,4,417
42,medium,deepseekv4_attnmhc_2h,wikitext2,2048000,0,5,684
42,medium,deepseekv4_attnmhc_2h,wikitext2,2048000,0,6,230
42,medium,deepseekv4_attnmhc_2h,wikitext2,2048000,0,7,883
42,medium,deepseekv4_attnmhc_2h,wikitext2,2048000,1,0,352
42,medium,deepseekv4_attnmhc_2h,wikitext2,2048000,1,1,389
42,medium,deepseekv4_attnmhc_2h,wikitext2,2048000,1,2,1060
42,medium,deepseekv4_attnmhc_2h,wikitext2,2048000,1,3,616
42,medium,deepseekv4_attnmhc_2h,wikitext2,2048000,1,4,615
42,medium,deepseekv4_attnmhc_2h,wikitext2,2048000,1,5,266
42,medium,deepseekv4_attnmhc_2h,wikitext2,2048000,1,6,433
42,medium,deepseekv4_attnmhc_2h,wikitext2,2048000,1,7,365
42,medium,deepseekv4_attnmhc_2h,wikitext2,2048000,2,0,512
42,medium,deepseekv4_attnmhc_2h,wikitext2,2048000,2,1,484
42,medium,deepseekv4_attnmhc_2h,wikitext2,2048000,2,2,525
42,medium,deepseekv4_attnmhc_2h,wikitext2,2048000,2,3,515
42,medium,deepseekv4_attnmhc_2h,wikitext2,2048000,2,4,518
42,medium,deepseekv4_attnmhc_2h,wikitext2,2048000,2,5,522
42,medium,deepseekv4_attnmhc_2h,wikitext2,2048000,2,6,554
42,medium,deepseekv4_attnmhc_2h,wikitext2,2048000,2,7,466
42,medium,deepseekv4_attnmhc_2h,wikitext2,2048000,3,0,511
42,medium,deepseekv4_attnmhc_2h,wikitext2,2048000,3,1,468
42,medium,deepseekv4_attnmhc_2h,wikitext2,2048000,3,2,496
42,medium,deepseekv4_attnmhc_2h,wikitext2,2048000,3,3,533
42,medium,deepseekv4_attnmhc_2h,wikitext2,2048000,3,4,515
42,medium,deepseekv4_attnmhc_2h,wikitext2,2048000,3,5,525
42,medium,deepseekv4_attnmhc_2h,wikitext2,2048000,3,6,528
42,medium,deepseekv4_attnmhc_2h,wikitext2,2048000,3,7,520
42,medium,deepseekv4_attnmhc_2h,wikitext2,2048000,4,0,475
42,medium,deepseekv4_attnmhc_2h,wikitext2,2048000,4,1,525
42,medium,deepseekv4_attnmhc_2h,wikitext2,2048000,4,2,440
42,medium,deepseekv4_attnmhc_2h,wikitext2,2048000,4,3,444
42,medium,deepseekv4_attnmhc_2h,wikitext2,2048000,4,4,490
42,medium,deepseekv4_attnmhc_2h,wikitext2,2048000,4,5,542
42,medium,deepseekv4_attnmhc_2h,wikitext2,2048000,4,6,543
42,medium,deepseekv4_attnmhc_2h,wikitext2,2048000,4,7,637
42,medium,deepseekv4_attnmhc_2h,wikitext2,2048000,5,0,491
42,medium,deepseekv4_attnmhc_2h,wikitext2,2048000,5,1,463
42,medium,deepseekv4_attnmhc_2h,wikitext2,2048000,5,2,542
42,medium,deepseekv4_attnmhc_2h,wikitext2,2048000,5,3,509
42,medium,deepseekv4_attnmhc_2h,wikitext2,2048000,5,4,520
42,medium,deepseekv4_attnmhc_2h,wikitext2,2048000,5,5,575
42,medium,deepseekv4_attnmhc_2h,wikitext2,2048000,5,6,507
42,medium,deepseekv4_attnmhc_2h,wikitext2,2048000,5,7,489
42,medium,deepseekv4_attnmhc_dnd,wikitext2,2048,0,0,319
42,medium,deepseekv4_attnmhc_dnd,wikitext2,2048,0,1,252
42,medium,deepseekv4_attnmhc_dnd,wikitext2,2048,0,2,382
42,medium,deepseekv4_attnmhc_dnd,wikitext2,2048,0,3,934
42,medium,deepseekv4_attnmhc_dnd,wikitext2,2048,0,4,408
42,medium,deepseekv4_attnmhc_dnd,wikitext2,2048,0,5,650
42,medium,deepseekv4_attnmhc_dnd,wikitext2,2048,0,6,270
42,medium,deepseekv4_attnmhc_dnd,wikitext2,2048,0,7,881
42,medium,deepseekv4_attnmhc_dnd,wikitext2,2048,1,0,311
42,medium,deepseekv4_attnmhc_dnd,wikitext2,2048,1,1,398
42,medium,deepseekv4_attnmhc_dnd,wikitext2,2048,1,2,1082
42,medium,deepseekv4_attnmhc_dnd,wikitext2,2048,1,3,591
42,medium,deepseekv4_attnmhc_dnd,wikitext2,2048,1,4,606
42,medium,deepseekv4_attnmhc_dnd,wikitext2,2048,1,5,281
42,medium,deepseekv4_attnmhc_dnd,wikitext2,2048,1,6,448
42,medium,deepseekv4_attnmhc_dnd,wikitext2,2048,1,7,379
42,medium,deepseekv4_attnmhc_dnd,wikitext2,2048,2,0,926
42,medium,deepseekv4_attnmhc_dnd,wikitext2,2048,2,1,576
42,medium,deepseekv4_attnmhc_dnd,wikitext2,2048,2,2,606
42,medium,deepseekv4_attnmhc_dnd,wikitext2,2048,2,3,587
42,medium,deepseekv4_attnmhc_dnd,wikitext2,2048,2,4,634
42,medium,deepseekv4_attnmhc_dnd,wikitext2,2048,2,5,453
42,medium,deepseekv4_attnmhc_dnd,wikitext2,2048,2,6,216
42,medium,deepseekv4_attnmhc_dnd,wikitext2,2048,2,7,98
42,medium,deepseekv4_attnmhc_dnd,wikitext2,2048,3,0,790
42,medium,deepseekv4_attnmhc_dnd,wikitext2,2048,3,1,428
42,medium,deepseekv4_attnmhc_dnd,wikitext2,2048,3,2,459
42,medium,deepseekv4_attnmhc_dnd,wikitext2,2048,3,3,792
42,medium,deepseekv4_attnmhc_dnd,wikitext2,2048,3,4,336
42,medium,deepseekv4_attnmhc_dnd,wikitext2,2048,3,5,751
42,medium,deepseekv4_attnmhc_dnd,wikitext2,2048,3,6,134
42,medium,deepseekv4_attnmhc_dnd,wikitext2,2048,3,7,406
42,medium,deepseekv4_attnmhc_dnd,wikitext2,2048,4,0,594
42,medium,deepseekv4_attnmhc_dnd,wikitext2,2048,4,1,1058
42,medium,deepseekv4_attnmhc_dnd,wikitext2,2048,4,2,176
42,medium,deepseekv4_attnmhc_dnd,wikitext2,2048,4,3,619
42,medium,deepseekv4_attnmhc_dnd,wikitext2,2048,4,4,567
42,medium,deepseekv4_attnmhc_dnd,wikitext2,2048,4,5,331
42,medium,deepseekv4_attnmhc_dnd,wikitext2,2048,4,6,568
42,medium,deepseekv4_attnmhc_dnd,wikitext2,2048,4,7,183
42,medium,deepseekv4_attnmhc_dnd,wikitext2,2048,5,0,669
42,medium,deepseekv4_attnmhc_dnd,wikitext2,2048,5,1,979
42,medium,deepseekv4_attnmhc_dnd,wikitext2,2048,5,2,402
42,medium,deepseekv4_attnmhc_dnd,wikitext2,2048,5,3,206
42,medium,deepseekv4_attnmhc_dnd,wikitext2,2048,5,4,1080
42,medium,deepseekv4_attnmhc_dnd,wikitext2,2048,5,5,245
42,medium,deepseekv4_attnmhc_dnd,wikitext2,2048,5,6,219
42,medium,deepseekv4_attnmhc_dnd,wikitext2,2048,5,7,296
42,medium,deepseekv4_attnmhc_dnd,wikitext2,204800,0,0,350
42,medium,deepseekv4_attnmhc_dnd,wikitext2,204800,0,1,230
42,medium,deepseekv4_attnmhc_dnd,wikitext2,204800,0,2,381
42,medium,deepseekv4_attnmhc_dnd,wikitext2,204800,0,3,940
42,medium,deepseekv4_attnmhc_dnd,wikitext2,204800,0,4,383
42,medium,deepseekv4_attnmhc_dnd,wikitext2,204800,0,5,691
42,medium,deepseekv4_attnmhc_dnd,wikitext2,204800,0,6,249
42,medium,deepseekv4_attnmhc_dnd,wikitext2,204800,0,7,872
42,medium,deepseekv4_attnmhc_dnd,wikitext2,204800,1,0,320
42,medium,deepseekv4_attnmhc_dnd,wikitext2,204800,1,1,364
42,medium,deepseekv4_attnmhc_dnd,wikitext2,204800,1,2,1050
42,medium,deepseekv4_attnmhc_dnd,wikitext2,204800,1,3,580
42,medium,deepseekv4_attnmhc_dnd,wikitext2,204800,1,4,630
42,medium,deepseekv4_attnmhc_dnd,wikitext2,204800,1,5,268
42,medium,deepseekv4_attnmhc_dnd,wikitext2,204800,1,6,477
42,medium,deepseekv4_attnmhc_dnd,wikitext2,204800,1,7,407
42,medium,deepseekv4_attnmhc_dnd,wikitext2,204800,2,0,473
42,medium,deepseekv4_attnmhc_dnd,wikitext2,204800,2,1,527
42,medium,deepseekv4_attnmhc_dnd,wikitext2,204800,2,2,448
42,medium,deepseekv4_attnmhc_dnd,wikitext2,204800,2,3,514
42,medium,deepseekv4_attnmhc_dnd,wikitext2,204800,2,4,634
42,medium,deepseekv4_attnmhc_dnd,wikitext2,204800,2,5,534
42,medium,deepseekv4_attnmhc_dnd,wikitext2,204800,2,6,447
42,medium,deepseekv4_attnmhc_dnd,wikitext2,204800,2,7,519
42,medium,deepseekv4_attnmhc_dnd,wikitext2,204800,3,0,562
42,medium,deepseekv4_attnmhc_dnd,wikitext2,204800,3,1,442
42,medium,deepseekv4_attnmhc_dnd,wikitext2,204800,3,2,541
42,medium,deepseekv4_attnmhc_dnd,wikitext2,204800,3,3,526
42,medium,deepseekv4_attnmhc_dnd,wikitext2,204800,3,4,378
42,medium,deepseekv4_attnmhc_dnd,wikitext2,204800,3,5,606
42,medium,deepseekv4_attnmhc_dnd,wikitext2,204800,3,6,407
42,medium,deepseekv4_attnmhc_dnd,wikitext2,204800,3,7,634
42,medium,deepseekv4_attnmhc_dnd,wikitext2,204800,4,0,436
42,medium,deepseekv4_attnmhc_dnd,wikitext2,204800,4,1,607
42,medium,deepseekv4_attnmhc_dnd,wikitext2,204800,4,2,653
42,medium,deepseekv4_attnmhc_dnd,wikitext2,204800,4,3,512
42,medium,deepseekv4_attnmhc_dnd,wikitext2,204800,4,4,514
42,medium,deepseekv4_attnmhc_dnd,wikitext2,204800,4,5,468
42,medium,deepseekv4_attnmhc_dnd,wikitext2,204800,4,6,538
42,medium,deepseekv4_attnmhc_dnd,wikitext2,204800,4,7,368
42,medium,deepseekv4_attnmhc_dnd,wikitext2,204800,5,0,561
42,medium,deepseekv4_attnmhc_dnd,wikitext2,204800,5,1,519
42,medium,deepseekv4_attnmhc_dnd,wikitext2,204800,5,2,176
42,medium,deepseekv4_attnmhc_dnd,wikitext2,204800,5,3,553
42,medium,deepseekv4_attnmhc_dnd,wikitext2,204800,5,4,507
42,medium,deepseekv4_attnmhc_dnd,wikitext2,204800,5,5,618
42,medium,deepseekv4_attnmhc_dnd,wikitext2,204800,5,6,583
42,medium,deepseekv4_attnmhc_dnd,wikitext2,204800,5,7,579
42,medium,deepseekv4_attnmhc_dnd,wikitext2,409600,0,0,298
42,medium,deepseekv4_attnmhc_dnd,wikitext2,409600,0,1,252
42,medium,deepseekv4_attnmhc_dnd,wikitext2,409600,0,2,391
42,medium,deepseekv4_attnmhc_dnd,wikitext2,409600,0,3,935
42,medium,deepseekv4_attnmhc_dnd,wikitext2,409600,0,4,408
42,medium,deepseekv4_attnmhc_dnd,wikitext2,409600,0,5,650
42,medium,deepseekv4_attnmhc_dnd,wikitext2,409600,0,6,269
42,medium,deepseekv4_attnmhc_dnd,wikitext2,409600,0,7,893
42,medium,deepseekv4_attnmhc_dnd,wikitext2,409600,1,0,301
42,medium,deepseekv4_attnmhc_dnd,wikitext2,409600,1,1,363
42,medium,deepseekv4_attnmhc_dnd,wikitext2,409600,1,2,1051
42,medium,deepseekv4_attnmhc_dnd,wikitext2,409600,1,3,620
42,medium,deepseekv4_attnmhc_dnd,wikitext2,409600,1,4,611
42,medium,deepseekv4_attnmhc_dnd,wikitext2,409600,1,5,261
42,medium,deepseekv4_attnmhc_dnd,wikitext2,409600,1,6,482
42,medium,deepseekv4_attnmhc_dnd,wikitext2,409600,1,7,407
42,medium,deepseekv4_attnmhc_dnd,wikitext2,409600,2,0,572
42,medium,deepseekv4_attnmhc_dnd,wikitext2,409600,2,1,625
42,medium,deepseekv4_attnmhc_dnd,wikitext2,409600,2,2,483
42,medium,deepseekv4_attnmhc_dnd,wikitext2,409600,2,3,487
42,medium,deepseekv4_attnmhc_dnd,wikitext2,409600,2,4,470
42,medium,deepseekv4_attnmhc_dnd,wikitext2,409600,2,5,510
42,medium,deepseekv4_attnmhc_dnd,wikitext2,409600,2,6,516
42,medium,deepseekv4_attnmhc_dnd,wikitext2,409600,2,7,433
42,medium,deepseekv4_attnmhc_dnd,wikitext2,409600,3,0,585
42,medium,deepseekv4_attnmhc_dnd,wikitext2,409600,3,1,447
42,medium,deepseekv4_attnmhc_dnd,wikitext2,409600,3,2,452
42,medium,deepseekv4_attnmhc_dnd,wikitext2,409600,3,3,583
42,medium,deepseekv4_attnmhc_dnd,wikitext2,409600,3,4,427
42,medium,deepseekv4_attnmhc_dnd,wikitext2,409600,3,5,504
42,medium,deepseekv4_attnmhc_dnd,wikitext2,409600,3,6,528
42,medium,deepseekv4_attnmhc_dnd,wikitext2,409600,3,7,570
42,medium,deepseekv4_attnmhc_dnd,wikitext2,409600,4,0,525
42,medium,deepseekv4_attnmhc_dnd,wikitext2,409600,4,1,420
42,medium,deepseekv4_attnmhc_dnd,wikitext2,409600,4,2,566
42,medium,deepseekv4_attnmhc_dnd,wikitext2,409600,4,3,518
42,medium,deepseekv4_attnmhc_dnd,wikitext2,409600,4,4,515
42,medium,deepseekv4_attnmhc_dnd,wikitext2,409600,4,5,509
42,medium,deepseekv4_attnmhc_dnd,wikitext2,409600,4,6,484
42,medium,deepseekv4_attnmhc_dnd,wikitext2,409600,4,7,559
42,medium,deepseekv4_attnmhc_dnd,wikitext2,409600,5,0,408
42,medium,deepseekv4_attnmhc_dnd,wikitext2,409600,5,1,425
42,medium,deepseekv4_attnmhc_dnd,wikitext2,409600,5,2,469
42,medium,deepseekv4_attnmhc_dnd,wikitext2,409600,5,3,525
42,medium,deepseekv4_attnmhc_dnd,wikitext2,409600,5,4,424
42,medium,deepseekv4_attnmhc_dnd,wikitext2,409600,5,5,732
42,medium,deepseekv4_attnmhc_dnd,wikitext2,409600,5,6,539
42,medium,deepseekv4_attnmhc_dnd,wikitext2,409600,5,7,574
42,medium,deepseekv4_attnmhc_dnd,wikitext2,614400,0,0,315
42,medium,deepseekv4_attnmhc_dnd,wikitext2,614400,0,1,260
42,medium,deepseekv4_attnmhc_dnd,wikitext2,614400,0,2,384
42,medium,deepseekv4_attnmhc_dnd,wikitext2,614400,0,3,944
42,medium,deepseekv4_attnmhc_dnd,wikitext2,614400,0,4,407
42,medium,deepseekv4_attnmhc_dnd,wikitext2,614400,0,5,652
42,medium,deepseekv4_attnmhc_dnd,wikitext2,614400,0,6,263
42,medium,deepseekv4_attnmhc_dnd,wikitext2,614400,0,7,871
42,medium,deepseekv4_attnmhc_dnd,wikitext2,614400,1,0,317
42,medium,deepseekv4_attnmhc_dnd,wikitext2,614400,1,1,402
42,medium,deepseekv4_attnmhc_dnd,wikitext2,614400,1,2,1057
42,medium,deepseekv4_attnmhc_dnd,wikitext2,614400,1,3,606
42,medium,deepseekv4_attnmhc_dnd,wikitext2,614400,1,4,622
42,medium,deepseekv4_attnmhc_dnd,wikitext2,614400,1,5,269
42,medium,deepseekv4_attnmhc_dnd,wikitext2,614400,1,6,432
42,medium,deepseekv4_attnmhc_dnd,wikitext2,614400,1,7,391
42,medium,deepseekv4_attnmhc_dnd,wikitext2,614400,2,0,478
42,medium,deepseekv4_attnmhc_dnd,wikitext2,614400,2,1,592
42,medium,deepseekv4_attnmhc_dnd,wikitext2,614400,2,2,494
42,medium,deepseekv4_attnmhc_dnd,wikitext2,614400,2,3,476
42,medium,deepseekv4_attnmhc_dnd,wikitext2,614400,2,4,489
42,medium,deepseekv4_attnmhc_dnd,wikitext2,614400,2,5,501
42,medium,deepseekv4_attnmhc_dnd,wikitext2,614400,2,6,562
42,medium,deepseekv4_attnmhc_dnd,wikitext2,614400,2,7,504
42,medium,deepseekv4_attnmhc_dnd,wikitext2,614400,3,0,526
42,medium,deepseekv4_attnmhc_dnd,wikitext2,614400,3,1,484
42,medium,deepseekv4_attnmhc_dnd,wikitext2,614400,3,2,515
42,medium,deepseekv4_attnmhc_dnd,wikitext2,614400,3,3,456
42,medium,deepseekv4_attnmhc_dnd,wikitext2,614400,3,4,504
42,medium,deepseekv4_attnmhc_dnd,wikitext2,614400,3,5,527
42,medium,deepseekv4_attnmhc_dnd,wikitext2,614400,3,6,557
42,medium,deepseekv4_attnmhc_dnd,wikitext2,614400,3,7,527
42,medium,deepseekv4_attnmhc_dnd,wikitext2,614400,4,0,535
42,medium,deepseekv4_attnmhc_dnd,wikitext2,614400,4,1,548
42,medium,deepseekv4_attnmhc_dnd,wikitext2,614400,4,2,486
42,medium,deepseekv4_attnmhc_dnd,wikitext2,614400,4,3,486
42,medium,deepseekv4_attnmhc_dnd,wikitext2,614400,4,4,533
42,medium,deepseekv4_attnmhc_dnd,wikitext2,614400,4,5,494
42,medium,deepseekv4_attnmhc_dnd,wikitext2,614400,4,6,524
42,medium,deepseekv4_attnmhc_dnd,wikitext2,614400,4,7,490
42,medium,deepseekv4_attnmhc_dnd,wikitext2,614400,5,0,481
42,medium,deepseekv4_attnmhc_dnd,wikitext2,614400,5,1,583
42,medium,deepseekv4_attnmhc_dnd,wikitext2,614400,5,2,544
42,medium,deepseekv4_attnmhc_dnd,wikitext2,614400,5,3,437
42,medium,deepseekv4_attnmhc_dnd,wikitext2,614400,5,4,500
42,medium,deepseekv4_attnmhc_dnd,wikitext2,614400,5,5,510
42,medium,deepseekv4_attnmhc_dnd,wikitext2,614400,5,6,391
42,medium,deepseekv4_attnmhc_dnd,wikitext2,614400,5,7,650
42,medium,deepseekv4_attnmhc_dnd,wikitext2,819200,0,0,323
42,medium,deepseekv4_attnmhc_dnd,wikitext2,819200,0,1,241
42,medium,deepseekv4_attnmhc_dnd,wikitext2,819200,0,2,379
42,medium,deepseekv4_attnmhc_dnd,wikitext2,819200,0,3,943
42,medium,deepseekv4_attnmhc_dnd,wikitext2,819200,0,4,401
42,medium,deepseekv4_attnmhc_dnd,wikitext2,819200,0,5,658
42,medium,deepseekv4_attnmhc_dnd,wikitext2,819200,0,6,244
42,medium,deepseekv4_attnmhc_dnd,wikitext2,819200,0,7,907
42,medium,deepseekv4_attnmhc_dnd,wikitext2,819200,1,0,320
42,medium,deepseekv4_attnmhc_dnd,wikitext2,819200,1,1,408
42,medium,deepseekv4_attnmhc_dnd,wikitext2,819200,1,2,1072
42,medium,deepseekv4_attnmhc_dnd,wikitext2,819200,1,3,606
42,medium,deepseekv4_attnmhc_dnd,wikitext2,819200,1,4,630
42,medium,deepseekv4_attnmhc_dnd,wikitext2,819200,1,5,287
42,medium,deepseekv4_attnmhc_dnd,wikitext2,819200,1,6,411
42,medium,deepseekv4_attnmhc_dnd,wikitext2,819200,1,7,362
42,medium,deepseekv4_attnmhc_dnd,wikitext2,819200,2,0,531
42,medium,deepseekv4_attnmhc_dnd,wikitext2,819200,2,1,569
42,medium,deepseekv4_attnmhc_dnd,wikitext2,819200,2,2,493
42,medium,deepseekv4_attnmhc_dnd,wikitext2,819200,2,3,456
42,medium,deepseekv4_attnmhc_dnd,wikitext2,819200,2,4,482
42,medium,deepseekv4_attnmhc_dnd,wikitext2,819200,2,5,508
42,medium,deepseekv4_attnmhc_dnd,wikitext2,819200,2,6,522
42,medium,deepseekv4_attnmhc_dnd,wikitext2,819200,2,7,535
42,medium,deepseekv4_attnmhc_dnd,wikitext2,819200,3,0,519
42,medium,deepseekv4_attnmhc_dnd,wikitext2,819200,3,1,566
42,medium,deepseekv4_attnmhc_dnd,wikitext2,819200,3,2,518
42,medium,deepseekv4_attnmhc_dnd,wikitext2,819200,3,3,627
42,medium,deepseekv4_attnmhc_dnd,wikitext2,819200,3,4,416
42,medium,deepseekv4_attnmhc_dnd,wikitext2,819200,3,5,509
42,medium,deepseekv4_attnmhc_dnd,wikitext2,819200,3,6,453
42,medium,deepseekv4_attnmhc_dnd,wikitext2,819200,3,7,488
42,medium,deepseekv4_attnmhc_dnd,wikitext2,819200,4,0,535
42,medium,deepseekv4_attnmhc_dnd,wikitext2,819200,4,1,484
42,medium,deepseekv4_attnmhc_dnd,wikitext2,819200,4,2,543
42,medium,deepseekv4_attnmhc_dnd,wikitext2,819200,4,3,483
42,medium,deepseekv4_attnmhc_dnd,wikitext2,819200,4,4,506
42,medium,deepseekv4_attnmhc_dnd,wikitext2,819200,4,5,528
42,medium,deepseekv4_attnmhc_dnd,wikitext2,819200,4,6,469
42,medium,deepseekv4_attnmhc_dnd,wikitext2,819200,4,7,548
42,medium,deepseekv4_attnmhc_dnd,wikitext2,819200,5,0,560
42,medium,deepseekv4_attnmhc_dnd,wikitext2,819200,5,1,559
42,medium,deepseekv4_attnmhc_dnd,wikitext2,819200,5,2,511
42,medium,deepseekv4_attnmhc_dnd,wikitext2,819200,5,3,448
42,medium,deepseekv4_attnmhc_dnd,wikitext2,819200,5,4,451
42,medium,deepseekv4_attnmhc_dnd,wikitext2,819200,5,5,541
42,medium,deepseekv4_attnmhc_dnd,wikitext2,819200,5,6,442
42,medium,deepseekv4_attnmhc_dnd,wikitext2,819200,5,7,584
42,medium,deepseekv4_attnmhc_dnd,wikitext2,1024000,0,0,348
42,medium,deepseekv4_attnmhc_dnd,wikitext2,1024000,0,1,217
42,medium,deepseekv4_attnmhc_dnd,wikitext2,1024000,0,2,345
42,medium,deepseekv4_attnmhc_dnd,wikitext2,1024000,0,3,949
42,medium,deepseekv4_attnmhc_dnd,wikitext2,1024000,0,4,416
42,medium,deepseekv4_attnmhc_dnd,wikitext2,1024000,0,5,675
42,medium,deepseekv4_attnmhc_dnd,wikitext2,1024000,0,6,262
42,medium,deepseekv4_attnmhc_dnd,wikitext2,1024000,0,7,884
42,medium,deepseekv4_attnmhc_dnd,wikitext2,1024000,1,0,341
42,medium,deepseekv4_attnmhc_dnd,wikitext2,1024000,1,1,372
42,medium,deepseekv4_attnmhc_dnd,wikitext2,1024000,1,2,1091
42,medium,deepseekv4_attnmhc_dnd,wikitext2,1024000,1,3,583
42,medium,deepseekv4_attnmhc_dnd,wikitext2,1024000,1,4,597
42,medium,deepseekv4_attnmhc_dnd,wikitext2,1024000,1,5,265
42,medium,deepseekv4_attnmhc_dnd,wikitext2,1024000,1,6,449
42,medium,deepseekv4_attnmhc_dnd,wikitext2,1024000,1,7,398
42,medium,deepseekv4_attnmhc_dnd,wikitext2,1024000,2,0,510
42,medium,deepseekv4_attnmhc_dnd,wikitext2,1024000,2,1,487
42,medium,deepseekv4_attnmhc_dnd,wikitext2,1024000,2,2,570
42,medium,deepseekv4_attnmhc_dnd,wikitext2,1024000,2,3,473
42,medium,deepseekv4_attnmhc_dnd,wikitext2,1024000,2,4,494
42,medium,deepseekv4_attnmhc_dnd,wikitext2,1024000,2,5,527
42,medium,deepseekv4_attnmhc_dnd,wikitext2,1024000,2,6,493
42,medium,deepseekv4_attnmhc_dnd,wikitext2,1024000,2,7,542
42,medium,deepseekv4_attnmhc_dnd,wikitext2,1024000,3,0,537
42,medium,deepseekv4_attnmhc_dnd,wikitext2,1024000,3,1,544
42,medium,deepseekv4_attnmhc_dnd,wikitext2,1024000,3,2,544
42,medium,deepseekv4_attnmhc_dnd,wikitext2,1024000,3,3,456
42,medium,deepseekv4_attnmhc_dnd,wikitext2,1024000,3,4,528
42,medium,deepseekv4_attnmhc_dnd,wikitext2,1024000,3,5,488
42,medium,deepseekv4_attnmhc_dnd,wikitext2,1024000,3,6,480
42,medium,deepseekv4_attnmhc_dnd,wikitext2,1024000,3,7,519
42,medium,deepseekv4_attnmhc_dnd,wikitext2,1024000,4,0,486
42,medium,deepseekv4_attnmhc_dnd,wikitext2,1024000,4,1,566
42,medium,deepseekv4_attnmhc_dnd,wikitext2,1024000,4,2,463
42,medium,deepseekv4_attnmhc_dnd,wikitext2,1024000,4,3,526
42,medium,deepseekv4_attnmhc_dnd,wikitext2,1024000,4,4,472
42,medium,deepseekv4_attnmhc_dnd,wikitext2,1024000,4,5,550
42,medium,deepseekv4_attnmhc_dnd,wikitext2,1024000,4,6,567
42,medium,deepseekv4_attnmhc_dnd,wikitext2,1024000,4,7,466
42,medium,deepseekv4_attnmhc_dnd,wikitext2,1024000,5,0,513
42,medium,deepseekv4_attnmhc_dnd,wikitext2,1024000,5,1,538
42,medium,deepseekv4_attnmhc_dnd,wikitext2,1024000,5,2,494
42,medium,deepseekv4_attnmhc_dnd,wikitext2,1024000,5,3,453
42,medium,deepseekv4_attnmhc_dnd,wikitext2,1024000,5,4,531
42,medium,deepseekv4_attnmhc_dnd,wikitext2,1024000,5,5,567
42,medium,deepseekv4_attnmhc_dnd,wikitext2,1024000,5,6,512
42,medium,deepseekv4_attnmhc_dnd,wikitext2,1024000,5,7,488
42,medium,deepseekv4_attnmhc_dnd,wikitext2,1228800,0,0,321
42,medium,deepseekv4_attnmhc_dnd,wikitext2,1228800,0,1,248
42,medium,deepseekv4_attnmhc_dnd,wikitext2,1228800,0,2,368
42,medium,deepseekv4_attnmhc_dnd,wikitext2,1228800,0,3,951
42,medium,deepseekv4_attnmhc_dnd,wikitext2,1228800,0,4,387
42,medium,deepseekv4_attnmhc_dnd,wikitext2,1228800,0,5,673
42,medium,deepseekv4_attnmhc_dnd,wikitext2,1228800,0,6,262
42,medium,deepseekv4_attnmhc_dnd,wikitext2,1228800,0,7,886
42,medium,deepseekv4_attnmhc_dnd,wikitext2,1228800,1,0,308
42,medium,deepseekv4_attnmhc_dnd,wikitext2,1228800,1,1,390
42,medium,deepseekv4_attnmhc_dnd,wikitext2,1228800,1,2,1074
42,medium,deepseekv4_attnmhc_dnd,wikitext2,1228800,1,3,601
42,medium,deepseekv4_attnmhc_dnd,wikitext2,1228800,1,4,631
42,medium,deepseekv4_attnmhc_dnd,wikitext2,1228800,1,5,254
42,medium,deepseekv4_attnmhc_dnd,wikitext2,1228800,1,6,442
42,medium,deepseekv4_attnmhc_dnd,wikitext2,1228800,1,7,396
42,medium,deepseekv4_attnmhc_dnd,wikitext2,1228800,2,0,509
42,medium,deepseekv4_attnmhc_dnd,wikitext2,1228800,2,1,476
42,medium,deepseekv4_attnmhc_dnd,wikitext2,1228800,2,2,516
42,medium,deepseekv4_attnmhc_dnd,wikitext2,1228800,2,3,521
42,medium,deepseekv4_attnmhc_dnd,wikitext2,1228800,2,4,516
42,medium,deepseekv4_attnmhc_dnd,wikitext2,1228800,2,5,513
42,medium,deepseekv4_attnmhc_dnd,wikitext2,1228800,2,6,544
42,medium,deepseekv4_attnmhc_dnd,wikitext2,1228800,2,7,501
42,medium,deepseekv4_attnmhc_dnd,wikitext2,1228800,3,0,504
42,medium,deepseekv4_attnmhc_dnd,wikitext2,1228800,3,1,555
42,medium,deepseekv4_attnmhc_dnd,wikitext2,1228800,3,2,518
42,medium,deepseekv4_attnmhc_dnd,wikitext2,1228800,3,3,443
42,medium,deepseekv4_attnmhc_dnd,wikitext2,1228800,3,4,515
42,medium,deepseekv4_attnmhc_dnd,wikitext2,1228800,3,5,508
42,medium,deepseekv4_attnmhc_dnd,wikitext2,1228800,3,6,552
42,medium,deepseekv4_attnmhc_dnd,wikitext2,1228800,3,7,501
42,medium,deepseekv4_attnmhc_dnd,wikitext2,1228800,4,0,531
42,medium,deepseekv4_attnmhc_dnd,wikitext2,1228800,4,1,493
42,medium,deepseekv4_attnmhc_dnd,wikitext2,1228800,4,2,506
42,medium,deepseekv4_attnmhc_dnd,wikitext2,1228800,4,3,514
42,medium,deepseekv4_attnmhc_dnd,wikitext2,1228800,4,4,566
42,medium,deepseekv4_attnmhc_dnd,wikitext2,1228800,4,5,520
42,medium,deepseekv4_attnmhc_dnd,wikitext2,1228800,4,6,462
42,medium,deepseekv4_attnmhc_dnd,wikitext2,1228800,4,7,504
42,medium,deepseekv4_attnmhc_dnd,wikitext2,1228800,5,0,516
42,medium,deepseekv4_attnmhc_dnd,wikitext2,1228800,5,1,563
42,medium,deepseekv4_attnmhc_dnd,wikitext2,1228800,5,2,475
42,medium,deepseekv4_attnmhc_dnd,wikitext2,1228800,5,3,499
42,medium,deepseekv4_attnmhc_dnd,wikitext2,1228800,5,4,513
42,medium,deepseekv4_attnmhc_dnd,wikitext2,1228800,5,5,496
42,medium,deepseekv4_attnmhc_dnd,wikitext2,1228800,5,6,505
42,medium,deepseekv4_attnmhc_dnd,wikitext2,1228800,5,7,529
42,medium,deepseekv4_attnmhc_dnd,wikitext2,1433600,0,0,339
42,medium,deepseekv4_attnmhc_dnd,wikitext2,1433600,0,1,238
42,medium,deepseekv4_attnmhc_dnd,wikitext2,1433600,0,2,347
42,medium,deepseekv4_attnmhc_dnd,wikitext2,1433600,0,3,952
42,medium,deepseekv4_attnmhc_dnd,wikitext2,1433600,0,4,418
42,medium,deepseekv4_attnmhc_dnd,wikitext2,1433600,0,5,707
42,medium,deepseekv4_attnmhc_dnd,wikitext2,1433600,0,6,232
42,medium,deepseekv4_attnmhc_dnd,wikitext2,1433600,0,7,863
42,medium,deepseekv4_attnmhc_dnd,wikitext2,1433600,1,0,319
42,medium,deepseekv4_attnmhc_dnd,wikitext2,1433600,1,1,372
42,medium,deepseekv4_attnmhc_dnd,wikitext2,1433600,1,2,1073
42,medium,deepseekv4_attnmhc_dnd,wikitext2,1433600,1,3,579
42,medium,deepseekv4_attnmhc_dnd,wikitext2,1433600,1,4,651
42,medium,deepseekv4_attnmhc_dnd,wikitext2,1433600,1,5,266
42,medium,deepseekv4_attnmhc_dnd,wikitext2,1433600,1,6,451
42,medium,deepseekv4_attnmhc_dnd,wikitext2,1433600,1,7,385
42,medium,deepseekv4_attnmhc_dnd,wikitext2,1433600,2,0,490
42,medium,deepseekv4_attnmhc_dnd,wikitext2,1433600,2,1,528
42,medium,deepseekv4_attnmhc_dnd,wikitext2,1433600,2,2,517
42,medium,deepseekv4_attnmhc_dnd,wikitext2,1433600,2,3,535
42,medium,deepseekv4_attnmhc_dnd,wikitext2,1433600,2,4,485
42,medium,deepseekv4_attnmhc_dnd,wikitext2,1433600,2,5,475
42,medium,deepseekv4_attnmhc_dnd,wikitext2,1433600,2,6,501
42,medium,deepseekv4_attnmhc_dnd,wikitext2,1433600,2,7,565
42,medium,deepseekv4_attnmhc_dnd,wikitext2,1433600,3,0,582
42,medium,deepseekv4_attnmhc_dnd,wikitext2,1433600,3,1,534
42,medium,deepseekv4_attnmhc_dnd,wikitext2,1433600,3,2,492
42,medium,deepseekv4_attnmhc_dnd,wikitext2,1433600,3,3,535
42,medium,deepseekv4_attnmhc_dnd,wikitext2,1433600,3,4,465
42,medium,deepseekv4_attnmhc_dnd,wikitext2,1433600,3,5,526
42,medium,deepseekv4_attnmhc_dnd,wikitext2,1433600,3,6,473
42,medium,deepseekv4_attnmhc_dnd,wikitext2,1433600,3,7,489
42,medium,deepseekv4_attnmhc_dnd,wikitext2,1433600,4,0,490
42,medium,deepseekv4_attnmhc_dnd,wikitext2,1433600,4,1,527
42,medium,deepseekv4_attnmhc_dnd,wikitext2,1433600,4,2,491
42,medium,deepseekv4_attnmhc_dnd,wikitext2,1433600,4,3,505
42,medium,deepseekv4_attnmhc_dnd,wikitext2,1433600,4,4,541
42,medium,deepseekv4_attnmhc_dnd,wikitext2,1433600,4,5,522
42,medium,deepseekv4_attnmhc_dnd,wikitext2,1433600,4,6,501
42,medium,deepseekv4_attnmhc_dnd,wikitext2,1433600,4,7,519
42,medium,deepseekv4_attnmhc_dnd,wikitext2,1433600,5,0,524
42,medium,deepseekv4_attnmhc_dnd,wikitext2,1433600,5,1,473
42,medium,deepseekv4_attnmhc_dnd,wikitext2,1433600,5,2,539
42,medium,deepseekv4_attnmhc_dnd,wikitext2,1433600,5,3,455
42,medium,deepseekv4_attnmhc_dnd,wikitext2,1433600,5,4,498
42,medium,deepseekv4_attnmhc_dnd,wikitext2,1433600,5,5,589
42,medium,deepseekv4_attnmhc_dnd,wikitext2,1433600,5,6,480
42,medium,deepseekv4_attnmhc_dnd,wikitext2,1433600,5,7,538
42,medium,deepseekv4_attnmhc_dnd,wikitext2,1638400,0,0,336
42,medium,deepseekv4_attnmhc_dnd,wikitext2,1638400,0,1,241
42,medium,deepseekv4_attnmhc_dnd,wikitext2,1638400,0,2,370
42,medium,deepseekv4_attnmhc_dnd,wikitext2,1638400,0,3,938
42,medium,deepseekv4_attnmhc_dnd,wikitext2,1638400,0,4,397
42,medium,deepseekv4_attnmhc_dnd,wikitext2,1638400,0,5,674
42,medium,deepseekv4_attnmhc_dnd,wikitext2,1638400,0,6,246
42,medium,deepseekv4_attnmhc_dnd,wikitext2,1638400,0,7,894
42,medium,deepseekv4_attnmhc_dnd,wikitext2,1638400,1,0,292
42,medium,deepseekv4_attnmhc_dnd,wikitext2,1638400,1,1,381
42,medium,deepseekv4_attnmhc_dnd,wikitext2,1638400,1,2,1076
42,medium,deepseekv4_attnmhc_dnd,wikitext2,1638400,1,3,586
42,medium,deepseekv4_attnmhc_dnd,wikitext2,1638400,1,4,640
42,medium,deepseekv4_attnmhc_dnd,wikitext2,1638400,1,5,256
42,medium,deepseekv4_attnmhc_dnd,wikitext2,1638400,1,6,480
42,medium,deepseekv4_attnmhc_dnd,wikitext2,1638400,1,7,385
42,medium,deepseekv4_attnmhc_dnd,wikitext2,1638400,2,0,498
42,medium,deepseekv4_attnmhc_dnd,wikitext2,1638400,2,1,482
42,medium,deepseekv4_attnmhc_dnd,wikitext2,1638400,2,2,518
42,medium,deepseekv4_attnmhc_dnd,wikitext2,1638400,2,3,524
42,medium,deepseekv4_attnmhc_dnd,wikitext2,1638400,2,4,518
42,medium,deepseekv4_attnmhc_dnd,wikitext2,1638400,2,5,526
42,medium,deepseekv4_attnmhc_dnd,wikitext2,1638400,2,6,532
42,medium,deepseekv4_attnmhc_dnd,wikitext2,1638400,2,7,498
42,medium,deepseekv4_attnmhc_dnd,wikitext2,1638400,3,0,516
42,medium,deepseekv4_attnmhc_dnd,wikitext2,1638400,3,1,551
42,medium,deepseekv4_attnmhc_dnd,wikitext2,1638400,3,2,511
42,medium,deepseekv4_attnmhc_dnd,wikitext2,1638400,3,3,485
42,medium,deepseekv4_attnmhc_dnd,wikitext2,1638400,3,4,429
42,medium,deepseekv4_attnmhc_dnd,wikitext2,1638400,3,5,556
42,medium,deepseekv4_attnmhc_dnd,wikitext2,1638400,3,6,555
42,medium,deepseekv4_attnmhc_dnd,wikitext2,1638400,3,7,493
42,medium,deepseekv4_attnmhc_dnd,wikitext2,1638400,4,0,476
42,medium,deepseekv4_attnmhc_dnd,wikitext2,1638400,4,1,509
42,medium,deepseekv4_attnmhc_dnd,wikitext2,1638400,4,2,500
42,medium,deepseekv4_attnmhc_dnd,wikitext2,1638400,4,3,538
42,medium,deepseekv4_attnmhc_dnd,wikitext2,1638400,4,4,571
42,medium,deepseekv4_attnmhc_dnd,wikitext2,1638400,4,5,502
42,medium,deepseekv4_attnmhc_dnd,wikitext2,1638400,4,6,506
42,medium,deepseekv4_attnmhc_dnd,wikitext2,1638400,4,7,494
42,medium,deepseekv4_attnmhc_dnd,wikitext2,1638400,5,0,499
42,medium,deepseekv4_attnmhc_dnd,wikitext2,1638400,5,1,527
42,medium,deepseekv4_attnmhc_dnd,wikitext2,1638400,5,2,515
42,medium,deepseekv4_attnmhc_dnd,wikitext2,1638400,5,3,558
42,medium,deepseekv4_attnmhc_dnd,wikitext2,1638400,5,4,490
42,medium,deepseekv4_attnmhc_dnd,wikitext2,1638400,5,5,509
42,medium,deepseekv4_attnmhc_dnd,wikitext2,1638400,5,6,511
42,medium,deepseekv4_attnmhc_dnd,wikitext2,1638400,5,7,487
42,medium,deepseekv4_attnmhc_dnd,wikitext2,1843200,0,0,357
42,medium,deepseekv4_attnmhc_dnd,wikitext2,1843200,0,1,239
42,medium,deepseekv4_attnmhc_dnd,wikitext2,1843200,0,2,384
42,medium,deepseekv4_attnmhc_dnd,wikitext2,1843200,0,3,959
42,medium,deepseekv4_attnmhc_dnd,wikitext2,1843200,0,4,388
42,medium,deepseekv4_attnmhc_dnd,wikitext2,1843200,0,5,624
42,medium,deepseekv4_attnmhc_dnd,wikitext2,1843200,0,6,257
42,medium,deepseekv4_attnmhc_dnd,wikitext2,1843200,0,7,888
42,medium,deepseekv4_attnmhc_dnd,wikitext2,1843200,1,0,307
42,medium,deepseekv4_attnmhc_dnd,wikitext2,1843200,1,1,387
42,medium,deepseekv4_attnmhc_dnd,wikitext2,1843200,1,2,1057
42,medium,deepseekv4_attnmhc_dnd,wikitext2,1843200,1,3,603
42,medium,deepseekv4_attnmhc_dnd,wikitext2,1843200,1,4,645
42,medium,deepseekv4_attnmhc_dnd,wikitext2,1843200,1,5,245
42,medium,deepseekv4_attnmhc_dnd,wikitext2,1843200,1,6,468
42,medium,deepseekv4_attnmhc_dnd,wikitext2,1843200,1,7,384
42,medium,deepseekv4_attnmhc_dnd,wikitext2,1843200,2,0,477
42,medium,deepseekv4_attnmhc_dnd,wikitext2,1843200,2,1,493
42,medium,deepseekv4_attnmhc_dnd,wikitext2,1843200,2,2,558
42,medium,deepseekv4_attnmhc_dnd,wikitext2,1843200,2,3,493
42,medium,deepseekv4_attnmhc_dnd,wikitext2,1843200,2,4,508
42,medium,deepseekv4_attnmhc_dnd,wikitext2,1843200,2,5,489
42,medium,deepseekv4_attnmhc_dnd,wikitext2,1843200,2,6,521
42,medium,deepseekv4_attnmhc_dnd,wikitext2,1843200,2,7,557
42,medium,deepseekv4_attnmhc_dnd,wikitext2,1843200,3,0,527
42,medium,deepseekv4_attnmhc_dnd,wikitext2,1843200,3,1,504
42,medium,deepseekv4_attnmhc_dnd,wikitext2,1843200,3,2,498
42,medium,deepseekv4_attnmhc_dnd,wikitext2,1843200,3,3,577
42,medium,deepseekv4_attnmhc_dnd,wikitext2,1843200,3,4,482
42,medium,deepseekv4_attnmhc_dnd,wikitext2,1843200,3,5,520
42,medium,deepseekv4_attnmhc_dnd,wikitext2,1843200,3,6,519
42,medium,deepseekv4_attnmhc_dnd,wikitext2,1843200,3,7,469
42,medium,deepseekv4_attnmhc_dnd,wikitext2,1843200,4,0,497
42,medium,deepseekv4_attnmhc_dnd,wikitext2,1843200,4,1,516
42,medium,deepseekv4_attnmhc_dnd,wikitext2,1843200,4,2,532
42,medium,deepseekv4_attnmhc_dnd,wikitext2,1843200,4,3,508
42,medium,deepseekv4_attnmhc_dnd,wikitext2,1843200,4,4,531
42,medium,deepseekv4_attnmhc_dnd,wikitext2,1843200,4,5,507
42,medium,deepseekv4_attnmhc_dnd,wikitext2,1843200,4,6,503
42,medium,deepseekv4_attnmhc_dnd,wikitext2,1843200,4,7,502
42,medium,deepseekv4_attnmhc_dnd,wikitext2,1843200,5,0,493
42,medium,deepseekv4_attnmhc_dnd,wikitext2,1843200,5,1,563
42,medium,deepseekv4_attnmhc_dnd,wikitext2,1843200,5,2,530
42,medium,deepseekv4_attnmhc_dnd,wikitext2,1843200,5,3,519
42,medium,deepseekv4_attnmhc_dnd,wikitext2,1843200,5,4,513
42,medium,deepseekv4_attnmhc_dnd,wikitext2,1843200,5,5,439
42,medium,deepseekv4_attnmhc_dnd,wikitext2,1843200,5,6,529
42,medium,deepseekv4_attnmhc_dnd,wikitext2,1843200,5,7,510
42,medium,deepseekv4_attnmhc_dnd,wikitext2,2048000,0,0,334
42,medium,deepseekv4_attnmhc_dnd,wikitext2,2048000,0,1,247
42,medium,deepseekv4_attnmhc_dnd,wikitext2,2048000,0,2,348
42,medium,deepseekv4_attnmhc_dnd,wikitext2,2048000,0,3,953
42,medium,deepseekv4_attnmhc_dnd,wikitext2,2048000,0,4,417
42,medium,deepseekv4_attnmhc_dnd,wikitext2,2048000,0,5,684
42,medium,deepseekv4_attnmhc_dnd,wikitext2,2048000,0,6,230
42,medium,deepseekv4_attnmhc_dnd,wikitext2,2048000,0,7,883
42,medium,deepseekv4_attnmhc_dnd,wikitext2,2048000,1,0,352
42,medium,deepseekv4_attnmhc_dnd,wikitext2,2048000,1,1,389
42,medium,deepseekv4_attnmhc_dnd,wikitext2,2048000,1,2,1060
42,medium,deepseekv4_attnmhc_dnd,wikitext2,2048000,1,3,616
42,medium,deepseekv4_attnmhc_dnd,wikitext2,2048000,1,4,615
42,medium,deepseekv4_attnmhc_dnd,wikitext2,2048000,1,5,266
42,medium,deepseekv4_attnmhc_dnd,wikitext2,2048000,1,6,433
42,medium,deepseekv4_attnmhc_dnd,wikitext2,2048000,1,7,365
42,medium,deepseekv4_attnmhc_dnd,wikitext2,2048000,2,0,507
42,medium,deepseekv4_attnmhc_dnd,wikitext2,2048000,2,1,490
42,medium,deepseekv4_attnmhc_dnd,wikitext2,2048000,2,2,491
42,medium,deepseekv4_attnmhc_dnd,wikitext2,2048000,2,3,502
42,medium,deepseekv4_attnmhc_dnd,wikitext2,2048000,2,4,537
42,medium,deepseekv4_attnmhc_dnd,wikitext2,2048000,2,5,542
42,medium,deepseekv4_attnmhc_dnd,wikitext2,2048000,2,6,471
42,medium,deepseekv4_attnmhc_dnd,wikitext2,2048000,2,7,556
42,medium,deepseekv4_attnmhc_dnd,wikitext2,2048000,3,0,522
42,medium,deepseekv4_attnmhc_dnd,wikitext2,2048000,3,1,502
42,medium,deepseekv4_attnmhc_dnd,wikitext2,2048000,3,2,534
42,medium,deepseekv4_attnmhc_dnd,wikitext2,2048000,3,3,422
42,medium,deepseekv4_attnmhc_dnd,wikitext2,2048000,3,4,566
42,medium,deepseekv4_attnmhc_dnd,wikitext2,2048000,3,5,535
42,medium,deepseekv4_attnmhc_dnd,wikitext2,2048000,3,6,484
42,medium,deepseekv4_attnmhc_dnd,wikitext2,2048000,3,7,531
42,medium,deepseekv4_attnmhc_dnd,wikitext2,2048000,4,0,549
42,medium,deepseekv4_attnmhc_dnd,wikitext2,2048000,4,1,529
42,medium,deepseekv4_attnmhc_dnd,wikitext2,2048000,4,2,518
42,medium,deepseekv4_attnmhc_dnd,wikitext2,2048000,4,3,510
42,medium,deepseekv4_attnmhc_dnd,wikitext2,2048000,4,4,506
42,medium,deepseekv4_attnmhc_dnd,wikitext2,2048000,4,5,488
42,medium,deepseekv4_attnmhc_dnd,wikitext2,2048000,4,6,508
42,medium,deepseekv4_attnmhc_dnd,wikitext2,2048000,4,7,488
42,medium,deepseekv4_attnmhc_dnd,wikitext2,2048000,5,0,511
42,medium,deepseekv4_attnmhc_dnd,wikitext2,2048000,5,1,477
42,medium,deepseekv4_attnmhc_dnd,wikitext2,2048000,5,2,539
42,medium,deepseekv4_attnmhc_dnd,wikitext2,2048000,5,3,539
42,medium,deepseekv4_attnmhc_dnd,wikitext2,2048000,5,4,523
42,medium,deepseekv4_attnmhc_dnd,wikitext2,2048000,5,5,496
42,medium,deepseekv4_attnmhc_dnd,wikitext2,2048000,5,6,511
42,medium,deepseekv4_attnmhc_dnd,wikitext2,2048000,5,7,500
43,medium,deepseekv4_attnmhc,wikitext2,2048,0,0,334
43,medium,deepseekv4_attnmhc,wikitext2,2048,0,1,265
43,medium,deepseekv4_attnmhc,wikitext2,2048,0,2,385
43,medium,deepseekv4_attnmhc,wikitext2,2048,0,3,920
43,medium,deepseekv4_attnmhc,wikitext2,2048,0,4,418
43,medium,deepseekv4_attnmhc,wikitext2,2048,0,5,659
43,medium,deepseekv4_attnmhc,wikitext2,2048,0,6,255
43,medium,deepseekv4_attnmhc,wikitext2,2048,0,7,860
43,medium,deepseekv4_attnmhc,wikitext2,2048,1,0,326
43,medium,deepseekv4_attnmhc,wikitext2,2048,1,1,398
43,medium,deepseekv4_attnmhc,wikitext2,2048,1,2,1083
43,medium,deepseekv4_attnmhc,wikitext2,2048,1,3,623
43,medium,deepseekv4_attnmhc,wikitext2,2048,1,4,624
43,medium,deepseekv4_attnmhc,wikitext2,2048,1,5,251
43,medium,deepseekv4_attnmhc,wikitext2,2048,1,6,427
43,medium,deepseekv4_attnmhc,wikitext2,2048,1,7,364
43,medium,deepseekv4_attnmhc,wikitext2,2048,2,0,120
43,medium,deepseekv4_attnmhc,wikitext2,2048,2,1,367
43,medium,deepseekv4_attnmhc,wikitext2,2048,2,2,422
43,medium,deepseekv4_attnmhc,wikitext2,2048,2,3,997
43,medium,deepseekv4_attnmhc,wikitext2,2048,2,4,299
43,medium,deepseekv4_attnmhc,wikitext2,2048,2,5,862
43,medium,deepseekv4_attnmhc,wikitext2,2048,2,6,729
43,medium,deepseekv4_attnmhc,wikitext2,2048,2,7,300
43,medium,deepseekv4_attnmhc,wikitext2,2048,3,0,1048
43,medium,deepseekv4_attnmhc,wikitext2,2048,3,1,534
43,medium,deepseekv4_attnmhc,wikitext2,2048,3,2,161
43,medium,deepseekv4_attnmhc,wikitext2,2048,3,3,602
43,medium,deepseekv4_attnmhc,wikitext2,2048,3,4,381
43,medium,deepseekv4_attnmhc,wikitext2,2048,3,5,729
43,medium,deepseekv4_attnmhc,wikitext2,2048,3,6,415
43,medium,deepseekv4_attnmhc,wikitext2,2048,3,7,226
43,medium,deepseekv4_attnmhc,wikitext2,2048,4,0,274
43,medium,deepseekv4_attnmhc,wikitext2,2048,4,1,698
43,medium,deepseekv4_attnmhc,wikitext2,2048,4,2,987
43,medium,deepseekv4_attnmhc,wikitext2,2048,4,3,653
43,medium,deepseekv4_attnmhc,wikitext2,2048,4,4,421
43,medium,deepseekv4_attnmhc,wikitext2,2048,4,5,285
43,medium,deepseekv4_attnmhc,wikitext2,2048,4,6,483
43,medium,deepseekv4_attnmhc,wikitext2,2048,4,7,295
43,medium,deepseekv4_attnmhc,wikitext2,2048,5,0,643
43,medium,deepseekv4_attnmhc,wikitext2,2048,5,1,534
43,medium,deepseekv4_attnmhc,wikitext2,2048,5,2,369
43,medium,deepseekv4_attnmhc,wikitext2,2048,5,3,387
43,medium,deepseekv4_attnmhc,wikitext2,2048,5,4,756
43,medium,deepseekv4_attnmhc,wikitext2,2048,5,5,518
43,medium,deepseekv4_attnmhc,wikitext2,2048,5,6,344
43,medium,deepseekv4_attnmhc,wikitext2,2048,5,7,545
43,medium,deepseekv4_attnmhc,wikitext2,204800,0,0,322
43,medium,deepseekv4_attnmhc,wikitext2,204800,0,1,248
43,medium,deepseekv4_attnmhc,wikitext2,204800,0,2,394
43,medium,deepseekv4_attnmhc,wikitext2,204800,0,3,942
43,medium,deepseekv4_attnmhc,wikitext2,204800,0,4,406
43,medium,deepseekv4_attnmhc,wikitext2,204800,0,5,657
43,medium,deepseekv4_attnmhc,wikitext2,204800,0,6,254
43,medium,deepseekv4_attnmhc,wikitext2,204800,0,7,873
43,medium,deepseekv4_attnmhc,wikitext2,204800,1,0,362
43,medium,deepseekv4_attnmhc,wikitext2,204800,1,1,374
43,medium,deepseekv4_attnmhc,wikitext2,204800,1,2,1048
43,medium,deepseekv4_attnmhc,wikitext2,204800,1,3,585
43,medium,deepseekv4_attnmhc,wikitext2,204800,1,4,635
43,medium,deepseekv4_attnmhc,wikitext2,204800,1,5,274
43,medium,deepseekv4_attnmhc,wikitext2,204800,1,6,429
43,medium,deepseekv4_attnmhc,wikitext2,204800,1,7,389
43,medium,deepseekv4_attnmhc,wikitext2,204800,2,0,472
43,medium,deepseekv4_attnmhc,wikitext2,204800,2,1,591
43,medium,deepseekv4_attnmhc,wikitext2,204800,2,2,397
43,medium,deepseekv4_attnmhc,wikitext2,204800,2,3,551
43,medium,deepseekv4_attnmhc,wikitext2,204800,2,4,546
43,medium,deepseekv4_attnmhc,wikitext2,204800,2,5,507
43,medium,deepseekv4_attnmhc,wikitext2,204800,2,6,472
43,medium,deepseekv4_attnmhc,wikitext2,204800,2,7,560
43,medium,deepseekv4_attnmhc,wikitext2,204800,3,0,377
43,medium,deepseekv4_attnmhc,wikitext2,204800,3,1,516
43,medium,deepseekv4_attnmhc,wikitext2,204800,3,2,659
43,medium,deepseekv4_attnmhc,wikitext2,204800,3,3,541
43,medium,deepseekv4_attnmhc,wikitext2,204800,3,4,526
43,medium,deepseekv4_attnmhc,wikitext2,204800,3,5,541
43,medium,deepseekv4_attnmhc,wikitext2,204800,3,6,512
43,medium,deepseekv4_attnmhc,wikitext2,204800,3,7,424
43,medium,deepseekv4_attnmhc,wikitext2,204800,4,0,503
43,medium,deepseekv4_attnmhc,wikitext2,204800,4,1,519
43,medium,deepseekv4_attnmhc,wikitext2,204800,4,2,535
43,medium,deepseekv4_attnmhc,wikitext2,204800,4,3,544
43,medium,deepseekv4_attnmhc,wikitext2,204800,4,4,445
43,medium,deepseekv4_attnmhc,wikitext2,204800,4,5,351
43,medium,deepseekv4_attnmhc,wikitext2,204800,4,6,375
43,medium,deepseekv4_attnmhc,wikitext2,204800,4,7,824
43,medium,deepseekv4_attnmhc,wikitext2,204800,5,0,429
43,medium,deepseekv4_attnmhc,wikitext2,204800,5,1,554
43,medium,deepseekv4_attnmhc,wikitext2,204800,5,2,526
43,medium,deepseekv4_attnmhc,wikitext2,204800,5,3,463
43,medium,deepseekv4_attnmhc,wikitext2,204800,5,4,572
43,medium,deepseekv4_attnmhc,wikitext2,204800,5,5,475
43,medium,deepseekv4_attnmhc,wikitext2,204800,5,6,467
43,medium,deepseekv4_attnmhc,wikitext2,204800,5,7,610
43,medium,deepseekv4_attnmhc,wikitext2,409600,0,0,318
43,medium,deepseekv4_attnmhc,wikitext2,409600,0,1,246
43,medium,deepseekv4_attnmhc,wikitext2,409600,0,2,396
43,medium,deepseekv4_attnmhc,wikitext2,409600,0,3,957
43,medium,deepseekv4_attnmhc,wikitext2,409600,0,4,412
43,medium,deepseekv4_attnmhc,wikitext2,409600,0,5,627
43,medium,deepseekv4_attnmhc,wikitext2,409600,0,6,248
43,medium,deepseekv4_attnmhc,wikitext2,409600,0,7,892
43,medium,deepseekv4_attnmhc,wikitext2,409600,1,0,341
43,medium,deepseekv4_attnmhc,wikitext2,409600,1,1,408
43,medium,deepseekv4_attnmhc,wikitext2,409600,1,2,1101
43,medium,deepseekv4_attnmhc,wikitext2,409600,1,3,612
43,medium,deepseekv4_attnmhc,wikitext2,409600,1,4,610
43,medium,deepseekv4_attnmhc,wikitext2,409600,1,5,241
43,medium,deepseekv4_attnmhc,wikitext2,409600,1,6,424
43,medium,deepseekv4_attnmhc,wikitext2,409600,1,7,359
43,medium,deepseekv4_attnmhc,wikitext2,409600,2,0,491
43,medium,deepseekv4_attnmhc,wikitext2,409600,2,1,521
43,medium,deepseekv4_attnmhc,wikitext2,409600,2,2,556
43,medium,deepseekv4_attnmhc,wikitext2,409600,2,3,545
43,medium,deepseekv4_attnmhc,wikitext2,409600,2,4,476
43,medium,deepseekv4_attnmhc,wikitext2,409600,2,5,528
43,medium,deepseekv4_attnmhc,wikitext2,409600,2,6,557
43,medium,deepseekv4_attnmhc,wikitext2,409600,2,7,422
43,medium,deepseekv4_attnmhc,wikitext2,409600,3,0,566
43,medium,deepseekv4_attnmhc,wikitext2,409600,3,1,548
43,medium,deepseekv4_attnmhc,wikitext2,409600,3,2,484
43,medium,deepseekv4_attnmhc,wikitext2,409600,3,3,651
43,medium,deepseekv4_attnmhc,wikitext2,409600,3,4,397
43,medium,deepseekv4_attnmhc,wikitext2,409600,3,5,486
43,medium,deepseekv4_attnmhc,wikitext2,409600,3,6,568
43,medium,deepseekv4_attnmhc,wikitext2,409600,3,7,396
43,medium,deepseekv4_attnmhc,wikitext2,409600,4,0,571
43,medium,deepseekv4_attnmhc,wikitext2,409600,4,1,575
43,medium,deepseekv4_attnmhc,wikitext2,409600,4,2,509
43,medium,deepseekv4_attnmhc,wikitext2,409600,4,3,420
43,medium,deepseekv4_attnmhc,wikitext2,409600,4,4,405
43,medium,deepseekv4_attnmhc,wikitext2,409600,4,5,385
43,medium,deepseekv4_attnmhc,wikitext2,409600,4,6,721
43,medium,deepseekv4_attnmhc,wikitext2,409600,4,7,510
43,medium,deepseekv4_attnmhc,wikitext2,409600,5,0,547
43,medium,deepseekv4_attnmhc,wikitext2,409600,5,1,544
43,medium,deepseekv4_attnmhc,wikitext2,409600,5,2,622
43,medium,deepseekv4_attnmhc,wikitext2,409600,5,3,401
43,medium,deepseekv4_attnmhc,wikitext2,409600,5,4,549
43,medium,deepseekv4_attnmhc,wikitext2,409600,5,5,578
43,medium,deepseekv4_attnmhc,wikitext2,409600,5,6,443
43,medium,deepseekv4_attnmhc,wikitext2,409600,5,7,412
43,medium,deepseekv4_attnmhc,wikitext2,614400,0,0,336
43,medium,deepseekv4_attnmhc,wikitext2,614400,0,1,259
43,medium,deepseekv4_attnmhc,wikitext2,614400,0,2,377
43,medium,deepseekv4_attnmhc,wikitext2,614400,0,3,959
43,medium,deepseekv4_attnmhc,wikitext2,614400,0,4,409
43,medium,deepseekv4_attnmhc,wikitext2,614400,0,5,627
43,medium,deepseekv4_attnmhc,wikitext2,614400,0,6,242
43,medium,deepseekv4_attnmhc,wikitext2,614400,0,7,887
43,medium,deepseekv4_attnmhc,wikitext2,614400,1,0,348
43,medium,deepseekv4_attnmhc,wikitext2,614400,1,1,437
43,medium,deepseekv4_attnmhc,wikitext2,614400,1,2,1043
43,medium,deepseekv4_attnmhc,wikitext2,614400,1,3,599
43,medium,deepseekv4_attnmhc,wikitext2,614400,1,4,616
43,medium,deepseekv4_attnmhc,wikitext2,614400,1,5,249
43,medium,deepseekv4_attnmhc,wikitext2,614400,1,6,421
43,medium,deepseekv4_attnmhc,wikitext2,614400,1,7,383
43,medium,deepseekv4_attnmhc,wikitext2,614400,2,0,528
43,medium,deepseekv4_attnmhc,wikitext2,614400,2,1,530
43,medium,deepseekv4_attnmhc,wikitext2,614400,2,2,523
43,medium,deepseekv4_attnmhc,wikitext2,614400,2,3,456
43,medium,deepseekv4_attnmhc,wikitext2,614400,2,4,541
43,medium,deepseekv4_attnmhc,wikitext2,614400,2,5,517
43,medium,deepseekv4_attnmhc,wikitext2,614400,2,6,496
43,medium,deepseekv4_attnmhc,wikitext2,614400,2,7,505
43,medium,deepseekv4_attnmhc,wikitext2,614400,3,0,522
43,medium,deepseekv4_attnmhc,wikitext2,614400,3,1,544
43,medium,deepseekv4_attnmhc,wikitext2,614400,3,2,505
43,medium,deepseekv4_attnmhc,wikitext2,614400,3,3,545
43,medium,deepseekv4_attnmhc,wikitext2,614400,3,4,479
43,medium,deepseekv4_attnmhc,wikitext2,614400,3,5,463
43,medium,deepseekv4_attnmhc,wikitext2,614400,3,6,510
43,medium,deepseekv4_attnmhc,wikitext2,614400,3,7,528
43,medium,deepseekv4_attnmhc,wikitext2,614400,4,0,520
43,medium,deepseekv4_attnmhc,wikitext2,614400,4,1,475
43,medium,deepseekv4_attnmhc,wikitext2,614400,4,2,528
43,medium,deepseekv4_attnmhc,wikitext2,614400,4,3,506
43,medium,deepseekv4_attnmhc,wikitext2,614400,4,4,594
43,medium,deepseekv4_attnmhc,wikitext2,614400,4,5,441
43,medium,deepseekv4_attnmhc,wikitext2,614400,4,6,431
43,medium,deepseekv4_attnmhc,wikitext2,614400,4,7,601
43,medium,deepseekv4_attnmhc,wikitext2,614400,5,0,549
43,medium,deepseekv4_attnmhc,wikitext2,614400,5,1,462
43,medium,deepseekv4_attnmhc,wikitext2,614400,5,2,494
43,medium,deepseekv4_attnmhc,wikitext2,614400,5,3,465
43,medium,deepseekv4_attnmhc,wikitext2,614400,5,4,477
43,medium,deepseekv4_attnmhc,wikitext2,614400,5,5,579
43,medium,deepseekv4_attnmhc,wikitext2,614400,5,6,465
43,medium,deepseekv4_attnmhc,wikitext2,614400,5,7,605
43,medium,deepseekv4_attnmhc,wikitext2,819200,0,0,325
43,medium,deepseekv4_attnmhc,wikitext2,819200,0,1,255
43,medium,deepseekv4_attnmhc,wikitext2,819200,0,2,352
43,medium,deepseekv4_attnmhc,wikitext2,819200,0,3,979
43,medium,deepseekv4_attnmhc,wikitext2,819200,0,4,398
43,medium,deepseekv4_attnmhc,wikitext2,819200,0,5,657
43,medium,deepseekv4_attnmhc,wikitext2,819200,0,6,234
43,medium,deepseekv4_attnmhc,wikitext2,819200,0,7,896
43,medium,deepseekv4_attnmhc,wikitext2,819200,1,0,305
43,medium,deepseekv4_attnmhc,wikitext2,819200,1,1,407
43,medium,deepseekv4_attnmhc,wikitext2,819200,1,2,1056
43,medium,deepseekv4_attnmhc,wikitext2,819200,1,3,603
43,medium,deepseekv4_attnmhc,wikitext2,819200,1,4,632
43,medium,deepseekv4_attnmhc,wikitext2,819200,1,5,253
43,medium,deepseekv4_attnmhc,wikitext2,819200,1,6,460
43,medium,deepseekv4_attnmhc,wikitext2,819200,1,7,380
43,medium,deepseekv4_attnmhc,wikitext2,819200,2,0,536
43,medium,deepseekv4_attnmhc,wikitext2,819200,2,1,516
43,medium,deepseekv4_attnmhc,wikitext2,819200,2,2,513
43,medium,deepseekv4_attnmhc,wikitext2,819200,2,3,528
43,medium,deepseekv4_attnmhc,wikitext2,819200,2,4,509
43,medium,deepseekv4_attnmhc,wikitext2,819200,2,5,525
43,medium,deepseekv4_attnmhc,wikitext2,819200,2,6,468
43,medium,deepseekv4_attnmhc,wikitext2,819200,2,7,501
43,medium,deepseekv4_attnmhc,wikitext2,819200,3,0,550
43,medium,deepseekv4_attnmhc,wikitext2,819200,3,1,407
43,medium,deepseekv4_attnmhc,wikitext2,819200,3,2,535
43,medium,deepseekv4_attnmhc,wikitext2,819200,3,3,492
43,medium,deepseekv4_attnmhc,wikitext2,819200,3,4,597
43,medium,deepseekv4_attnmhc,wikitext2,819200,3,5,419
43,medium,deepseekv4_attnmhc,wikitext2,819200,3,6,569
43,medium,deepseekv4_attnmhc,wikitext2,819200,3,7,527
43,medium,deepseekv4_attnmhc,wikitext2,819200,4,0,538
43,medium,deepseekv4_attnmhc,wikitext2,819200,4,1,495
43,medium,deepseekv4_attnmhc,wikitext2,819200,4,2,526
43,medium,deepseekv4_attnmhc,wikitext2,819200,4,3,464
43,medium,deepseekv4_attnmhc,wikitext2,819200,4,4,573
43,medium,deepseekv4_attnmhc,wikitext2,819200,4,5,462
43,medium,deepseekv4_attnmhc,wikitext2,819200,4,6,525
43,medium,deepseekv4_attnmhc,wikitext2,819200,4,7,513
43,medium,deepseekv4_attnmhc,wikitext2,819200,5,0,561
43,medium,deepseekv4_attnmhc,wikitext2,819200,5,1,430
43,medium,deepseekv4_attnmhc,wikitext2,819200,5,2,533
43,medium,deepseekv4_attnmhc,wikitext2,819200,5,3,539
43,medium,deepseekv4_attnmhc,wikitext2,819200,5,4,574
43,medium,deepseekv4_attnmhc,wikitext2,819200,5,5,511
43,medium,deepseekv4_attnmhc,wikitext2,819200,5,6,496
43,medium,deepseekv4_attnmhc,wikitext2,819200,5,7,452
43,medium,deepseekv4_attnmhc,wikitext2,1024000,0,0,319
43,medium,deepseekv4_attnmhc,wikitext2,1024000,0,1,247
43,medium,deepseekv4_attnmhc,wikitext2,1024000,0,2,376
43,medium,deepseekv4_attnmhc,wikitext2,1024000,0,3,951
43,medium,deepseekv4_attnmhc,wikitext2,1024000,0,4,387
43,medium,deepseekv4_attnmhc,wikitext2,1024000,0,5,665
43,medium,deepseekv4_attnmhc,wikitext2,1024000,0,6,237
43,medium,deepseekv4_attnmhc,wikitext2,1024000,0,7,914
43,medium,deepseekv4_attnmhc,wikitext2,1024000,1,0,306
43,medium,deepseekv4_attnmhc,wikitext2,1024000,1,1,383
43,medium,deepseekv4_attnmhc,wikitext2,1024000,1,2,1042
43,medium,deepseekv4_attnmhc,wikitext2,1024000,1,3,625
43,medium,deepseekv4_attnmhc,wikitext2,1024000,1,4,657
43,medium,deepseekv4_attnmhc,wikitext2,1024000,1,5,238
43,medium,deepseekv4_attnmhc,wikitext2,1024000,1,6,469
43,medium,deepseekv4_attnmhc,wikitext2,1024000,1,7,376
43,medium,deepseekv4_attnmhc,wikitext2,1024000,2,0,498
43,medium,deepseekv4_attnmhc,wikitext2,1024000,2,1,498
43,medium,deepseekv4_attnmhc,wikitext2,1024000,2,2,563
43,medium,deepseekv4_attnmhc,wikitext2,1024000,2,3,509
43,medium,deepseekv4_attnmhc,wikitext2,1024000,2,4,515
43,medium,deepseekv4_attnmhc,wikitext2,1024000,2,5,519
43,medium,deepseekv4_attnmhc,wikitext2,1024000,2,6,503
43,medium,deepseekv4_attnmhc,wikitext2,1024000,2,7,491
43,medium,deepseekv4_attnmhc,wikitext2,1024000,3,0,568
43,medium,deepseekv4_attnmhc,wikitext2,1024000,3,1,538
43,medium,deepseekv4_attnmhc,wikitext2,1024000,3,2,535
43,medium,deepseekv4_attnmhc,wikitext2,1024000,3,3,529
43,medium,deepseekv4_attnmhc,wikitext2,1024000,3,4,528
43,medium,deepseekv4_attnmhc,wikitext2,1024000,3,5,501
43,medium,deepseekv4_attnmhc,wikitext2,1024000,3,6,461
43,medium,deepseekv4_attnmhc,wikitext2,1024000,3,7,436
43,medium,deepseekv4_attnmhc,wikitext2,1024000,4,0,513
43,medium,deepseekv4_attnmhc,wikitext2,1024000,4,1,483
43,medium,deepseekv4_attnmhc,wikitext2,1024000,4,2,532
43,medium,deepseekv4_attnmhc,wikitext2,1024000,4,3,542
43,medium,deepseekv4_attnmhc,wikitext2,1024000,4,4,566
43,medium,deepseekv4_attnmhc,wikitext2,1024000,4,5,514
43,medium,deepseekv4_attnmhc,wikitext2,1024000,4,6,489
43,medium,deepseekv4_attnmhc,wikitext2,1024000,4,7,457
43,medium,deepseekv4_attnmhc,wikitext2,1024000,5,0,551
43,medium,deepseekv4_attnmhc,wikitext2,1024000,5,1,538
43,medium,deepseekv4_attnmhc,wikitext2,1024000,5,2,455
43,medium,deepseekv4_attnmhc,wikitext2,1024000,5,3,530
43,medium,deepseekv4_attnmhc,wikitext2,1024000,5,4,491
43,medium,deepseekv4_attnmhc,wikitext2,1024000,5,5,498
43,medium,deepseekv4_attnmhc,wikitext2,1024000,5,6,544
43,medium,deepseekv4_attnmhc,wikitext2,1024000,5,7,489
43,medium,deepseekv4_attnmhc,wikitext2,1228800,0,0,348
43,medium,deepseekv4_attnmhc,wikitext2,1228800,0,1,224
43,medium,deepseekv4_attnmhc,wikitext2,1228800,0,2,377
43,medium,deepseekv4_attnmhc,wikitext2,1228800,0,3,944
43,medium,deepseekv4_attnmhc,wikitext2,1228800,0,4,406
43,medium,deepseekv4_attnmhc,wikitext2,1228800,0,5,632
43,medium,deepseekv4_attnmhc,wikitext2,1228800,0,6,262
43,medium,deepseekv4_attnmhc,wikitext2,1228800,0,7,903
43,medium,deepseekv4_attnmhc,wikitext2,1228800,1,0,317
43,medium,deepseekv4_attnmhc,wikitext2,1228800,1,1,394
43,medium,deepseekv4_attnmhc,wikitext2,1228800,1,2,1059
43,medium,deepseekv4_attnmhc,wikitext2,1228800,1,3,594
43,medium,deepseekv4_attnmhc,wikitext2,1228800,1,4,650
43,medium,deepseekv4_attnmhc,wikitext2,1228800,1,5,254
43,medium,deepseekv4_attnmhc,wikitext2,1228800,1,6,461
43,medium,deepseekv4_attnmhc,wikitext2,1228800,1,7,367
43,medium,deepseekv4_attnmhc,wikitext2,1228800,2,0,493
43,medium,deepseekv4_attnmhc,wikitext2,1228800,2,1,537
43,medium,deepseekv4_attnmhc,wikitext2,1228800,2,2,513
43,medium,deepseekv4_attnmhc,wikitext2,1228800,2,3,451
43,medium,deepseekv4_attnmhc,wikitext2,1228800,2,4,515
43,medium,deepseekv4_attnmhc,wikitext2,1228800,2,5,515
43,medium,deepseekv4_attnmhc,wikitext2,1228800,2,6,526
43,medium,deepseekv4_attnmhc,wikitext2,1228800,2,7,546
43,medium,deepseekv4_attnmhc,wikitext2,1228800,3,0,492
43,medium,deepseekv4_attnmhc,wikitext2,1228800,3,1,433
43,medium,deepseekv4_attnmhc,wikitext2,1228800,3,2,526
43,medium,deepseekv4_attnmhc,wikitext2,1228800,3,3,570
43,medium,deepseekv4_attnmhc,wikitext2,1228800,3,4,489
43,medium,deepseekv4_attnmhc,wikitext2,1228800,3,5,470
43,medium,deepseekv4_attnmhc,wikitext2,1228800,3,6,562
43,medium,deepseekv4_attnmhc,wikitext2,1228800,3,7,554
43,medium,deepseekv4_attnmhc,wikitext2,1228800,4,0,500
43,medium,deepseekv4_attnmhc,wikitext2,1228800,4,1,537
43,medium,deepseekv4_attnmhc,wikitext2,1228800,4,2,516
43,medium,deepseekv4_attnmhc,wikitext2,1228800,4,3,471
43,medium,deepseekv4_attnmhc,wikitext2,1228800,4,4,486
43,medium,deepseekv4_attnmhc,wikitext2,1228800,4,5,527
43,medium,deepseekv4_attnmhc,wikitext2,1228800,4,6,530
43,medium,deepseekv4_attnmhc,wikitext2,1228800,4,7,529
43,medium,deepseekv4_attnmhc,wikitext2,1228800,5,0,497
43,medium,deepseekv4_attnmhc,wikitext2,1228800,5,1,495
43,medium,deepseekv4_attnmhc,wikitext2,1228800,5,2,485
43,medium,deepseekv4_attnmhc,wikitext2,1228800,5,3,534
43,medium,deepseekv4_attnmhc,wikitext2,1228800,5,4,495
43,medium,deepseekv4_attnmhc,wikitext2,1228800,5,5,525
43,medium,deepseekv4_attnmhc,wikitext2,1228800,5,6,518
43,medium,deepseekv4_attnmhc,wikitext2,1228800,5,7,547
43,medium,deepseekv4_attnmhc,wikitext2,1433600,0,0,334
43,medium,deepseekv4_attnmhc,wikitext2,1433600,0,1,238
43,medium,deepseekv4_attnmhc,wikitext2,1433600,0,2,364
43,medium,deepseekv4_attnmhc,wikitext2,1433600,0,3,959
43,medium,deepseekv4_attnmhc,wikitext2,1433600,0,4,402
43,medium,deepseekv4_attnmhc,wikitext2,1433600,0,5,654
43,medium,deepseekv4_attnmhc,wikitext2,1433600,0,6,246
43,medium,deepseekv4_attnmhc,wikitext2,1433600,0,7,899
43,medium,deepseekv4_attnmhc,wikitext2,1433600,1,0,306
43,medium,deepseekv4_attnmhc,wikitext2,1433600,1,1,398
43,medium,deepseekv4_attnmhc,wikitext2,1433600,1,2,1073
43,medium,deepseekv4_attnmhc,wikitext2,1433600,1,3,609
43,medium,deepseekv4_attnmhc,wikitext2,1433600,1,4,622
43,medium,deepseekv4_attnmhc,wikitext2,1433600,1,5,248
43,medium,deepseekv4_attnmhc,wikitext2,1433600,1,6,453
43,medium,deepseekv4_attnmhc,wikitext2,1433600,1,7,387
43,medium,deepseekv4_attnmhc,wikitext2,1433600,2,0,515
43,medium,deepseekv4_attnmhc,wikitext2,1433600,2,1,505
43,medium,deepseekv4_attnmhc,wikitext2,1433600,2,2,509
43,medium,deepseekv4_attnmhc,wikitext2,1433600,2,3,526
43,medium,deepseekv4_attnmhc,wikitext2,1433600,2,4,467
43,medium,deepseekv4_attnmhc,wikitext2,1433600,2,5,545
43,medium,deepseekv4_attnmhc,wikitext2,1433600,2,6,526
43,medium,deepseekv4_attnmhc,wikitext2,1433600,2,7,503
43,medium,deepseekv4_attnmhc,wikitext2,1433600,3,0,536
43,medium,deepseekv4_attnmhc,wikitext2,1433600,3,1,514
43,medium,deepseekv4_attnmhc,wikitext2,1433600,3,2,476
43,medium,deepseekv4_attnmhc,wikitext2,1433600,3,3,512
43,medium,deepseekv4_attnmhc,wikitext2,1433600,3,4,557
43,medium,deepseekv4_attnmhc,wikitext2,1433600,3,5,490
43,medium,deepseekv4_attnmhc,wikitext2,1433600,3,6,502
43,medium,deepseekv4_attnmhc,wikitext2,1433600,3,7,509
43,medium,deepseekv4_attnmhc,wikitext2,1433600,4,0,482
43,medium,deepseekv4_attnmhc,wikitext2,1433600,4,1,509
43,medium,deepseekv4_attnmhc,wikitext2,1433600,4,2,500
43,medium,deepseekv4_attnmhc,wikitext2,1433600,4,3,524
43,medium,deepseekv4_attnmhc,wikitext2,1433600,4,4,529
43,medium,deepseekv4_attnmhc,wikitext2,1433600,4,5,527
43,medium,deepseekv4_attnmhc,wikitext2,1433600,4,6,490
43,medium,deepseekv4_attnmhc,wikitext2,1433600,4,7,535
43,medium,deepseekv4_attnmhc,wikitext2,1433600,5,0,462
43,medium,deepseekv4_attnmhc,wikitext2,1433600,5,1,518
43,medium,deepseekv4_attnmhc,wikitext2,1433600,5,2,515
43,medium,deepseekv4_attnmhc,wikitext2,1433600,5,3,518
43,medium,deepseekv4_attnmhc,wikitext2,1433600,5,4,526
43,medium,deepseekv4_attnmhc,wikitext2,1433600,5,5,526
43,medium,deepseekv4_attnmhc,wikitext2,1433600,5,6,496
43,medium,deepseekv4_attnmhc,wikitext2,1433600,5,7,535
43,medium,deepseekv4_attnmhc,wikitext2,1638400,0,0,322
43,medium,deepseekv4_attnmhc,wikitext2,1638400,0,1,226
43,medium,deepseekv4_attnmhc,wikitext2,1638400,0,2,334
43,medium,deepseekv4_attnmhc,wikitext2,1638400,0,3,977
43,medium,deepseekv4_attnmhc,wikitext2,1638400,0,4,389
43,medium,deepseekv4_attnmhc,wikitext2,1638400,0,5,662
43,medium,deepseekv4_attnmhc,wikitext2,1638400,0,6,257
43,medium,deepseekv4_attnmhc,wikitext2,1638400,0,7,929
43,medium,deepseekv4_attnmhc,wikitext2,1638400,1,0,303
43,medium,deepseekv4_attnmhc,wikitext2,1638400,1,1,435
43,medium,deepseekv4_attnmhc,wikitext2,1638400,1,2,1028
43,medium,deepseekv4_attnmhc,wikitext2,1638400,1,3,608
43,medium,deepseekv4_attnmhc,wikitext2,1638400,1,4,620
43,medium,deepseekv4_attnmhc,wikitext2,1638400,1,5,274
43,medium,deepseekv4_attnmhc,wikitext2,1638400,1,6,465
43,medium,deepseekv4_attnmhc,wikitext2,1638400,1,7,363
43,medium,deepseekv4_attnmhc,wikitext2,1638400,2,0,516
43,medium,deepseekv4_attnmhc,wikitext2,1638400,2,1,485
43,medium,deepseekv4_attnmhc,wikitext2,1638400,2,2,542
43,medium,deepseekv4_attnmhc,wikitext2,1638400,2,3,536
43,medium,deepseekv4_attnmhc,wikitext2,1638400,2,4,512
43,medium,deepseekv4_attnmhc,wikitext2,1638400,2,5,479
43,medium,deepseekv4_attnmhc,wikitext2,1638400,2,6,515
43,medium,deepseekv4_attnmhc,wikitext2,1638400,2,7,511
43,medium,deepseekv4_attnmhc,wikitext2,1638400,3,0,519
43,medium,deepseekv4_attnmhc,wikitext2,1638400,3,1,558
43,medium,deepseekv4_attnmhc,wikitext2,1638400,3,2,499
43,medium,deepseekv4_attnmhc,wikitext2,1638400,3,3,495
43,medium,deepseekv4_attnmhc,wikitext2,1638400,3,4,501
43,medium,deepseekv4_attnmhc,wikitext2,1638400,3,5,549
43,medium,deepseekv4_attnmhc,wikitext2,1638400,3,6,492
43,medium,deepseekv4_attnmhc,wikitext2,1638400,3,7,483
43,medium,deepseekv4_attnmhc,wikitext2,1638400,4,0,499
43,medium,deepseekv4_attnmhc,wikitext2,1638400,4,1,512
43,medium,deepseekv4_attnmhc,wikitext2,1638400,4,2,528
43,medium,deepseekv4_attnmhc,wikitext2,1638400,4,3,505
43,medium,deepseekv4_attnmhc,wikitext2,1638400,4,4,551
43,medium,deepseekv4_attnmhc,wikitext2,1638400,4,5,505
43,medium,deepseekv4_attnmhc,wikitext2,1638400,4,6,511
43,medium,deepseekv4_attnmhc,wikitext2,1638400,4,7,485
43,medium,deepseekv4_attnmhc,wikitext2,1638400,5,0,494
43,medium,deepseekv4_attnmhc,wikitext2,1638400,5,1,537
43,medium,deepseekv4_attnmhc,wikitext2,1638400,5,2,552
43,medium,deepseekv4_attnmhc,wikitext2,1638400,5,3,488
43,medium,deepseekv4_attnmhc,wikitext2,1638400,5,4,535
43,medium,deepseekv4_attnmhc,wikitext2,1638400,5,5,466
43,medium,deepseekv4_attnmhc,wikitext2,1638400,5,6,515
43,medium,deepseekv4_attnmhc,wikitext2,1638400,5,7,509
43,medium,deepseekv4_attnmhc,wikitext2,1843200,0,0,333
43,medium,deepseekv4_attnmhc,wikitext2,1843200,0,1,234
43,medium,deepseekv4_attnmhc,wikitext2,1843200,0,2,379
43,medium,deepseekv4_attnmhc,wikitext2,1843200,0,3,957
43,medium,deepseekv4_attnmhc,wikitext2,1843200,0,4,401
43,medium,deepseekv4_attnmhc,wikitext2,1843200,0,5,637
43,medium,deepseekv4_attnmhc,wikitext2,1843200,0,6,279
43,medium,deepseekv4_attnmhc,wikitext2,1843200,0,7,876
43,medium,deepseekv4_attnmhc,wikitext2,1843200,1,0,336
43,medium,deepseekv4_attnmhc,wikitext2,1843200,1,1,394
43,medium,deepseekv4_attnmhc,wikitext2,1843200,1,2,1082
43,medium,deepseekv4_attnmhc,wikitext2,1843200,1,3,589
43,medium,deepseekv4_attnmhc,wikitext2,1843200,1,4,599
43,medium,deepseekv4_attnmhc,wikitext2,1843200,1,5,299
43,medium,deepseekv4_attnmhc,wikitext2,1843200,1,6,417
43,medium,deepseekv4_attnmhc,wikitext2,1843200,1,7,380
43,medium,deepseekv4_attnmhc,wikitext2,1843200,2,0,555
43,medium,deepseekv4_attnmhc,wikitext2,1843200,2,1,467
43,medium,deepseekv4_attnmhc,wikitext2,1843200,2,2,479
43,medium,deepseekv4_attnmhc,wikitext2,1843200,2,3,539
43,medium,deepseekv4_attnmhc,wikitext2,1843200,2,4,536
43,medium,deepseekv4_attnmhc,wikitext2,1843200,2,5,462
43,medium,deepseekv4_attnmhc,wikitext2,1843200,2,6,545
43,medium,deepseekv4_attnmhc,wikitext2,1843200,2,7,513
43,medium,deepseekv4_attnmhc,wikitext2,1843200,3,0,473
43,medium,deepseekv4_attnmhc,wikitext2,1843200,3,1,496
43,medium,deepseekv4_attnmhc,wikitext2,1843200,3,2,522
43,medium,deepseekv4_attnmhc,wikitext2,1843200,3,3,514
43,medium,deepseekv4_attnmhc,wikitext2,1843200,3,4,521
43,medium,deepseekv4_attnmhc,wikitext2,1843200,3,5,519
43,medium,deepseekv4_attnmhc,wikitext2,1843200,3,6,562
43,medium,deepseekv4_attnmhc,wikitext2,1843200,3,7,489
43,medium,deepseekv4_attnmhc,wikitext2,1843200,4,0,536
43,medium,deepseekv4_attnmhc,wikitext2,1843200,4,1,523
43,medium,deepseekv4_attnmhc,wikitext2,1843200,4,2,528
43,medium,deepseekv4_attnmhc,wikitext2,1843200,4,3,535
43,medium,deepseekv4_attnmhc,wikitext2,1843200,4,4,477
43,medium,deepseekv4_attnmhc,wikitext2,1843200,4,5,504
43,medium,deepseekv4_attnmhc,wikitext2,1843200,4,6,528
43,medium,deepseekv4_attnmhc,wikitext2,1843200,4,7,465
43,medium,deepseekv4_attnmhc,wikitext2,1843200,5,0,546
43,medium,deepseekv4_attnmhc,wikitext2,1843200,5,1,495
43,medium,deepseekv4_attnmhc,wikitext2,1843200,5,2,491
43,medium,deepseekv4_attnmhc,wikitext2,1843200,5,3,521
43,medium,deepseekv4_attnmhc,wikitext2,1843200,5,4,545
43,medium,deepseekv4_attnmhc,wikitext2,1843200,5,5,509
43,medium,deepseekv4_attnmhc,wikitext2,1843200,5,6,488
43,medium,deepseekv4_attnmhc,wikitext2,1843200,5,7,501
43,medium,deepseekv4_attnmhc,wikitext2,2048000,0,0,316
43,medium,deepseekv4_attnmhc,wikitext2,2048000,0,1,231
43,medium,deepseekv4_attnmhc,wikitext2,2048000,0,2,366
43,medium,deepseekv4_attnmhc,wikitext2,2048000,0,3,956
43,medium,deepseekv4_attnmhc,wikitext2,2048000,0,4,377
43,medium,deepseekv4_attnmhc,wikitext2,2048000,0,5,695
43,medium,deepseekv4_attnmhc,wikitext2,2048000,0,6,256
43,medium,deepseekv4_attnmhc,wikitext2,2048000,0,7,899
43,medium,deepseekv4_attnmhc,wikitext2,2048000,1,0,302
43,medium,deepseekv4_attnmhc,wikitext2,2048000,1,1,395
43,medium,deepseekv4_attnmhc,wikitext2,2048000,1,2,1046
43,medium,deepseekv4_attnmhc,wikitext2,2048000,1,3,578
43,medium,deepseekv4_attnmhc,wikitext2,2048000,1,4,619
43,medium,deepseekv4_attnmhc,wikitext2,2048000,1,5,245
43,medium,deepseekv4_attnmhc,wikitext2,2048000,1,6,486
43,medium,deepseekv4_attnmhc,wikitext2,2048000,1,7,425
43,medium,deepseekv4_attnmhc,wikitext2,2048000,2,0,563
43,medium,deepseekv4_attnmhc,wikitext2,2048000,2,1,496
43,medium,deepseekv4_attnmhc,wikitext2,2048000,2,2,487
43,medium,deepseekv4_attnmhc,wikitext2,2048000,2,3,493
43,medium,deepseekv4_attnmhc,wikitext2,2048000,2,4,487
43,medium,deepseekv4_attnmhc,wikitext2,2048000,2,5,499
43,medium,deepseekv4_attnmhc,wikitext2,2048000,2,6,552
43,medium,deepseekv4_attnmhc,wikitext2,2048000,2,7,519
43,medium,deepseekv4_attnmhc,wikitext2,2048000,3,0,498
43,medium,deepseekv4_attnmhc,wikitext2,2048000,3,1,493
43,medium,deepseekv4_attnmhc,wikitext2,2048000,3,2,492
43,medium,deepseekv4_attnmhc,wikitext2,2048000,3,3,519
43,medium,deepseekv4_attnmhc,wikitext2,2048000,3,4,540
43,medium,deepseekv4_attnmhc,wikitext2,2048000,3,5,512
43,medium,deepseekv4_attnmhc,wikitext2,2048000,3,6,536
43,medium,deepseekv4_attnmhc,wikitext2,2048000,3,7,506
43,medium,deepseekv4_attnmhc,wikitext2,2048000,4,0,503
43,medium,deepseekv4_attnmhc,wikitext2,2048000,4,1,530
43,medium,deepseekv4_attnmhc,wikitext2,2048000,4,2,474
43,medium,deepseekv4_attnmhc,wikitext2,2048000,4,3,490
43,medium,deepseekv4_attnmhc,wikitext2,2048000,4,4,531
43,medium,deepseekv4_attnmhc,wikitext2,2048000,4,5,482
43,medium,deepseekv4_attnmhc,wikitext2,2048000,4,6,539
43,medium,deepseekv4_attnmhc,wikitext2,2048000,4,7,547
43,medium,deepseekv4_attnmhc,wikitext2,2048000,5,0,502
43,medium,deepseekv4_attnmhc,wikitext2,2048000,5,1,552
43,medium,deepseekv4_attnmhc,wikitext2,2048000,5,2,507
43,medium,deepseekv4_attnmhc,wikitext2,2048000,5,3,529
43,medium,deepseekv4_attnmhc,wikitext2,2048000,5,4,491
43,medium,deepseekv4_attnmhc,wikitext2,2048000,5,5,494
43,medium,deepseekv4_attnmhc,wikitext2,2048000,5,6,522
43,medium,deepseekv4_attnmhc,wikitext2,2048000,5,7,499
43,medium,deepseekv4_attnmhc_2h,wikitext2,2048,0,0,334
43,medium,deepseekv4_attnmhc_2h,wikitext2,2048,0,1,265
43,medium,deepseekv4_attnmhc_2h,wikitext2,2048,0,2,385
43,medium,deepseekv4_attnmhc_2h,wikitext2,2048,0,3,920
43,medium,deepseekv4_attnmhc_2h,wikitext2,2048,0,4,418
43,medium,deepseekv4_attnmhc_2h,wikitext2,2048,0,5,659
43,medium,deepseekv4_attnmhc_2h,wikitext2,2048,0,6,255
43,medium,deepseekv4_attnmhc_2h,wikitext2,2048,0,7,860
43,medium,deepseekv4_attnmhc_2h,wikitext2,2048,1,0,326
43,medium,deepseekv4_attnmhc_2h,wikitext2,2048,1,1,398
43,medium,deepseekv4_attnmhc_2h,wikitext2,2048,1,2,1083
43,medium,deepseekv4_attnmhc_2h,wikitext2,2048,1,3,623
43,medium,deepseekv4_attnmhc_2h,wikitext2,2048,1,4,624
43,medium,deepseekv4_attnmhc_2h,wikitext2,2048,1,5,251
43,medium,deepseekv4_attnmhc_2h,wikitext2,2048,1,6,427
43,medium,deepseekv4_attnmhc_2h,wikitext2,2048,1,7,364
43,medium,deepseekv4_attnmhc_2h,wikitext2,2048,2,0,93
43,medium,deepseekv4_attnmhc_2h,wikitext2,2048,2,1,668
43,medium,deepseekv4_attnmhc_2h,wikitext2,2048,2,2,273
43,medium,deepseekv4_attnmhc_2h,wikitext2,2048,2,3,567
43,medium,deepseekv4_attnmhc_2h,wikitext2,2048,2,4,551
43,medium,deepseekv4_attnmhc_2h,wikitext2,2048,2,5,867
43,medium,deepseekv4_attnmhc_2h,wikitext2,2048,2,6,547
43,medium,deepseekv4_attnmhc_2h,wikitext2,2048,2,7,530
43,medium,deepseekv4_attnmhc_2h,wikitext2,2048,3,0,231
43,medium,deepseekv4_attnmhc_2h,wikitext2,2048,3,1,768
43,medium,deepseekv4_attnmhc_2h,wikitext2,2048,3,2,496
43,medium,deepseekv4_attnmhc_2h,wikitext2,2048,3,3,430
43,medium,deepseekv4_attnmhc_2h,wikitext2,2048,3,4,796
43,medium,deepseekv4_attnmhc_2h,wikitext2,2048,3,5,536
43,medium,deepseekv4_attnmhc_2h,wikitext2,2048,3,6,234
43,medium,deepseekv4_attnmhc_2h,wikitext2,2048,3,7,605
43,medium,deepseekv4_attnmhc_2h,wikitext2,2048,4,0,955
43,medium,deepseekv4_attnmhc_2h,wikitext2,2048,4,1,370
43,medium,deepseekv4_attnmhc_2h,wikitext2,2048,4,2,150
43,medium,deepseekv4_attnmhc_2h,wikitext2,2048,4,3,805
43,medium,deepseekv4_attnmhc_2h,wikitext2,2048,4,4,572
43,medium,deepseekv4_attnmhc_2h,wikitext2,2048,4,5,523
43,medium,deepseekv4_attnmhc_2h,wikitext2,2048,4,6,449
43,medium,deepseekv4_attnmhc_2h,wikitext2,2048,4,7,272
43,medium,deepseekv4_attnmhc_2h,wikitext2,2048,5,0,297
43,medium,deepseekv4_attnmhc_2h,wikitext2,2048,5,1,1137
43,medium,deepseekv4_attnmhc_2h,wikitext2,2048,5,2,877
43,medium,deepseekv4_attnmhc_2h,wikitext2,2048,5,3,393
43,medium,deepseekv4_attnmhc_2h,wikitext2,2048,5,4,358
43,medium,deepseekv4_attnmhc_2h,wikitext2,2048,5,5,401
43,medium,deepseekv4_attnmhc_2h,wikitext2,2048,5,6,183
43,medium,deepseekv4_attnmhc_2h,wikitext2,2048,5,7,450
43,medium,deepseekv4_attnmhc_2h,wikitext2,204800,0,0,322
43,medium,deepseekv4_attnmhc_2h,wikitext2,204800,0,1,248
43,medium,deepseekv4_attnmhc_2h,wikitext2,204800,0,2,394
43,medium,deepseekv4_attnmhc_2h,wikitext2,204800,0,3,942
43,medium,deepseekv4_attnmhc_2h,wikitext2,204800,0,4,406
43,medium,deepseekv4_attnmhc_2h,wikitext2,204800,0,5,657
43,medium,deepseekv4_attnmhc_2h,wikitext2,204800,0,6,254
43,medium,deepseekv4_attnmhc_2h,wikitext2,204800,0,7,873
43,medium,deepseekv4_attnmhc_2h,wikitext2,204800,1,0,362
43,medium,deepseekv4_attnmhc_2h,wikitext2,204800,1,1,374
43,medium,deepseekv4_attnmhc_2h,wikitext2,204800,1,2,1048
43,medium,deepseekv4_attnmhc_2h,wikitext2,204800,1,3,585
43,medium,deepseekv4_attnmhc_2h,wikitext2,204800,1,4,635
43,medium,deepseekv4_attnmhc_2h,wikitext2,204800,1,5,274
43,medium,deepseekv4_attnmhc_2h,wikitext2,204800,1,6,429
43,medium,deepseekv4_attnmhc_2h,wikitext2,204800,1,7,389
43,medium,deepseekv4_attnmhc_2h,wikitext2,204800,2,0,575
43,medium,deepseekv4_attnmhc_2h,wikitext2,204800,2,1,465
43,medium,deepseekv4_attnmhc_2h,wikitext2,204800,2,2,530
43,medium,deepseekv4_attnmhc_2h,wikitext2,204800,2,3,399
43,medium,deepseekv4_attnmhc_2h,wikitext2,204800,2,4,813
43,medium,deepseekv4_attnmhc_2h,wikitext2,204800,2,5,381
43,medium,deepseekv4_attnmhc_2h,wikitext2,204800,2,6,465
43,medium,deepseekv4_attnmhc_2h,wikitext2,204800,2,7,468
43,medium,deepseekv4_attnmhc_2h,wikitext2,204800,3,0,491
43,medium,deepseekv4_attnmhc_2h,wikitext2,204800,3,1,547
43,medium,deepseekv4_attnmhc_2h,wikitext2,204800,3,2,631
43,medium,deepseekv4_attnmhc_2h,wikitext2,204800,3,3,327
43,medium,deepseekv4_attnmhc_2h,wikitext2,204800,3,4,552
43,medium,deepseekv4_attnmhc_2h,wikitext2,204800,3,5,737
43,medium,deepseekv4_attnmhc_2h,wikitext2,204800,3,6,381
43,medium,deepseekv4_attnmhc_2h,wikitext2,204800,3,7,430
43,medium,deepseekv4_attnmhc_2h,wikitext2,204800,4,0,537
43,medium,deepseekv4_attnmhc_2h,wikitext2,204800,4,1,504
43,medium,deepseekv4_attnmhc_2h,wikitext2,204800,4,2,678
43,medium,deepseekv4_attnmhc_2h,wikitext2,204800,4,3,763
43,medium,deepseekv4_attnmhc_2h,wikitext2,204800,4,4,497
43,medium,deepseekv4_attnmhc_2h,wikitext2,204800,4,5,448
43,medium,deepseekv4_attnmhc_2h,wikitext2,204800,4,6,497
43,medium,deepseekv4_attnmhc_2h,wikitext2,204800,4,7,172
43,medium,deepseekv4_attnmhc_2h,wikitext2,204800,5,0,427
43,medium,deepseekv4_attnmhc_2h,wikitext2,204800,5,1,456
43,medium,deepseekv4_attnmhc_2h,wikitext2,204800,5,2,293
43,medium,deepseekv4_attnmhc_2h,wikitext2,204800,5,3,417
43,medium,deepseekv4_attnmhc_2h,wikitext2,204800,5,4,645
43,medium,deepseekv4_attnmhc_2h,wikitext2,204800,5,5,631
43,medium,deepseekv4_attnmhc_2h,wikitext2,204800,5,6,379
43,medium,deepseekv4_attnmhc_2h,wikitext2,204800,5,7,848
43,medium,deepseekv4_attnmhc_2h,wikitext2,409600,0,0,318
43,medium,deepseekv4_attnmhc_2h,wikitext2,409600,0,1,246
43,medium,deepseekv4_attnmhc_2h,wikitext2,409600,0,2,396
43,medium,deepseekv4_attnmhc_2h,wikitext2,409600,0,3,957
43,medium,deepseekv4_attnmhc_2h,wikitext2,409600,0,4,412
43,medium,deepseekv4_attnmhc_2h,wikitext2,409600,0,5,627
43,medium,deepseekv4_attnmhc_2h,wikitext2,409600,0,6,248
43,medium,deepseekv4_attnmhc_2h,wikitext2,409600,0,7,892
43,medium,deepseekv4_attnmhc_2h,wikitext2,409600,1,0,341
43,medium,deepseekv4_attnmhc_2h,wikitext2,409600,1,1,408
43,medium,deepseekv4_attnmhc_2h,wikitext2,409600,1,2,1101
43,medium,deepseekv4_attnmhc_2h,wikitext2,409600,1,3,612
43,medium,deepseekv4_attnmhc_2h,wikitext2,409600,1,4,610
43,medium,deepseekv4_attnmhc_2h,wikitext2,409600,1,5,241
43,medium,deepseekv4_attnmhc_2h,wikitext2,409600,1,6,424
43,medium,deepseekv4_attnmhc_2h,wikitext2,409600,1,7,359
43,medium,deepseekv4_attnmhc_2h,wikitext2,409600,2,0,639
43,medium,deepseekv4_attnmhc_2h,wikitext2,409600,2,1,496
43,medium,deepseekv4_attnmhc_2h,wikitext2,409600,2,2,556
43,medium,deepseekv4_attnmhc_2h,wikitext2,409600,2,3,850
43,medium,deepseekv4_attnmhc_2h,wikitext2,409600,2,4,554
43,medium,deepseekv4_attnmhc_2h,wikitext2,409600,2,5,440
43,medium,deepseekv4_attnmhc_2h,wikitext2,409600,2,6,479
43,medium,deepseekv4_attnmhc_2h,wikitext2,409600,2,7,82
43,medium,deepseekv4_attnmhc_2h,wikitext2,409600,3,0,460
43,medium,deepseekv4_attnmhc_2h,wikitext2,409600,3,1,413
43,medium,deepseekv4_attnmhc_2h,wikitext2,409600,3,2,703
43,medium,deepseekv4_attnmhc_2h,wikitext2,409600,3,3,421
43,medium,deepseekv4_attnmhc_2h,wikitext2,409600,3,4,530
43,medium,deepseekv4_attnmhc_2h,wikitext2,409600,3,5,676
43,medium,deepseekv4_attnmhc_2h,wikitext2,409600,3,6,425
43,medium,deepseekv4_attnmhc_2h,wikitext2,409600,3,7,468
43,medium,deepseekv4_attnmhc_2h,wikitext2,409600,4,0,512
43,medium,deepseekv4_attnmhc_2h,wikitext2,409600,4,1,763
43,medium,deepseekv4_attnmhc_2h,wikitext2,409600,4,2,531
43,medium,deepseekv4_attnmhc_2h,wikitext2,409600,4,3,311
43,medium,deepseekv4_attnmhc_2h,wikitext2,409600,4,4,548
43,medium,deepseekv4_attnmhc_2h,wikitext2,409600,4,5,695
43,medium,deepseekv4_attnmhc_2h,wikitext2,409600,4,6,532
43,medium,deepseekv4_attnmhc_2h,wikitext2,409600,4,7,204
43,medium,deepseekv4_attnmhc_2h,wikitext2,409600,5,0,297
43,medium,deepseekv4_attnmhc_2h,wikitext2,409600,5,1,533
43,medium,deepseekv4_attnmhc_2h,wikitext2,409600,5,2,861
43,medium,deepseekv4_attnmhc_2h,wikitext2,409600,5,3,525
43,medium,deepseekv4_attnmhc_2h,wikitext2,409600,5,4,526
43,medium,deepseekv4_attnmhc_2h,wikitext2,409600,5,5,399
43,medium,deepseekv4_attnmhc_2h,wikitext2,409600,5,6,386
43,medium,deepseekv4_attnmhc_2h,wikitext2,409600,5,7,569
43,medium,deepseekv4_attnmhc_2h,wikitext2,614400,0,0,336
43,medium,deepseekv4_attnmhc_2h,wikitext2,614400,0,1,259
43,medium,deepseekv4_attnmhc_2h,wikitext2,614400,0,2,377
43,medium,deepseekv4_attnmhc_2h,wikitext2,614400,0,3,959
43,medium,deepseekv4_attnmhc_2h,wikitext2,614400,0,4,409
43,medium,deepseekv4_attnmhc_2h,wikitext2,614400,0,5,627
43,medium,deepseekv4_attnmhc_2h,wikitext2,614400,0,6,242
43,medium,deepseekv4_attnmhc_2h,wikitext2,614400,0,7,887
43,medium,deepseekv4_attnmhc_2h,wikitext2,614400,1,0,348
43,medium,deepseekv4_attnmhc_2h,wikitext2,614400,1,1,437
43,medium,deepseekv4_attnmhc_2h,wikitext2,614400,1,2,1043
43,medium,deepseekv4_attnmhc_2h,wikitext2,614400,1,3,599
43,medium,deepseekv4_attnmhc_2h,wikitext2,614400,1,4,616
43,medium,deepseekv4_attnmhc_2h,wikitext2,614400,1,5,249
43,medium,deepseekv4_attnmhc_2h,wikitext2,614400,1,6,421
43,medium,deepseekv4_attnmhc_2h,wikitext2,614400,1,7,383
43,medium,deepseekv4_attnmhc_2h,wikitext2,614400,2,0,632
43,medium,deepseekv4_attnmhc_2h,wikitext2,614400,2,1,442
43,medium,deepseekv4_attnmhc_2h,wikitext2,614400,2,2,541
43,medium,deepseekv4_attnmhc_2h,wikitext2,614400,2,3,468
43,medium,deepseekv4_attnmhc_2h,wikitext2,614400,2,4,469
43,medium,deepseekv4_attnmhc_2h,wikitext2,614400,2,5,496
43,medium,deepseekv4_attnmhc_2h,wikitext2,614400,2,6,552
43,medium,deepseekv4_attnmhc_2h,wikitext2,614400,2,7,496
43,medium,deepseekv4_attnmhc_2h,wikitext2,614400,3,0,532
43,medium,deepseekv4_attnmhc_2h,wikitext2,614400,3,1,521
43,medium,deepseekv4_attnmhc_2h,wikitext2,614400,3,2,527
43,medium,deepseekv4_attnmhc_2h,wikitext2,614400,3,3,408
43,medium,deepseekv4_attnmhc_2h,wikitext2,614400,3,4,515
43,medium,deepseekv4_attnmhc_2h,wikitext2,614400,3,5,565
43,medium,deepseekv4_attnmhc_2h,wikitext2,614400,3,6,575
43,medium,deepseekv4_attnmhc_2h,wikitext2,614400,3,7,453
43,medium,deepseekv4_attnmhc_2h,wikitext2,614400,4,0,508
43,medium,deepseekv4_attnmhc_2h,wikitext2,614400,4,1,445
43,medium,deepseekv4_attnmhc_2h,wikitext2,614400,4,2,519
43,medium,deepseekv4_attnmhc_2h,wikitext2,614400,4,3,445
43,medium,deepseekv4_attnmhc_2h,wikitext2,614400,4,4,694
43,medium,deepseekv4_attnmhc_2h,wikitext2,614400,4,5,440
43,medium,deepseekv4_attnmhc_2h,wikitext2,614400,4,6,509
43,medium,deepseekv4_attnmhc_2h,wikitext2,614400,4,7,536
43,medium,deepseekv4_attnmhc_2h,wikitext2,614400,5,0,502
43,medium,deepseekv4_attnmhc_2h,wikitext2,614400,5,1,532
43,medium,deepseekv4_attnmhc_2h,wikitext2,614400,5,2,557
43,medium,deepseekv4_attnmhc_2h,wikitext2,614400,5,3,437
43,medium,deepseekv4_attnmhc_2h,wikitext2,614400,5,4,597
43,medium,deepseekv4_attnmhc_2h,wikitext2,614400,5,5,506
43,medium,deepseekv4_attnmhc_2h,wikitext2,614400,5,6,527
43,medium,deepseekv4_attnmhc_2h,wikitext2,614400,5,7,438
43,medium,deepseekv4_attnmhc_2h,wikitext2,819200,0,0,325
43,medium,deepseekv4_attnmhc_2h,wikitext2,819200,0,1,255
43,medium,deepseekv4_attnmhc_2h,wikitext2,819200,0,2,352
43,medium,deepseekv4_attnmhc_2h,wikitext2,819200,0,3,979
43,medium,deepseekv4_attnmhc_2h,wikitext2,819200,0,4,398
43,medium,deepseekv4_attnmhc_2h,wikitext2,819200,0,5,657
43,medium,deepseekv4_attnmhc_2h,wikitext2,819200,0,6,234
43,medium,deepseekv4_attnmhc_2h,wikitext2,819200,0,7,896
43,medium,deepseekv4_attnmhc_2h,wikitext2,819200,1,0,305
43,medium,deepseekv4_attnmhc_2h,wikitext2,819200,1,1,407
43,medium,deepseekv4_attnmhc_2h,wikitext2,819200,1,2,1056
43,medium,deepseekv4_attnmhc_2h,wikitext2,819200,1,3,603
43,medium,deepseekv4_attnmhc_2h,wikitext2,819200,1,4,632
43,medium,deepseekv4_attnmhc_2h,wikitext2,819200,1,5,253
43,medium,deepseekv4_attnmhc_2h,wikitext2,819200,1,6,460
43,medium,deepseekv4_attnmhc_2h,wikitext2,819200,1,7,380
43,medium,deepseekv4_attnmhc_2h,wikitext2,819200,2,0,425
43,medium,deepseekv4_attnmhc_2h,wikitext2,819200,2,1,493
43,medium,deepseekv4_attnmhc_2h,wikitext2,819200,2,2,567
43,medium,deepseekv4_attnmhc_2h,wikitext2,819200,2,3,459
43,medium,deepseekv4_attnmhc_2h,wikitext2,819200,2,4,431
43,medium,deepseekv4_attnmhc_2h,wikitext2,819200,2,5,447
43,medium,deepseekv4_attnmhc_2h,wikitext2,819200,2,6,591
43,medium,deepseekv4_attnmhc_2h,wikitext2,819200,2,7,683
43,medium,deepseekv4_attnmhc_2h,wikitext2,819200,3,0,490
43,medium,deepseekv4_attnmhc_2h,wikitext2,819200,3,1,484
43,medium,deepseekv4_attnmhc_2h,wikitext2,819200,3,2,453
43,medium,deepseekv4_attnmhc_2h,wikitext2,819200,3,3,667
43,medium,deepseekv4_attnmhc_2h,wikitext2,819200,3,4,525
43,medium,deepseekv4_attnmhc_2h,wikitext2,819200,3,5,360
43,medium,deepseekv4_attnmhc_2h,wikitext2,819200,3,6,566
43,medium,deepseekv4_attnmhc_2h,wikitext2,819200,3,7,551
43,medium,deepseekv4_attnmhc_2h,wikitext2,819200,4,0,603
43,medium,deepseekv4_attnmhc_2h,wikitext2,819200,4,1,493
43,medium,deepseekv4_attnmhc_2h,wikitext2,819200,4,2,508
43,medium,deepseekv4_attnmhc_2h,wikitext2,819200,4,3,519
43,medium,deepseekv4_attnmhc_2h,wikitext2,819200,4,4,433
43,medium,deepseekv4_attnmhc_2h,wikitext2,819200,4,5,507
43,medium,deepseekv4_attnmhc_2h,wikitext2,819200,4,6,492
43,medium,deepseekv4_attnmhc_2h,wikitext2,819200,4,7,541
43,medium,deepseekv4_attnmhc_2h,wikitext2,819200,5,0,466
43,medium,deepseekv4_attnmhc_2h,wikitext2,819200,5,1,526
43,medium,deepseekv4_attnmhc_2h,wikitext2,819200,5,2,523
43,medium,deepseekv4_attnmhc_2h,wikitext2,819200,5,3,632
43,medium,deepseekv4_attnmhc_2h,wikitext2,819200,5,4,559
43,medium,deepseekv4_attnmhc_2h,wikitext2,819200,5,5,464
43,medium,deepseekv4_attnmhc_2h,wikitext2,819200,5,6,382
43,medium,deepseekv4_attnmhc_2h,wikitext2,819200,5,7,544
43,medium,deepseekv4_attnmhc_2h,wikitext2,1024000,0,0,319
43,medium,deepseekv4_attnmhc_2h,wikitext2,1024000,0,1,247
43,medium,deepseekv4_attnmhc_2h,wikitext2,1024000,0,2,376
43,medium,deepseekv4_attnmhc_2h,wikitext2,1024000,0,3,951
43,medium,deepseekv4_attnmhc_2h,wikitext2,1024000,0,4,387
43,medium,deepseekv4_attnmhc_2h,wikitext2,1024000,0,5,665
43,medium,deepseekv4_attnmhc_2h,wikitext2,1024000,0,6,237
43,medium,deepseekv4_attnmhc_2h,wikitext2,1024000,0,7,914
43,medium,deepseekv4_attnmhc_2h,wikitext2,1024000,1,0,306
43,medium,deepseekv4_attnmhc_2h,wikitext2,1024000,1,1,383
43,medium,deepseekv4_attnmhc_2h,wikitext2,1024000,1,2,1042
43,medium,deepseekv4_attnmhc_2h,wikitext2,1024000,1,3,625
43,medium,deepseekv4_attnmhc_2h,wikitext2,1024000,1,4,657
43,medium,deepseekv4_attnmhc_2h,wikitext2,1024000,1,5,238
43,medium,deepseekv4_attnmhc_2h,wikitext2,1024000,1,6,469
43,medium,deepseekv4_attnmhc_2h,wikitext2,1024000,1,7,376
43,medium,deepseekv4_attnmhc_2h,wikitext2,1024000,2,0,502
43,medium,deepseekv4_attnmhc_2h,wikitext2,1024000,2,1,446
43,medium,deepseekv4_attnmhc_2h,wikitext2,1024000,2,2,490
43,medium,deepseekv4_attnmhc_2h,wikitext2,1024000,2,3,570
43,medium,deepseekv4_attnmhc_2h,wikitext2,1024000,2,4,498
43,medium,deepseekv4_attnmhc_2h,wikitext2,1024000,2,5,539
43,medium,deepseekv4_attnmhc_2h,wikitext2,1024000,2,6,544
43,medium,deepseekv4_attnmhc_2h,wikitext2,1024000,2,7,507
43,medium,deepseekv4_attnmhc_2h,wikitext2,1024000,3,0,455
43,medium,deepseekv4_attnmhc_2h,wikitext2,1024000,3,1,467
43,medium,deepseekv4_attnmhc_2h,wikitext2,1024000,3,2,510
43,medium,deepseekv4_attnmhc_2h,wikitext2,1024000,3,3,604
43,medium,deepseekv4_attnmhc_2h,wikitext2,1024000,3,4,490
43,medium,deepseekv4_attnmhc_2h,wikitext2,1024000,3,5,544
43,medium,deepseekv4_attnmhc_2h,wikitext2,1024000,3,6,510
43,medium,deepseekv4_attnmhc_2h,wikitext2,1024000,3,7,516
43,medium,deepseekv4_attnmhc_2h,wikitext2,1024000,4,0,521
43,medium,deepseekv4_attnmhc_2h,wikitext2,1024000,4,1,477
43,medium,deepseekv4_attnmhc_2h,wikitext2,1024000,4,2,576
43,medium,deepseekv4_attnmhc_2h,wikitext2,1024000,4,3,525
43,medium,deepseekv4_attnmhc_2h,wikitext2,1024000,4,4,406
43,medium,deepseekv4_attnmhc_2h,wikitext2,1024000,4,5,543
43,medium,deepseekv4_attnmhc_2h,wikitext2,1024000,4,6,516
43,medium,deepseekv4_attnmhc_2h,wikitext2,1024000,4,7,532
43,medium,deepseekv4_attnmhc_2h,wikitext2,1024000,5,0,524
43,medium,deepseekv4_attnmhc_2h,wikitext2,1024000,5,1,527
43,medium,deepseekv4_attnmhc_2h,wikitext2,1024000,5,2,473
43,medium,deepseekv4_attnmhc_2h,wikitext2,1024000,5,3,499
43,medium,deepseekv4_attnmhc_2h,wikitext2,1024000,5,4,525
43,medium,deepseekv4_attnmhc_2h,wikitext2,1024000,5,5,534
43,medium,deepseekv4_attnmhc_2h,wikitext2,1024000,5,6,494
43,medium,deepseekv4_attnmhc_2h,wikitext2,1024000,5,7,520
43,medium,deepseekv4_attnmhc_2h,wikitext2,1228800,0,0,348
43,medium,deepseekv4_attnmhc_2h,wikitext2,1228800,0,1,224
43,medium,deepseekv4_attnmhc_2h,wikitext2,1228800,0,2,377
43,medium,deepseekv4_attnmhc_2h,wikitext2,1228800,0,3,944
43,medium,deepseekv4_attnmhc_2h,wikitext2,1228800,0,4,406
43,medium,deepseekv4_attnmhc_2h,wikitext2,1228800,0,5,632
43,medium,deepseekv4_attnmhc_2h,wikitext2,1228800,0,6,262
43,medium,deepseekv4_attnmhc_2h,wikitext2,1228800,0,7,903
43,medium,deepseekv4_attnmhc_2h,wikitext2,1228800,1,0,317
43,medium,deepseekv4_attnmhc_2h,wikitext2,1228800,1,1,394
43,medium,deepseekv4_attnmhc_2h,wikitext2,1228800,1,2,1059
43,medium,deepseekv4_attnmhc_2h,wikitext2,1228800,1,3,594
43,medium,deepseekv4_attnmhc_2h,wikitext2,1228800,1,4,650
43,medium,deepseekv4_attnmhc_2h,wikitext2,1228800,1,5,254
43,medium,deepseekv4_attnmhc_2h,wikitext2,1228800,1,6,461
43,medium,deepseekv4_attnmhc_2h,wikitext2,1228800,1,7,367
43,medium,deepseekv4_attnmhc_2h,wikitext2,1228800,2,0,501
43,medium,deepseekv4_attnmhc_2h,wikitext2,1228800,2,1,529
43,medium,deepseekv4_attnmhc_2h,wikitext2,1228800,2,2,496
43,medium,deepseekv4_attnmhc_2h,wikitext2,1228800,2,3,432
43,medium,deepseekv4_attnmhc_2h,wikitext2,1228800,2,4,490
43,medium,deepseekv4_attnmhc_2h,wikitext2,1228800,2,5,577
43,medium,deepseekv4_attnmhc_2h,wikitext2,1228800,2,6,554
43,medium,deepseekv4_attnmhc_2h,wikitext2,1228800,2,7,517
43,medium,deepseekv4_attnmhc_2h,wikitext2,1228800,3,0,559
43,medium,deepseekv4_attnmhc_2h,wikitext2,1228800,3,1,453
43,medium,deepseekv4_attnmhc_2h,wikitext2,1228800,3,2,560
43,medium,deepseekv4_attnmhc_2h,wikitext2,1228800,3,3,550
43,medium,deepseekv4_attnmhc_2h,wikitext2,1228800,3,4,523
43,medium,deepseekv4_attnmhc_2h,wikitext2,1228800,3,5,473
43,medium,deepseekv4_attnmhc_2h,wikitext2,1228800,3,6,525
43,medium,deepseekv4_attnmhc_2h,wikitext2,1228800,3,7,453
43,medium,deepseekv4_attnmhc_2h,wikitext2,1228800,4,0,501
43,medium,deepseekv4_attnmhc_2h,wikitext2,1228800,4,1,535
43,medium,deepseekv4_attnmhc_2h,wikitext2,1228800,4,2,548
43,medium,deepseekv4_attnmhc_2h,wikitext2,1228800,4,3,515
43,medium,deepseekv4_attnmhc_2h,wikitext2,1228800,4,4,444
43,medium,deepseekv4_attnmhc_2h,wikitext2,1228800,4,5,529
43,medium,deepseekv4_attnmhc_2h,wikitext2,1228800,4,6,524
43,medium,deepseekv4_attnmhc_2h,wikitext2,1228800,4,7,500
43,medium,deepseekv4_attnmhc_2h,wikitext2,1228800,5,0,561
43,medium,deepseekv4_attnmhc_2h,wikitext2,1228800,5,1,492
43,medium,deepseekv4_attnmhc_2h,wikitext2,1228800,5,2,483
43,medium,deepseekv4_attnmhc_2h,wikitext2,1228800,5,3,500
43,medium,deepseekv4_attnmhc_2h,wikitext2,1228800,5,4,527
43,medium,deepseekv4_attnmhc_2h,wikitext2,1228800,5,5,525
43,medium,deepseekv4_attnmhc_2h,wikitext2,1228800,5,6,482
43,medium,deepseekv4_attnmhc_2h,wikitext2,1228800,5,7,526
43,medium,deepseekv4_attnmhc_2h,wikitext2,1433600,0,0,334
43,medium,deepseekv4_attnmhc_2h,wikitext2,1433600,0,1,238
43,medium,deepseekv4_attnmhc_2h,wikitext2,1433600,0,2,364
43,medium,deepseekv4_attnmhc_2h,wikitext2,1433600,0,3,959
43,medium,deepseekv4_attnmhc_2h,wikitext2,1433600,0,4,402
43,medium,deepseekv4_attnmhc_2h,wikitext2,1433600,0,5,654
43,medium,deepseekv4_attnmhc_2h,wikitext2,1433600,0,6,246
43,medium,deepseekv4_attnmhc_2h,wikitext2,1433600,0,7,899
43,medium,deepseekv4_attnmhc_2h,wikitext2,1433600,1,0,306
43,medium,deepseekv4_attnmhc_2h,wikitext2,1433600,1,1,398
43,medium,deepseekv4_attnmhc_2h,wikitext2,1433600,1,2,1073
43,medium,deepseekv4_attnmhc_2h,wikitext2,1433600,1,3,609
43,medium,deepseekv4_attnmhc_2h,wikitext2,1433600,1,4,622
43,medium,deepseekv4_attnmhc_2h,wikitext2,1433600,1,5,248
43,medium,deepseekv4_attnmhc_2h,wikitext2,1433600,1,6,453
43,medium,deepseekv4_attnmhc_2h,wikitext2,1433600,1,7,387
43,medium,deepseekv4_attnmhc_2h,wikitext2,1433600,2,0,587
43,medium,deepseekv4_attnmhc_2h,wikitext2,1433600,2,1,433
43,medium,deepseekv4_attnmhc_2h,wikitext2,1433600,2,2,448
43,medium,deepseekv4_attnmhc_2h,wikitext2,1433600,2,3,523
43,medium,deepseekv4_attnmhc_2h,wikitext2,1433600,2,4,542
43,medium,deepseekv4_attnmhc_2h,wikitext2,1433600,2,5,524
43,medium,deepseekv4_attnmhc_2h,wikitext2,1433600,2,6,486
43,medium,deepseekv4_attnmhc_2h,wikitext2,1433600,2,7,553
43,medium,deepseekv4_attnmhc_2h,wikitext2,1433600,3,0,441
43,medium,deepseekv4_attnmhc_2h,wikitext2,1433600,3,1,450
43,medium,deepseekv4_attnmhc_2h,wikitext2,1433600,3,2,482
43,medium,deepseekv4_attnmhc_2h,wikitext2,1433600,3,3,535
43,medium,deepseekv4_attnmhc_2h,wikitext2,1433600,3,4,516
43,medium,deepseekv4_attnmhc_2h,wikitext2,1433600,3,5,485
43,medium,deepseekv4_attnmhc_2h,wikitext2,1433600,3,6,591
43,medium,deepseekv4_attnmhc_2h,wikitext2,1433600,3,7,596
43,medium,deepseekv4_attnmhc_2h,wikitext2,1433600,4,0,464
43,medium,deepseekv4_attnmhc_2h,wikitext2,1433600,4,1,540
43,medium,deepseekv4_attnmhc_2h,wikitext2,1433600,4,2,525
43,medium,deepseekv4_attnmhc_2h,wikitext2,1433600,4,3,522
43,medium,deepseekv4_attnmhc_2h,wikitext2,1433600,4,4,591
43,medium,deepseekv4_attnmhc_2h,wikitext2,1433600,4,5,507
43,medium,deepseekv4_attnmhc_2h,wikitext2,1433600,4,6,476
43,medium,deepseekv4_attnmhc_2h,wikitext2,1433600,4,7,471
43,medium,deepseekv4_attnmhc_2h,wikitext2,1433600,5,0,509
43,medium,deepseekv4_attnmhc_2h,wikitext2,1433600,5,1,489
43,medium,deepseekv4_attnmhc_2h,wikitext2,1433600,5,2,510
43,medium,deepseekv4_attnmhc_2h,wikitext2,1433600,5,3,582
43,medium,deepseekv4_attnmhc_2h,wikitext2,1433600,5,4,520
43,medium,deepseekv4_attnmhc_2h,wikitext2,1433600,5,5,485
43,medium,deepseekv4_attnmhc_2h,wikitext2,1433600,5,6,512
43,medium,deepseekv4_attnmhc_2h,wikitext2,1433600,5,7,489
43,medium,deepseekv4_attnmhc_2h,wikitext2,1638400,0,0,322
43,medium,deepseekv4_attnmhc_2h,wikitext2,1638400,0,1,226
43,medium,deepseekv4_attnmhc_2h,wikitext2,1638400,0,2,334
43,medium,deepseekv4_attnmhc_2h,wikitext2,1638400,0,3,977
43,medium,deepseekv4_attnmhc_2h,wikitext2,1638400,0,4,389
43,medium,deepseekv4_attnmhc_2h,wikitext2,1638400,0,5,662
43,medium,deepseekv4_attnmhc_2h,wikitext2,1638400,0,6,257
43,medium,deepseekv4_attnmhc_2h,wikitext2,1638400,0,7,929
43,medium,deepseekv4_attnmhc_2h,wikitext2,1638400,1,0,303
43,medium,deepseekv4_attnmhc_2h,wikitext2,1638400,1,1,435
43,medium,deepseekv4_attnmhc_2h,wikitext2,1638400,1,2,1028
43,medium,deepseekv4_attnmhc_2h,wikitext2,1638400,1,3,608
43,medium,deepseekv4_attnmhc_2h,wikitext2,1638400,1,4,620
43,medium,deepseekv4_attnmhc_2h,wikitext2,1638400,1,5,274
43,medium,deepseekv4_attnmhc_2h,wikitext2,1638400,1,6,465
43,medium,deepseekv4_attnmhc_2h,wikitext2,1638400,1,7,363
43,medium,deepseekv4_attnmhc_2h,wikitext2,1638400,2,0,426
43,medium,deepseekv4_attnmhc_2h,wikitext2,1638400,2,1,618
43,medium,deepseekv4_attnmhc_2h,wikitext2,1638400,2,2,514
43,medium,deepseekv4_attnmhc_2h,wikitext2,1638400,2,3,477
43,medium,deepseekv4_attnmhc_2h,wikitext2,1638400,2,4,573
43,medium,deepseekv4_attnmhc_2h,wikitext2,1638400,2,5,439
43,medium,deepseekv4_attnmhc_2h,wikitext2,1638400,2,6,533
43,medium,deepseekv4_attnmhc_2h,wikitext2,1638400,2,7,516
43,medium,deepseekv4_attnmhc_2h,wikitext2,1638400,3,0,496
43,medium,deepseekv4_attnmhc_2h,wikitext2,1638400,3,1,534
43,medium,deepseekv4_attnmhc_2h,wikitext2,1638400,3,2,437
43,medium,deepseekv4_attnmhc_2h,wikitext2,1638400,3,3,490
43,medium,deepseekv4_attnmhc_2h,wikitext2,1638400,3,4,489
43,medium,deepseekv4_attnmhc_2h,wikitext2,1638400,3,5,515
43,medium,deepseekv4_attnmhc_2h,wikitext2,1638400,3,6,575
43,medium,deepseekv4_attnmhc_2h,wikitext2,1638400,3,7,560
43,medium,deepseekv4_attnmhc_2h,wikitext2,1638400,4,0,539
43,medium,deepseekv4_attnmhc_2h,wikitext2,1638400,4,1,515
43,medium,deepseekv4_attnmhc_2h,wikitext2,1638400,4,2,459
43,medium,deepseekv4_attnmhc_2h,wikitext2,1638400,4,3,532
43,medium,deepseekv4_attnmhc_2h,wikitext2,1638400,4,4,496
43,medium,deepseekv4_attnmhc_2h,wikitext2,1638400,4,5,485
43,medium,deepseekv4_attnmhc_2h,wikitext2,1638400,4,6,472
43,medium,deepseekv4_attnmhc_2h,wikitext2,1638400,4,7,598
43,medium,deepseekv4_attnmhc_2h,wikitext2,1638400,5,0,544
43,medium,deepseekv4_attnmhc_2h,wikitext2,1638400,5,1,512
43,medium,deepseekv4_attnmhc_2h,wikitext2,1638400,5,2,549
43,medium,deepseekv4_attnmhc_2h,wikitext2,1638400,5,3,496
43,medium,deepseekv4_attnmhc_2h,wikitext2,1638400,5,4,478
43,medium,deepseekv4_attnmhc_2h,wikitext2,1638400,5,5,522
43,medium,deepseekv4_attnmhc_2h,wikitext2,1638400,5,6,500
43,medium,deepseekv4_attnmhc_2h,wikitext2,1638400,5,7,495
43,medium,deepseekv4_attnmhc_2h,wikitext2,1843200,0,0,333
43,medium,deepseekv4_attnmhc_2h,wikitext2,1843200,0,1,234
43,medium,deepseekv4_attnmhc_2h,wikitext2,1843200,0,2,379
43,medium,deepseekv4_attnmhc_2h,wikitext2,1843200,0,3,957
43,medium,deepseekv4_attnmhc_2h,wikitext2,1843200,0,4,401
43,medium,deepseekv4_attnmhc_2h,wikitext2,1843200,0,5,637
43,medium,deepseekv4_attnmhc_2h,wikitext2,1843200,0,6,279
43,medium,deepseekv4_attnmhc_2h,wikitext2,1843200,0,7,876
43,medium,deepseekv4_attnmhc_2h,wikitext2,1843200,1,0,336
43,medium,deepseekv4_attnmhc_2h,wikitext2,1843200,1,1,394
43,medium,deepseekv4_attnmhc_2h,wikitext2,1843200,1,2,1082
43,medium,deepseekv4_attnmhc_2h,wikitext2,1843200,1,3,589
43,medium,deepseekv4_attnmhc_2h,wikitext2,1843200,1,4,599
43,medium,deepseekv4_attnmhc_2h,wikitext2,1843200,1,5,299
43,medium,deepseekv4_attnmhc_2h,wikitext2,1843200,1,6,417
43,medium,deepseekv4_attnmhc_2h,wikitext2,1843200,1,7,380
43,medium,deepseekv4_attnmhc_2h,wikitext2,1843200,2,0,590
43,medium,deepseekv4_attnmhc_2h,wikitext2,1843200,2,1,421
43,medium,deepseekv4_attnmhc_2h,wikitext2,1843200,2,2,481
43,medium,deepseekv4_attnmhc_2h,wikitext2,1843200,2,3,530
43,medium,deepseekv4_attnmhc_2h,wikitext2,1843200,2,4,493
43,medium,deepseekv4_attnmhc_2h,wikitext2,1843200,2,5,549
43,medium,deepseekv4_attnmhc_2h,wikitext2,1843200,2,6,505
43,medium,deepseekv4_attnmhc_2h,wikitext2,1843200,2,7,527
43,medium,deepseekv4_attnmhc_2h,wikitext2,1843200,3,0,542
43,medium,deepseekv4_attnmhc_2h,wikitext2,1843200,3,1,477
43,medium,deepseekv4_attnmhc_2h,wikitext2,1843200,3,2,457
43,medium,deepseekv4_attnmhc_2h,wikitext2,1843200,3,3,493
43,medium,deepseekv4_attnmhc_2h,wikitext2,1843200,3,4,551
43,medium,deepseekv4_attnmhc_2h,wikitext2,1843200,3,5,504
43,medium,deepseekv4_attnmhc_2h,wikitext2,1843200,3,6,536
43,medium,deepseekv4_attnmhc_2h,wikitext2,1843200,3,7,536
43,medium,deepseekv4_attnmhc_2h,wikitext2,1843200,4,0,517
43,medium,deepseekv4_attnmhc_2h,wikitext2,1843200,4,1,420
43,medium,deepseekv4_attnmhc_2h,wikitext2,1843200,4,2,472
43,medium,deepseekv4_attnmhc_2h,wikitext2,1843200,4,3,562
43,medium,deepseekv4_attnmhc_2h,wikitext2,1843200,4,4,543
43,medium,deepseekv4_attnmhc_2h,wikitext2,1843200,4,5,479
43,medium,deepseekv4_attnmhc_2h,wikitext2,1843200,4,6,483
43,medium,deepseekv4_attnmhc_2h,wikitext2,1843200,4,7,620
43,medium,deepseekv4_attnmhc_2h,wikitext2,1843200,5,0,464
43,medium,deepseekv4_attnmhc_2h,wikitext2,1843200,5,1,533
43,medium,deepseekv4_attnmhc_2h,wikitext2,1843200,5,2,606
43,medium,deepseekv4_attnmhc_2h,wikitext2,1843200,5,3,498
43,medium,deepseekv4_attnmhc_2h,wikitext2,1843200,5,4,519
43,medium,deepseekv4_attnmhc_2h,wikitext2,1843200,5,5,518
43,medium,deepseekv4_attnmhc_2h,wikitext2,1843200,5,6,506
43,medium,deepseekv4_attnmhc_2h,wikitext2,1843200,5,7,452
43,medium,deepseekv4_attnmhc_2h,wikitext2,2048000,0,0,316
43,medium,deepseekv4_attnmhc_2h,wikitext2,2048000,0,1,231
43,medium,deepseekv4_attnmhc_2h,wikitext2,2048000,0,2,366
43,medium,deepseekv4_attnmhc_2h,wikitext2,2048000,0,3,956
43,medium,deepseekv4_attnmhc_2h,wikitext2,2048000,0,4,377
43,medium,deepseekv4_attnmhc_2h,wikitext2,2048000,0,5,695
43,medium,deepseekv4_attnmhc_2h,wikitext2,2048000,0,6,256
43,medium,deepseekv4_attnmhc_2h,wikitext2,2048000,0,7,899
43,medium,deepseekv4_attnmhc_2h,wikitext2,2048000,1,0,302
43,medium,deepseekv4_attnmhc_2h,wikitext2,2048000,1,1,395
43,medium,deepseekv4_attnmhc_2h,wikitext2,2048000,1,2,1046
43,medium,deepseekv4_attnmhc_2h,wikitext2,2048000,1,3,578
43,medium,deepseekv4_attnmhc_2h,wikitext2,2048000,1,4,619
43,medium,deepseekv4_attnmhc_2h,wikitext2,2048000,1,5,245
43,medium,deepseekv4_attnmhc_2h,wikitext2,2048000,1,6,486
43,medium,deepseekv4_attnmhc_2h,wikitext2,2048000,1,7,425
43,medium,deepseekv4_attnmhc_2h,wikitext2,2048000,2,0,509
43,medium,deepseekv4_attnmhc_2h,wikitext2,2048000,2,1,655
43,medium,deepseekv4_attnmhc_2h,wikitext2,2048000,2,2,505
43,medium,deepseekv4_attnmhc_2h,wikitext2,2048000,2,3,486
43,medium,deepseekv4_attnmhc_2h,wikitext2,2048000,2,4,510
43,medium,deepseekv4_attnmhc_2h,wikitext2,2048000,2,5,493
43,medium,deepseekv4_attnmhc_2h,wikitext2,2048000,2,6,471
43,medium,deepseekv4_attnmhc_2h,wikitext2,2048000,2,7,467
43,medium,deepseekv4_attnmhc_2h,wikitext2,2048000,3,0,542
43,medium,deepseekv4_attnmhc_2h,wikitext2,2048000,3,1,521
43,medium,deepseekv4_attnmhc_2h,wikitext2,2048000,3,2,578
43,medium,deepseekv4_attnmhc_2h,wikitext2,2048000,3,3,516
43,medium,deepseekv4_attnmhc_2h,wikitext2,2048000,3,4,485
43,medium,deepseekv4_attnmhc_2h,wikitext2,2048000,3,5,489
43,medium,deepseekv4_attnmhc_2h,wikitext2,2048000,3,6,364
43,medium,deepseekv4_attnmhc_2h,wikitext2,2048000,3,7,601
43,medium,deepseekv4_attnmhc_2h,wikitext2,2048000,4,0,485
43,medium,deepseekv4_attnmhc_2h,wikitext2,2048000,4,1,551
43,medium,deepseekv4_attnmhc_2h,wikitext2,2048000,4,2,539
43,medium,deepseekv4_attnmhc_2h,wikitext2,2048000,4,3,503
43,medium,deepseekv4_attnmhc_2h,wikitext2,2048000,4,4,591
43,medium,deepseekv4_attnmhc_2h,wikitext2,2048000,4,5,453
43,medium,deepseekv4_attnmhc_2h,wikitext2,2048000,4,6,489
43,medium,deepseekv4_attnmhc_2h,wikitext2,2048000,4,7,485
43,medium,deepseekv4_attnmhc_2h,wikitext2,2048000,5,0,531
43,medium,deepseekv4_attnmhc_2h,wikitext2,2048000,5,1,465
43,medium,deepseekv4_attnmhc_2h,wikitext2,2048000,5,2,517
43,medium,deepseekv4_attnmhc_2h,wikitext2,2048000,5,3,510
43,medium,deepseekv4_attnmhc_2h,wikitext2,2048000,5,4,512
43,medium,deepseekv4_attnmhc_2h,wikitext2,2048000,5,5,472
43,medium,deepseekv4_attnmhc_2h,wikitext2,2048000,5,6,537
43,medium,deepseekv4_attnmhc_2h,wikitext2,2048000,5,7,552
43,medium,deepseekv4_attnmhc_dnd,wikitext2,2048,0,0,334
43,medium,deepseekv4_attnmhc_dnd,wikitext2,2048,0,1,265
43,medium,deepseekv4_attnmhc_dnd,wikitext2,2048,0,2,385
43,medium,deepseekv4_attnmhc_dnd,wikitext2,2048,0,3,920
43,medium,deepseekv4_attnmhc_dnd,wikitext2,2048,0,4,418
43,medium,deepseekv4_attnmhc_dnd,wikitext2,2048,0,5,659
43,medium,deepseekv4_attnmhc_dnd,wikitext2,2048,0,6,255
43,medium,deepseekv4_attnmhc_dnd,wikitext2,2048,0,7,860
43,medium,deepseekv4_attnmhc_dnd,wikitext2,2048,1,0,326
43,medium,deepseekv4_attnmhc_dnd,wikitext2,2048,1,1,398
43,medium,deepseekv4_attnmhc_dnd,wikitext2,2048,1,2,1083
43,medium,deepseekv4_attnmhc_dnd,wikitext2,2048,1,3,623
43,medium,deepseekv4_attnmhc_dnd,wikitext2,2048,1,4,624
43,medium,deepseekv4_attnmhc_dnd,wikitext2,2048,1,5,251
43,medium,deepseekv4_attnmhc_dnd,wikitext2,2048,1,6,427
43,medium,deepseekv4_attnmhc_dnd,wikitext2,2048,1,7,364
43,medium,deepseekv4_attnmhc_dnd,wikitext2,2048,2,0,267
43,medium,deepseekv4_attnmhc_dnd,wikitext2,2048,2,1,844
43,medium,deepseekv4_attnmhc_dnd,wikitext2,2048,2,2,317
43,medium,deepseekv4_attnmhc_dnd,wikitext2,2048,2,3,600
43,medium,deepseekv4_attnmhc_dnd,wikitext2,2048,2,4,222
43,medium,deepseekv4_attnmhc_dnd,wikitext2,2048,2,5,938
43,medium,deepseekv4_attnmhc_dnd,wikitext2,2048,2,6,320
43,medium,deepseekv4_attnmhc_dnd,wikitext2,2048,2,7,588
43,medium,deepseekv4_attnmhc_dnd,wikitext2,2048,3,0,652
43,medium,deepseekv4_attnmhc_dnd,wikitext2,2048,3,1,426
43,medium,deepseekv4_attnmhc_dnd,wikitext2,2048,3,2,230
43,medium,deepseekv4_attnmhc_dnd,wikitext2,2048,3,3,165
43,medium,deepseekv4_attnmhc_dnd,wikitext2,2048,3,4,391
43,medium,deepseekv4_attnmhc_dnd,wikitext2,2048,3,5,805
43,medium,deepseekv4_attnmhc_dnd,wikitext2,2048,3,6,697
43,medium,deepseekv4_attnmhc_dnd,wikitext2,2048,3,7,730
43,medium,deepseekv4_attnmhc_dnd,wikitext2,2048,4,0,277
43,medium,deepseekv4_attnmhc_dnd,wikitext2,2048,4,1,479
43,medium,deepseekv4_attnmhc_dnd,wikitext2,2048,4,2,374
43,medium,deepseekv4_attnmhc_dnd,wikitext2,2048,4,3,382
43,medium,deepseekv4_attnmhc_dnd,wikitext2,2048,4,4,946
43,medium,deepseekv4_attnmhc_dnd,wikitext2,2048,4,5,278
43,medium,deepseekv4_attnmhc_dnd,wikitext2,2048,4,6,540
43,medium,deepseekv4_attnmhc_dnd,wikitext2,2048,4,7,820
43,medium,deepseekv4_attnmhc_dnd,wikitext2,2048,5,0,674
43,medium,deepseekv4_attnmhc_dnd,wikitext2,2048,5,1,608
43,medium,deepseekv4_attnmhc_dnd,wikitext2,2048,5,2,344
43,medium,deepseekv4_attnmhc_dnd,wikitext2,2048,5,3,375
43,medium,deepseekv4_attnmhc_dnd,wikitext2,2048,5,4,398
43,medium,deepseekv4_attnmhc_dnd,wikitext2,2048,5,5,727
43,medium,deepseekv4_attnmhc_dnd,wikitext2,2048,5,6,496
43,medium,deepseekv4_attnmhc_dnd,wikitext2,2048,5,7,474
43,medium,deepseekv4_attnmhc_dnd,wikitext2,204800,0,0,322
43,medium,deepseekv4_attnmhc_dnd,wikitext2,204800,0,1,248
43,medium,deepseekv4_attnmhc_dnd,wikitext2,204800,0,2,394
43,medium,deepseekv4_attnmhc_dnd,wikitext2,204800,0,3,942
43,medium,deepseekv4_attnmhc_dnd,wikitext2,204800,0,4,406
43,medium,deepseekv4_attnmhc_dnd,wikitext2,204800,0,5,657
43,medium,deepseekv4_attnmhc_dnd,wikitext2,204800,0,6,254
43,medium,deepseekv4_attnmhc_dnd,wikitext2,204800,0,7,873
43,medium,deepseekv4_attnmhc_dnd,wikitext2,204800,1,0,362
43,medium,deepseekv4_attnmhc_dnd,wikitext2,204800,1,1,374
43,medium,deepseekv4_attnmhc_dnd,wikitext2,204800,1,2,1048
43,medium,deepseekv4_attnmhc_dnd,wikitext2,204800,1,3,585
43,medium,deepseekv4_attnmhc_dnd,wikitext2,204800,1,4,635
43,medium,deepseekv4_attnmhc_dnd,wikitext2,204800,1,5,274
43,medium,deepseekv4_attnmhc_dnd,wikitext2,204800,1,6,429
43,medium,deepseekv4_attnmhc_dnd,wikitext2,204800,1,7,389
43,medium,deepseekv4_attnmhc_dnd,wikitext2,204800,2,0,564
43,medium,deepseekv4_attnmhc_dnd,wikitext2,204800,2,1,513
43,medium,deepseekv4_attnmhc_dnd,wikitext2,204800,2,2,652
43,medium,deepseekv4_attnmhc_dnd,wikitext2,204800,2,3,451
43,medium,deepseekv4_attnmhc_dnd,wikitext2,204800,2,4,550
43,medium,deepseekv4_attnmhc_dnd,wikitext2,204800,2,5,447
43,medium,deepseekv4_attnmhc_dnd,wikitext2,204800,2,6,419
43,medium,deepseekv4_attnmhc_dnd,wikitext2,204800,2,7,500
43,medium,deepseekv4_attnmhc_dnd,wikitext2,204800,3,0,536
43,medium,deepseekv4_attnmhc_dnd,wikitext2,204800,3,1,499
43,medium,deepseekv4_attnmhc_dnd,wikitext2,204800,3,2,521
43,medium,deepseekv4_attnmhc_dnd,wikitext2,204800,3,3,569
43,medium,deepseekv4_attnmhc_dnd,wikitext2,204800,3,4,511
43,medium,deepseekv4_attnmhc_dnd,wikitext2,204800,3,5,305
43,medium,deepseekv4_attnmhc_dnd,wikitext2,204800,3,6,500
43,medium,deepseekv4_attnmhc_dnd,wikitext2,204800,3,7,655
43,medium,deepseekv4_attnmhc_dnd,wikitext2,204800,4,0,627
43,medium,deepseekv4_attnmhc_dnd,wikitext2,204800,4,1,553
43,medium,deepseekv4_attnmhc_dnd,wikitext2,204800,4,2,610
43,medium,deepseekv4_attnmhc_dnd,wikitext2,204800,4,3,334
43,medium,deepseekv4_attnmhc_dnd,wikitext2,204800,4,4,574
43,medium,deepseekv4_attnmhc_dnd,wikitext2,204800,4,5,535
43,medium,deepseekv4_attnmhc_dnd,wikitext2,204800,4,6,438
43,medium,deepseekv4_attnmhc_dnd,wikitext2,204800,4,7,425
43,medium,deepseekv4_attnmhc_dnd,wikitext2,204800,5,0,155
43,medium,deepseekv4_attnmhc_dnd,wikitext2,204800,5,1,491
43,medium,deepseekv4_attnmhc_dnd,wikitext2,204800,5,2,499
43,medium,deepseekv4_attnmhc_dnd,wikitext2,204800,5,3,791
43,medium,deepseekv4_attnmhc_dnd,wikitext2,204800,5,4,316
43,medium,deepseekv4_attnmhc_dnd,wikitext2,204800,5,5,548
43,medium,deepseekv4_attnmhc_dnd,wikitext2,204800,5,6,799
43,medium,deepseekv4_attnmhc_dnd,wikitext2,204800,5,7,497
43,medium,deepseekv4_attnmhc_dnd,wikitext2,409600,0,0,318
43,medium,deepseekv4_attnmhc_dnd,wikitext2,409600,0,1,246
43,medium,deepseekv4_attnmhc_dnd,wikitext2,409600,0,2,396
43,medium,deepseekv4_attnmhc_dnd,wikitext2,409600,0,3,957
43,medium,deepseekv4_attnmhc_dnd,wikitext2,409600,0,4,412
43,medium,deepseekv4_attnmhc_dnd,wikitext2,409600,0,5,627
43,medium,deepseekv4_attnmhc_dnd,wikitext2,409600,0,6,248
43,medium,deepseekv4_attnmhc_dnd,wikitext2,409600,0,7,892
43,medium,deepseekv4_attnmhc_dnd,wikitext2,409600,1,0,341
43,medium,deepseekv4_attnmhc_dnd,wikitext2,409600,1,1,408
43,medium,deepseekv4_attnmhc_dnd,wikitext2,409600,1,2,1101
43,medium,deepseekv4_attnmhc_dnd,wikitext2,409600,1,3,612
43,medium,deepseekv4_attnmhc_dnd,wikitext2,409600,1,4,610
43,medium,deepseekv4_attnmhc_dnd,wikitext2,409600,1,5,241
43,medium,deepseekv4_attnmhc_dnd,wikitext2,409600,1,6,424
43,medium,deepseekv4_attnmhc_dnd,wikitext2,409600,1,7,359
43,medium,deepseekv4_attnmhc_dnd,wikitext2,409600,2,0,574
43,medium,deepseekv4_attnmhc_dnd,wikitext2,409600,2,1,512
43,medium,deepseekv4_attnmhc_dnd,wikitext2,409600,2,2,533
43,medium,deepseekv4_attnmhc_dnd,wikitext2,409600,2,3,452
43,medium,deepseekv4_attnmhc_dnd,wikitext2,409600,2,4,496
43,medium,deepseekv4_attnmhc_dnd,wikitext2,409600,2,5,544
43,medium,deepseekv4_attnmhc_dnd,wikitext2,409600,2,6,484
43,medium,deepseekv4_attnmhc_dnd,wikitext2,409600,2,7,501
43,medium,deepseekv4_attnmhc_dnd,wikitext2,409600,3,0,567
43,medium,deepseekv4_attnmhc_dnd,wikitext2,409600,3,1,507
43,medium,deepseekv4_attnmhc_dnd,wikitext2,409600,3,2,451
43,medium,deepseekv4_attnmhc_dnd,wikitext2,409600,3,3,495
43,medium,deepseekv4_attnmhc_dnd,wikitext2,409600,3,4,511
43,medium,deepseekv4_attnmhc_dnd,wikitext2,409600,3,5,477
43,medium,deepseekv4_attnmhc_dnd,wikitext2,409600,3,6,554
43,medium,deepseekv4_attnmhc_dnd,wikitext2,409600,3,7,534
43,medium,deepseekv4_attnmhc_dnd,wikitext2,409600,4,0,500
43,medium,deepseekv4_attnmhc_dnd,wikitext2,409600,4,1,565
43,medium,deepseekv4_attnmhc_dnd,wikitext2,409600,4,2,599
43,medium,deepseekv4_attnmhc_dnd,wikitext2,409600,4,3,461
43,medium,deepseekv4_attnmhc_dnd,wikitext2,409600,4,4,472
43,medium,deepseekv4_attnmhc_dnd,wikitext2,409600,4,5,546
43,medium,deepseekv4_attnmhc_dnd,wikitext2,409600,4,6,421
43,medium,deepseekv4_attnmhc_dnd,wikitext2,409600,4,7,532
43,medium,deepseekv4_attnmhc_dnd,wikitext2,409600,5,0,445
43,medium,deepseekv4_attnmhc_dnd,wikitext2,409600,5,1,474
43,medium,deepseekv4_attnmhc_dnd,wikitext2,409600,5,2,633
43,medium,deepseekv4_attnmhc_dnd,wikitext2,409600,5,3,583
43,medium,deepseekv4_attnmhc_dnd,wikitext2,409600,5,4,370
43,medium,deepseekv4_attnmhc_dnd,wikitext2,409600,5,5,456
43,medium,deepseekv4_attnmhc_dnd,wikitext2,409600,5,6,614
43,medium,deepseekv4_attnmhc_dnd,wikitext2,409600,5,7,521
43,medium,deepseekv4_attnmhc_dnd,wikitext2,614400,0,0,336
43,medium,deepseekv4_attnmhc_dnd,wikitext2,614400,0,1,259
43,medium,deepseekv4_attnmhc_dnd,wikitext2,614400,0,2,377
43,medium,deepseekv4_attnmhc_dnd,wikitext2,614400,0,3,959
43,medium,deepseekv4_attnmhc_dnd,wikitext2,614400,0,4,409
43,medium,deepseekv4_attnmhc_dnd,wikitext2,614400,0,5,627
43,medium,deepseekv4_attnmhc_dnd,wikitext2,614400,0,6,242
43,medium,deepseekv4_attnmhc_dnd,wikitext2,614400,0,7,887
43,medium,deepseekv4_attnmhc_dnd,wikitext2,614400,1,0,348
43,medium,deepseekv4_attnmhc_dnd,wikitext2,614400,1,1,437
43,medium,deepseekv4_attnmhc_dnd,wikitext2,614400,1,2,1043
43,medium,deepseekv4_attnmhc_dnd,wikitext2,614400,1,3,599
43,medium,deepseekv4_attnmhc_dnd,wikitext2,614400,1,4,616
43,medium,deepseekv4_attnmhc_dnd,wikitext2,614400,1,5,249
43,medium,deepseekv4_attnmhc_dnd,wikitext2,614400,1,6,421
43,medium,deepseekv4_attnmhc_dnd,wikitext2,614400,1,7,383
43,medium,deepseekv4_attnmhc_dnd,wikitext2,614400,2,0,539
43,medium,deepseekv4_attnmhc_dnd,wikitext2,614400,2,1,448
43,medium,deepseekv4_attnmhc_dnd,wikitext2,614400,2,2,488
43,medium,deepseekv4_attnmhc_dnd,wikitext2,614400,2,3,522
43,medium,deepseekv4_attnmhc_dnd,wikitext2,614400,2,4,519
43,medium,deepseekv4_attnmhc_dnd,wikitext2,614400,2,5,527
43,medium,deepseekv4_attnmhc_dnd,wikitext2,614400,2,6,520
43,medium,deepseekv4_attnmhc_dnd,wikitext2,614400,2,7,533
43,medium,deepseekv4_attnmhc_dnd,wikitext2,614400,3,0,456
43,medium,deepseekv4_attnmhc_dnd,wikitext2,614400,3,1,629
43,medium,deepseekv4_attnmhc_dnd,wikitext2,614400,3,2,544
43,medium,deepseekv4_attnmhc_dnd,wikitext2,614400,3,3,526
43,medium,deepseekv4_attnmhc_dnd,wikitext2,614400,3,4,484
43,medium,deepseekv4_attnmhc_dnd,wikitext2,614400,3,5,497
43,medium,deepseekv4_attnmhc_dnd,wikitext2,614400,3,6,469
43,medium,deepseekv4_attnmhc_dnd,wikitext2,614400,3,7,491
43,medium,deepseekv4_attnmhc_dnd,wikitext2,614400,4,0,481
43,medium,deepseekv4_attnmhc_dnd,wikitext2,614400,4,1,517
43,medium,deepseekv4_attnmhc_dnd,wikitext2,614400,4,2,545
43,medium,deepseekv4_attnmhc_dnd,wikitext2,614400,4,3,517
43,medium,deepseekv4_attnmhc_dnd,wikitext2,614400,4,4,482
43,medium,deepseekv4_attnmhc_dnd,wikitext2,614400,4,5,450
43,medium,deepseekv4_attnmhc_dnd,wikitext2,614400,4,6,580
43,medium,deepseekv4_attnmhc_dnd,wikitext2,614400,4,7,524
43,medium,deepseekv4_attnmhc_dnd,wikitext2,614400,5,0,567
43,medium,deepseekv4_attnmhc_dnd,wikitext2,614400,5,1,505
43,medium,deepseekv4_attnmhc_dnd,wikitext2,614400,5,2,548
43,medium,deepseekv4_attnmhc_dnd,wikitext2,614400,5,3,502
43,medium,deepseekv4_attnmhc_dnd,wikitext2,614400,5,4,509
43,medium,deepseekv4_attnmhc_dnd,wikitext2,614400,5,5,472
43,medium,deepseekv4_attnmhc_dnd,wikitext2,614400,5,6,547
43,medium,deepseekv4_attnmhc_dnd,wikitext2,614400,5,7,446
43,medium,deepseekv4_attnmhc_dnd,wikitext2,819200,0,0,325
43,medium,deepseekv4_attnmhc_dnd,wikitext2,819200,0,1,255
43,medium,deepseekv4_attnmhc_dnd,wikitext2,819200,0,2,352
43,medium,deepseekv4_attnmhc_dnd,wikitext2,819200,0,3,979
43,medium,deepseekv4_attnmhc_dnd,wikitext2,819200,0,4,398
43,medium,deepseekv4_attnmhc_dnd,wikitext2,819200,0,5,657
43,medium,deepseekv4_attnmhc_dnd,wikitext2,819200,0,6,234
43,medium,deepseekv4_attnmhc_dnd,wikitext2,819200,0,7,896
43,medium,deepseekv4_attnmhc_dnd,wikitext2,819200,1,0,305
43,medium,deepseekv4_attnmhc_dnd,wikitext2,819200,1,1,407
43,medium,deepseekv4_attnmhc_dnd,wikitext2,819200,1,2,1056
43,medium,deepseekv4_attnmhc_dnd,wikitext2,819200,1,3,603
43,medium,deepseekv4_attnmhc_dnd,wikitext2,819200,1,4,632
43,medium,deepseekv4_attnmhc_dnd,wikitext2,819200,1,5,253
43,medium,deepseekv4_attnmhc_dnd,wikitext2,819200,1,6,460
43,medium,deepseekv4_attnmhc_dnd,wikitext2,819200,1,7,380
43,medium,deepseekv4_attnmhc_dnd,wikitext2,819200,2,0,540
43,medium,deepseekv4_attnmhc_dnd,wikitext2,819200,2,1,541
43,medium,deepseekv4_attnmhc_dnd,wikitext2,819200,2,2,522
43,medium,deepseekv4_attnmhc_dnd,wikitext2,819200,2,3,465
43,medium,deepseekv4_attnmhc_dnd,wikitext2,819200,2,4,479
43,medium,deepseekv4_attnmhc_dnd,wikitext2,819200,2,5,514
43,medium,deepseekv4_attnmhc_dnd,wikitext2,819200,2,6,499
43,medium,deepseekv4_attnmhc_dnd,wikitext2,819200,2,7,536
43,medium,deepseekv4_attnmhc_dnd,wikitext2,819200,3,0,502
43,medium,deepseekv4_attnmhc_dnd,wikitext2,819200,3,1,470
43,medium,deepseekv4_attnmhc_dnd,wikitext2,819200,3,2,529
43,medium,deepseekv4_attnmhc_dnd,wikitext2,819200,3,3,483
43,medium,deepseekv4_attnmhc_dnd,wikitext2,819200,3,4,514
43,medium,deepseekv4_attnmhc_dnd,wikitext2,819200,3,5,560
43,medium,deepseekv4_attnmhc_dnd,wikitext2,819200,3,6,542
43,medium,deepseekv4_attnmhc_dnd,wikitext2,819200,3,7,496
43,medium,deepseekv4_attnmhc_dnd,wikitext2,819200,4,0,523
43,medium,deepseekv4_attnmhc_dnd,wikitext2,819200,4,1,490
43,medium,deepseekv4_attnmhc_dnd,wikitext2,819200,4,2,463
43,medium,deepseekv4_attnmhc_dnd,wikitext2,819200,4,3,607
43,medium,deepseekv4_attnmhc_dnd,wikitext2,819200,4,4,452
43,medium,deepseekv4_attnmhc_dnd,wikitext2,819200,4,5,531
43,medium,deepseekv4_attnmhc_dnd,wikitext2,819200,4,6,492
43,medium,deepseekv4_attnmhc_dnd,wikitext2,819200,4,7,538
43,medium,deepseekv4_attnmhc_dnd,wikitext2,819200,5,0,583
43,medium,deepseekv4_attnmhc_dnd,wikitext2,819200,5,1,565
43,medium,deepseekv4_attnmhc_dnd,wikitext2,819200,5,2,461
43,medium,deepseekv4_attnmhc_dnd,wikitext2,819200,5,3,542
43,medium,deepseekv4_attnmhc_dnd,wikitext2,819200,5,4,474
43,medium,deepseekv4_attnmhc_dnd,wikitext2,819200,5,5,477
43,medium,deepseekv4_attnmhc_dnd,wikitext2,819200,5,6,479
43,medium,deepseekv4_attnmhc_dnd,wikitext2,819200,5,7,515
43,medium,deepseekv4_attnmhc_dnd,wikitext2,1024000,0,0,319
43,medium,deepseekv4_attnmhc_dnd,wikitext2,1024000,0,1,247
43,medium,deepseekv4_attnmhc_dnd,wikitext2,1024000,0,2,376
43,medium,deepseekv4_attnmhc_dnd,wikitext2,1024000,0,3,951
43,medium,deepseekv4_attnmhc_dnd,wikitext2,1024000,0,4,387
43,medium,deepseekv4_attnmhc_dnd,wikitext2,1024000,0,5,665
43,medium,deepseekv4_attnmhc_dnd,wikitext2,1024000,0,6,237
43,medium,deepseekv4_attnmhc_dnd,wikitext2,1024000,0,7,914
43,medium,deepseekv4_attnmhc_dnd,wikitext2,1024000,1,0,306
43,medium,deepseekv4_attnmhc_dnd,wikitext2,1024000,1,1,383
43,medium,deepseekv4_attnmhc_dnd,wikitext2,1024000,1,2,1042
43,medium,deepseekv4_attnmhc_dnd,wikitext2,1024000,1,3,625
43,medium,deepseekv4_attnmhc_dnd,wikitext2,1024000,1,4,657
43,medium,deepseekv4_attnmhc_dnd,wikitext2,1024000,1,5,238
43,medium,deepseekv4_attnmhc_dnd,wikitext2,1024000,1,6,469
43,medium,deepseekv4_attnmhc_dnd,wikitext2,1024000,1,7,376
43,medium,deepseekv4_attnmhc_dnd,wikitext2,1024000,2,0,474
43,medium,deepseekv4_attnmhc_dnd,wikitext2,1024000,2,1,516
43,medium,deepseekv4_attnmhc_dnd,wikitext2,1024000,2,2,517
43,medium,deepseekv4_attnmhc_dnd,wikitext2,1024000,2,3,537
43,medium,deepseekv4_attnmhc_dnd,wikitext2,1024000,2,4,519
43,medium,deepseekv4_attnmhc_dnd,wikitext2,1024000,2,5,574
43,medium,deepseekv4_attnmhc_dnd,wikitext2,1024000,2,6,516
43,medium,deepseekv4_attnmhc_dnd,wikitext2,1024000,2,7,443
43,medium,deepseekv4_attnmhc_dnd,wikitext2,1024000,3,0,499
43,medium,deepseekv4_attnmhc_dnd,wikitext2,1024000,3,1,532
43,medium,deepseekv4_attnmhc_dnd,wikitext2,1024000,3,2,521
43,medium,deepseekv4_attnmhc_dnd,wikitext2,1024000,3,3,481
43,medium,deepseekv4_attnmhc_dnd,wikitext2,1024000,3,4,560
43,medium,deepseekv4_attnmhc_dnd,wikitext2,1024000,3,5,500
43,medium,deepseekv4_attnmhc_dnd,wikitext2,1024000,3,6,524
43,medium,deepseekv4_attnmhc_dnd,wikitext2,1024000,3,7,479
43,medium,deepseekv4_attnmhc_dnd,wikitext2,1024000,4,0,498
43,medium,deepseekv4_attnmhc_dnd,wikitext2,1024000,4,1,530
43,medium,deepseekv4_attnmhc_dnd,wikitext2,1024000,4,2,522
43,medium,deepseekv4_attnmhc_dnd,wikitext2,1024000,4,3,499
43,medium,deepseekv4_attnmhc_dnd,wikitext2,1024000,4,4,493
43,medium,deepseekv4_attnmhc_dnd,wikitext2,1024000,4,5,494
43,medium,deepseekv4_attnmhc_dnd,wikitext2,1024000,4,6,528
43,medium,deepseekv4_attnmhc_dnd,wikitext2,1024000,4,7,532
43,medium,deepseekv4_attnmhc_dnd,wikitext2,1024000,5,0,540
43,medium,deepseekv4_attnmhc_dnd,wikitext2,1024000,5,1,505
43,medium,deepseekv4_attnmhc_dnd,wikitext2,1024000,5,2,501
43,medium,deepseekv4_attnmhc_dnd,wikitext2,1024000,5,3,603
43,medium,deepseekv4_attnmhc_dnd,wikitext2,1024000,5,4,470
43,medium,deepseekv4_attnmhc_dnd,wikitext2,1024000,5,5,487
43,medium,deepseekv4_attnmhc_dnd,wikitext2,1024000,5,6,508
43,medium,deepseekv4_attnmhc_dnd,wikitext2,1024000,5,7,482
43,medium,deepseekv4_attnmhc_dnd,wikitext2,1228800,0,0,348
43,medium,deepseekv4_attnmhc_dnd,wikitext2,1228800,0,1,224
43,medium,deepseekv4_attnmhc_dnd,wikitext2,1228800,0,2,377
43,medium,deepseekv4_attnmhc_dnd,wikitext2,1228800,0,3,944
43,medium,deepseekv4_attnmhc_dnd,wikitext2,1228800,0,4,406
43,medium,deepseekv4_attnmhc_dnd,wikitext2,1228800,0,5,632
43,medium,deepseekv4_attnmhc_dnd,wikitext2,1228800,0,6,262
43,medium,deepseekv4_attnmhc_dnd,wikitext2,1228800,0,7,903
43,medium,deepseekv4_attnmhc_dnd,wikitext2,1228800,1,0,317
43,medium,deepseekv4_attnmhc_dnd,wikitext2,1228800,1,1,394
43,medium,deepseekv4_attnmhc_dnd,wikitext2,1228800,1,2,1059
43,medium,deepseekv4_attnmhc_dnd,wikitext2,1228800,1,3,594
43,medium,deepseekv4_attnmhc_dnd,wikitext2,1228800,1,4,650
43,medium,deepseekv4_attnmhc_dnd,wikitext2,1228800,1,5,254
43,medium,deepseekv4_attnmhc_dnd,wikitext2,1228800,1,6,461
43,medium,deepseekv4_attnmhc_dnd,wikitext2,1228800,1,7,367
43,medium,deepseekv4_attnmhc_dnd,wikitext2,1228800,2,0,489
43,medium,deepseekv4_attnmhc_dnd,wikitext2,1228800,2,1,483
43,medium,deepseekv4_attnmhc_dnd,wikitext2,1228800,2,2,539
43,medium,deepseekv4_attnmhc_dnd,wikitext2,1228800,2,3,503
43,medium,deepseekv4_attnmhc_dnd,wikitext2,1228800,2,4,530
43,medium,deepseekv4_attnmhc_dnd,wikitext2,1228800,2,5,484
43,medium,deepseekv4_attnmhc_dnd,wikitext2,1228800,2,6,535
43,medium,deepseekv4_attnmhc_dnd,wikitext2,1228800,2,7,533
43,medium,deepseekv4_attnmhc_dnd,wikitext2,1228800,3,0,503
43,medium,deepseekv4_attnmhc_dnd,wikitext2,1228800,3,1,553
43,medium,deepseekv4_attnmhc_dnd,wikitext2,1228800,3,2,496
43,medium,deepseekv4_attnmhc_dnd,wikitext2,1228800,3,3,496
43,medium,deepseekv4_attnmhc_dnd,wikitext2,1228800,3,4,496
43,medium,deepseekv4_attnmhc_dnd,wikitext2,1228800,3,5,526
43,medium,deepseekv4_attnmhc_dnd,wikitext2,1228800,3,6,477
43,medium,deepseekv4_attnmhc_dnd,wikitext2,1228800,3,7,549
43,medium,deepseekv4_attnmhc_dnd,wikitext2,1228800,4,0,498
43,medium,deepseekv4_attnmhc_dnd,wikitext2,1228800,4,1,529
43,medium,deepseekv4_attnmhc_dnd,wikitext2,1228800,4,2,580
43,medium,deepseekv4_attnmhc_dnd,wikitext2,1228800,4,3,533
43,medium,deepseekv4_attnmhc_dnd,wikitext2,1228800,4,4,515
43,medium,deepseekv4_attnmhc_dnd,wikitext2,1228800,4,5,482
43,medium,deepseekv4_attnmhc_dnd,wikitext2,1228800,4,6,451
43,medium,deepseekv4_attnmhc_dnd,wikitext2,1228800,4,7,508
43,medium,deepseekv4_attnmhc_dnd,wikitext2,1228800,5,0,546
43,medium,deepseekv4_attnmhc_dnd,wikitext2,1228800,5,1,488
43,medium,deepseekv4_attnmhc_dnd,wikitext2,1228800,5,2,597
43,medium,deepseekv4_attnmhc_dnd,wikitext2,1228800,5,3,569
43,medium,deepseekv4_attnmhc_dnd,wikitext2,1228800,5,4,467
43,medium,deepseekv4_attnmhc_dnd,wikitext2,1228800,5,5,481
43,medium,deepseekv4_attnmhc_dnd,wikitext2,1228800,5,6,470
43,medium,deepseekv4_attnmhc_dnd,wikitext2,1228800,5,7,478
43,medium,deepseekv4_attnmhc_dnd,wikitext2,1433600,0,0,334
43,medium,deepseekv4_attnmhc_dnd,wikitext2,1433600,0,1,238
43,medium,deepseekv4_attnmhc_dnd,wikitext2,1433600,0,2,364
43,medium,deepseekv4_attnmhc_dnd,wikitext2,1433600,0,3,959
43,medium,deepseekv4_attnmhc_dnd,wikitext2,1433600,0,4,402
43,medium,deepseekv4_attnmhc_dnd,wikitext2,1433600,0,5,654
43,medium,deepseekv4_attnmhc_dnd,wikitext2,1433600,0,6,246
43,medium,deepseekv4_attnmhc_dnd,wikitext2,1433600,0,7,899
43,medium,deepseekv4_attnmhc_dnd,wikitext2,1433600,1,0,306
43,medium,deepseekv4_attnmhc_dnd,wikitext2,1433600,1,1,398
43,medium,deepseekv4_attnmhc_dnd,wikitext2,1433600,1,2,1073
43,medium,deepseekv4_attnmhc_dnd,wikitext2,1433600,1,3,609
43,medium,deepseekv4_attnmhc_dnd,wikitext2,1433600,1,4,622
43,medium,deepseekv4_attnmhc_dnd,wikitext2,1433600,1,5,248
43,medium,deepseekv4_attnmhc_dnd,wikitext2,1433600,1,6,453
43,medium,deepseekv4_attnmhc_dnd,wikitext2,1433600,1,7,387
43,medium,deepseekv4_attnmhc_dnd,wikitext2,1433600,2,0,467
43,medium,deepseekv4_attnmhc_dnd,wikitext2,1433600,2,1,502
43,medium,deepseekv4_attnmhc_dnd,wikitext2,1433600,2,2,504
43,medium,deepseekv4_attnmhc_dnd,wikitext2,1433600,2,3,518
43,medium,deepseekv4_attnmhc_dnd,wikitext2,1433600,2,4,548
43,medium,deepseekv4_attnmhc_dnd,wikitext2,1433600,2,5,561
43,medium,deepseekv4_attnmhc_dnd,wikitext2,1433600,2,6,509
43,medium,deepseekv4_attnmhc_dnd,wikitext2,1433600,2,7,487
43,medium,deepseekv4_attnmhc_dnd,wikitext2,1433600,3,0,463
43,medium,deepseekv4_attnmhc_dnd,wikitext2,1433600,3,1,524
43,medium,deepseekv4_attnmhc_dnd,wikitext2,1433600,3,2,545
43,medium,deepseekv4_attnmhc_dnd,wikitext2,1433600,3,3,516
43,medium,deepseekv4_attnmhc_dnd,wikitext2,1433600,3,4,522
43,medium,deepseekv4_attnmhc_dnd,wikitext2,1433600,3,5,526
43,medium,deepseekv4_attnmhc_dnd,wikitext2,1433600,3,6,505
43,medium,deepseekv4_attnmhc_dnd,wikitext2,1433600,3,7,495
43,medium,deepseekv4_attnmhc_dnd,wikitext2,1433600,4,0,478
43,medium,deepseekv4_attnmhc_dnd,wikitext2,1433600,4,1,527
43,medium,deepseekv4_attnmhc_dnd,wikitext2,1433600,4,2,500
43,medium,deepseekv4_attnmhc_dnd,wikitext2,1433600,4,3,605
43,medium,deepseekv4_attnmhc_dnd,wikitext2,1433600,4,4,496
43,medium,deepseekv4_attnmhc_dnd,wikitext2,1433600,4,5,540
43,medium,deepseekv4_attnmhc_dnd,wikitext2,1433600,4,6,456
43,medium,deepseekv4_attnmhc_dnd,wikitext2,1433600,4,7,494
43,medium,deepseekv4_attnmhc_dnd,wikitext2,1433600,5,0,506
43,medium,deepseekv4_attnmhc_dnd,wikitext2,1433600,5,1,504
43,medium,deepseekv4_attnmhc_dnd,wikitext2,1433600,5,2,435
43,medium,deepseekv4_attnmhc_dnd,wikitext2,1433600,5,3,595
43,medium,deepseekv4_attnmhc_dnd,wikitext2,1433600,5,4,505
43,medium,deepseekv4_attnmhc_dnd,wikitext2,1433600,5,5,480
43,medium,deepseekv4_attnmhc_dnd,wikitext2,1433600,5,6,530
43,medium,deepseekv4_attnmhc_dnd,wikitext2,1433600,5,7,541
43,medium,deepseekv4_attnmhc_dnd,wikitext2,1638400,0,0,322
43,medium,deepseekv4_attnmhc_dnd,wikitext2,1638400,0,1,226
43,medium,deepseekv4_attnmhc_dnd,wikitext2,1638400,0,2,334
43,medium,deepseekv4_attnmhc_dnd,wikitext2,1638400,0,3,977
43,medium,deepseekv4_attnmhc_dnd,wikitext2,1638400,0,4,389
43,medium,deepseekv4_attnmhc_dnd,wikitext2,1638400,0,5,662
43,medium,deepseekv4_attnmhc_dnd,wikitext2,1638400,0,6,257
43,medium,deepseekv4_attnmhc_dnd,wikitext2,1638400,0,7,929
43,medium,deepseekv4_attnmhc_dnd,wikitext2,1638400,1,0,303
43,medium,deepseekv4_attnmhc_dnd,wikitext2,1638400,1,1,435
43,medium,deepseekv4_attnmhc_dnd,wikitext2,1638400,1,2,1028
43,medium,deepseekv4_attnmhc_dnd,wikitext2,1638400,1,3,608
43,medium,deepseekv4_attnmhc_dnd,wikitext2,1638400,1,4,620
43,medium,deepseekv4_attnmhc_dnd,wikitext2,1638400,1,5,274
43,medium,deepseekv4_attnmhc_dnd,wikitext2,1638400,1,6,465
43,medium,deepseekv4_attnmhc_dnd,wikitext2,1638400,1,7,363
43,medium,deepseekv4_attnmhc_dnd,wikitext2,1638400,2,0,534
43,medium,deepseekv4_attnmhc_dnd,wikitext2,1638400,2,1,535
43,medium,deepseekv4_attnmhc_dnd,wikitext2,1638400,2,2,486
43,medium,deepseekv4_attnmhc_dnd,wikitext2,1638400,2,3,553
43,medium,deepseekv4_attnmhc_dnd,wikitext2,1638400,2,4,470
43,medium,deepseekv4_attnmhc_dnd,wikitext2,1638400,2,5,495
43,medium,deepseekv4_attnmhc_dnd,wikitext2,1638400,2,6,503
43,medium,deepseekv4_attnmhc_dnd,wikitext2,1638400,2,7,520
43,medium,deepseekv4_attnmhc_dnd,wikitext2,1638400,3,0,503
43,medium,deepseekv4_attnmhc_dnd,wikitext2,1638400,3,1,513
43,medium,deepseekv4_attnmhc_dnd,wikitext2,1638400,3,2,505
43,medium,deepseekv4_attnmhc_dnd,wikitext2,1638400,3,3,486
43,medium,deepseekv4_attnmhc_dnd,wikitext2,1638400,3,4,487
43,medium,deepseekv4_attnmhc_dnd,wikitext2,1638400,3,5,542
43,medium,deepseekv4_attnmhc_dnd,wikitext2,1638400,3,6,521
43,medium,deepseekv4_attnmhc_dnd,wikitext2,1638400,3,7,539
43,medium,deepseekv4_attnmhc_dnd,wikitext2,1638400,4,0,495
43,medium,deepseekv4_attnmhc_dnd,wikitext2,1638400,4,1,504
43,medium,deepseekv4_attnmhc_dnd,wikitext2,1638400,4,2,508
43,medium,deepseekv4_attnmhc_dnd,wikitext2,1638400,4,3,529
43,medium,deepseekv4_attnmhc_dnd,wikitext2,1638400,4,4,518
43,medium,deepseekv4_attnmhc_dnd,wikitext2,1638400,4,5,503
43,medium,deepseekv4_attnmhc_dnd,wikitext2,1638400,4,6,507
43,medium,deepseekv4_attnmhc_dnd,wikitext2,1638400,4,7,532
43,medium,deepseekv4_attnmhc_dnd,wikitext2,1638400,5,0,503
43,medium,deepseekv4_attnmhc_dnd,wikitext2,1638400,5,1,514
43,medium,deepseekv4_attnmhc_dnd,wikitext2,1638400,5,2,514
43,medium,deepseekv4_attnmhc_dnd,wikitext2,1638400,5,3,526
43,medium,deepseekv4_attnmhc_dnd,wikitext2,1638400,5,4,468
43,medium,deepseekv4_attnmhc_dnd,wikitext2,1638400,5,5,535
43,medium,deepseekv4_attnmhc_dnd,wikitext2,1638400,5,6,527
43,medium,deepseekv4_attnmhc_dnd,wikitext2,1638400,5,7,509
43,medium,deepseekv4_attnmhc_dnd,wikitext2,1843200,0,0,333
43,medium,deepseekv4_attnmhc_dnd,wikitext2,1843200,0,1,234
43,medium,deepseekv4_attnmhc_dnd,wikitext2,1843200,0,2,379
43,medium,deepseekv4_attnmhc_dnd,wikitext2,1843200,0,3,957
43,medium,deepseekv4_attnmhc_dnd,wikitext2,1843200,0,4,401
43,medium,deepseekv4_attnmhc_dnd,wikitext2,1843200,0,5,637
43,medium,deepseekv4_attnmhc_dnd,wikitext2,1843200,0,6,279
43,medium,deepseekv4_attnmhc_dnd,wikitext2,1843200,0,7,876
43,medium,deepseekv4_attnmhc_dnd,wikitext2,1843200,1,0,336
43,medium,deepseekv4_attnmhc_dnd,wikitext2,1843200,1,1,394
43,medium,deepseekv4_attnmhc_dnd,wikitext2,1843200,1,2,1082
43,medium,deepseekv4_attnmhc_dnd,wikitext2,1843200,1,3,589
43,medium,deepseekv4_attnmhc_dnd,wikitext2,1843200,1,4,599
43,medium,deepseekv4_attnmhc_dnd,wikitext2,1843200,1,5,299
43,medium,deepseekv4_attnmhc_dnd,wikitext2,1843200,1,6,417
43,medium,deepseekv4_attnmhc_dnd,wikitext2,1843200,1,7,380
43,medium,deepseekv4_attnmhc_dnd,wikitext2,1843200,2,0,492
43,medium,deepseekv4_attnmhc_dnd,wikitext2,1843200,2,1,487
43,medium,deepseekv4_attnmhc_dnd,wikitext2,1843200,2,2,548
43,medium,deepseekv4_attnmhc_dnd,wikitext2,1843200,2,3,526
43,medium,deepseekv4_attnmhc_dnd,wikitext2,1843200,2,4,519
43,medium,deepseekv4_attnmhc_dnd,wikitext2,1843200,2,5,523
43,medium,deepseekv4_attnmhc_dnd,wikitext2,1843200,2,6,526
43,medium,deepseekv4_attnmhc_dnd,wikitext2,1843200,2,7,475
43,medium,deepseekv4_attnmhc_dnd,wikitext2,1843200,3,0,487
43,medium,deepseekv4_attnmhc_dnd,wikitext2,1843200,3,1,490
43,medium,deepseekv4_attnmhc_dnd,wikitext2,1843200,3,2,501
43,medium,deepseekv4_attnmhc_dnd,wikitext2,1843200,3,3,524
43,medium,deepseekv4_attnmhc_dnd,wikitext2,1843200,3,4,519
43,medium,deepseekv4_attnmhc_dnd,wikitext2,1843200,3,5,497
43,medium,deepseekv4_attnmhc_dnd,wikitext2,1843200,3,6,521
43,medium,deepseekv4_attnmhc_dnd,wikitext2,1843200,3,7,557
43,medium,deepseekv4_attnmhc_dnd,wikitext2,1843200,4,0,529
43,medium,deepseekv4_attnmhc_dnd,wikitext2,1843200,4,1,493
43,medium,deepseekv4_attnmhc_dnd,wikitext2,1843200,4,2,516
43,medium,deepseekv4_attnmhc_dnd,wikitext2,1843200,4,3,488
43,medium,deepseekv4_attnmhc_dnd,wikitext2,1843200,4,4,491
43,medium,deepseekv4_attnmhc_dnd,wikitext2,1843200,4,5,536
43,medium,deepseekv4_attnmhc_dnd,wikitext2,1843200,4,6,575
43,medium,deepseekv4_attnmhc_dnd,wikitext2,1843200,4,7,468
43,medium,deepseekv4_attnmhc_dnd,wikitext2,1843200,5,0,510
43,medium,deepseekv4_attnmhc_dnd,wikitext2,1843200,5,1,529
43,medium,deepseekv4_attnmhc_dnd,wikitext2,1843200,5,2,569
43,medium,deepseekv4_attnmhc_dnd,wikitext2,1843200,5,3,483
43,medium,deepseekv4_attnmhc_dnd,wikitext2,1843200,5,4,521
43,medium,deepseekv4_attnmhc_dnd,wikitext2,1843200,5,5,514
43,medium,deepseekv4_attnmhc_dnd,wikitext2,1843200,5,6,458
43,medium,deepseekv4_attnmhc_dnd,wikitext2,1843200,5,7,512
43,medium,deepseekv4_attnmhc_dnd,wikitext2,2048000,0,0,316
43,medium,deepseekv4_attnmhc_dnd,wikitext2,2048000,0,1,231
43,medium,deepseekv4_attnmhc_dnd,wikitext2,2048000,0,2,366
43,medium,deepseekv4_attnmhc_dnd,wikitext2,2048000,0,3,956
43,medium,deepseekv4_attnmhc_dnd,wikitext2,2048000,0,4,377
43,medium,deepseekv4_attnmhc_dnd,wikitext2,2048000,0,5,695
43,medium,deepseekv4_attnmhc_dnd,wikitext2,2048000,0,6,256
43,medium,deepseekv4_attnmhc_dnd,wikitext2,2048000,0,7,899
43,medium,deepseekv4_attnmhc_dnd,wikitext2,2048000,1,0,302
43,medium,deepseekv4_attnmhc_dnd,wikitext2,2048000,1,1,395
43,medium,deepseekv4_attnmhc_dnd,wikitext2,2048000,1,2,1046
43,medium,deepseekv4_attnmhc_dnd,wikitext2,2048000,1,3,578
43,medium,deepseekv4_attnmhc_dnd,wikitext2,2048000,1,4,619
43,medium,deepseekv4_attnmhc_dnd,wikitext2,2048000,1,5,245
43,medium,deepseekv4_attnmhc_dnd,wikitext2,2048000,1,6,486
43,medium,deepseekv4_attnmhc_dnd,wikitext2,2048000,1,7,425
43,medium,deepseekv4_attnmhc_dnd,wikitext2,2048000,2,0,545
43,medium,deepseekv4_attnmhc_dnd,wikitext2,2048000,2,1,485
43,medium,deepseekv4_attnmhc_dnd,wikitext2,2048000,2,2,562
43,medium,deepseekv4_attnmhc_dnd,wikitext2,2048000,2,3,492
43,medium,deepseekv4_attnmhc_dnd,wikitext2,2048000,2,4,498
43,medium,deepseekv4_attnmhc_dnd,wikitext2,2048000,2,5,504
43,medium,deepseekv4_attnmhc_dnd,wikitext2,2048000,2,6,499
43,medium,deepseekv4_attnmhc_dnd,wikitext2,2048000,2,7,511
43,medium,deepseekv4_attnmhc_dnd,wikitext2,2048000,3,0,520
43,medium,deepseekv4_attnmhc_dnd,wikitext2,2048000,3,1,502
43,medium,deepseekv4_attnmhc_dnd,wikitext2,2048000,3,2,520
43,medium,deepseekv4_attnmhc_dnd,wikitext2,2048000,3,3,516
43,medium,deepseekv4_attnmhc_dnd,wikitext2,2048000,3,4,505
43,medium,deepseekv4_attnmhc_dnd,wikitext2,2048000,3,5,494
43,medium,deepseekv4_attnmhc_dnd,wikitext2,2048000,3,6,535
43,medium,deepseekv4_attnmhc_dnd,wikitext2,2048000,3,7,504
43,medium,deepseekv4_attnmhc_dnd,wikitext2,2048000,4,0,497
43,medium,deepseekv4_attnmhc_dnd,wikitext2,2048000,4,1,543
43,medium,deepseekv4_attnmhc_dnd,wikitext2,2048000,4,2,449
43,medium,deepseekv4_attnmhc_dnd,wikitext2,2048000,4,3,628
43,medium,deepseekv4_attnmhc_dnd,wikitext2,2048000,4,4,501
43,medium,deepseekv4_attnmhc_dnd,wikitext2,2048000,4,5,435
43,medium,deepseekv4_attnmhc_dnd,wikitext2,2048000,4,6,479
43,medium,deepseekv4_attnmhc_dnd,wikitext2,2048000,4,7,564
43,medium,deepseekv4_attnmhc_dnd,wikitext2,2048000,5,0,505
43,medium,deepseekv4_attnmhc_dnd,wikitext2,2048000,5,1,503
43,medium,deepseekv4_attnmhc_dnd,wikitext2,2048000,5,2,475
43,medium,deepseekv4_attnmhc_dnd,wikitext2,2048000,5,3,510
43,medium,deepseekv4_attnmhc_dnd,wikitext2,2048000,5,4,531
43,medium,deepseekv4_attnmhc_dnd,wikitext2,2048000,5,5,500
43,medium,deepseekv4_attnmhc_dnd,wikitext2,2048000,5,6,498
43,medium,deepseekv4_attnmhc_dnd,wikitext2,2048000,5,7,574
44,medium,deepseekv4_attnmhc,wikitext2,2048,0,0,327
44,medium,deepseekv4_attnmhc,wikitext2,2048,0,1,224
44,medium,deepseekv4_attnmhc,wikitext2,2048,0,2,359
44,medium,deepseekv4_attnmhc,wikitext2,2048,0,3,957
44,medium,deepseekv4_attnmhc,wikitext2,2048,0,4,400
44,medium,deepseekv4_attnmhc,wikitext2,2048,0,5,689
44,medium,deepseekv4_attnmhc,wikitext2,2048,0,6,239
44,medium,deepseekv4_attnmhc,wikitext2,2048,0,7,901
44,medium,deepseekv4_attnmhc,wikitext2,2048,1,0,322
44,medium,deepseekv4_attnmhc,wikitext2,2048,1,1,373
44,medium,deepseekv4_attnmhc,wikitext2,2048,1,2,1040
44,medium,deepseekv4_attnmhc,wikitext2,2048,1,3,618
44,medium,deepseekv4_attnmhc,wikitext2,2048,1,4,615
44,medium,deepseekv4_attnmhc,wikitext2,2048,1,5,274
44,medium,deepseekv4_attnmhc,wikitext2,2048,1,6,471
44,medium,deepseekv4_attnmhc,wikitext2,2048,1,7,383
44,medium,deepseekv4_attnmhc,wikitext2,2048,2,0,622
44,medium,deepseekv4_attnmhc,wikitext2,2048,2,1,813
44,medium,deepseekv4_attnmhc,wikitext2,2048,2,2,478
44,medium,deepseekv4_attnmhc,wikitext2,2048,2,3,160
44,medium,deepseekv4_attnmhc,wikitext2,2048,2,4,388
44,medium,deepseekv4_attnmhc,wikitext2,2048,2,5,733
44,medium,deepseekv4_attnmhc,wikitext2,2048,2,6,359
44,medium,deepseekv4_attnmhc,wikitext2,2048,2,7,543
44,medium,deepseekv4_attnmhc,wikitext2,2048,3,0,356
44,medium,deepseekv4_attnmhc,wikitext2,2048,3,1,822
44,medium,deepseekv4_attnmhc,wikitext2,2048,3,2,329
44,medium,deepseekv4_attnmhc,wikitext2,2048,3,3,168
44,medium,deepseekv4_attnmhc,wikitext2,2048,3,4,1099
44,medium,deepseekv4_attnmhc,wikitext2,2048,3,5,443
44,medium,deepseekv4_attnmhc,wikitext2,2048,3,6,609
44,medium,deepseekv4_attnmhc,wikitext2,2048,3,7,270
44,medium,deepseekv4_attnmhc,wikitext2,2048,4,0,314
44,medium,deepseekv4_attnmhc,wikitext2,2048,4,1,538
44,medium,deepseekv4_attnmhc,wikitext2,2048,4,2,187
44,medium,deepseekv4_attnmhc,wikitext2,2048,4,3,512
44,medium,deepseekv4_attnmhc,wikitext2,2048,4,4,703
44,medium,deepseekv4_attnmhc,wikitext2,2048,4,5,321
44,medium,deepseekv4_attnmhc,wikitext2,2048,4,6,597
44,medium,deepseekv4_attnmhc,wikitext2,2048,4,7,924
44,medium,deepseekv4_attnmhc,wikitext2,2048,5,0,533
44,medium,deepseekv4_attnmhc,wikitext2,2048,5,1,249
44,medium,deepseekv4_attnmhc,wikitext2,2048,5,2,550
44,medium,deepseekv4_attnmhc,wikitext2,2048,5,3,358
44,medium,deepseekv4_attnmhc,wikitext2,2048,5,4,235
44,medium,deepseekv4_attnmhc,wikitext2,2048,5,5,1108
44,medium,deepseekv4_attnmhc,wikitext2,2048,5,6,199
44,medium,deepseekv4_attnmhc,wikitext2,2048,5,7,864
44,medium,deepseekv4_attnmhc,wikitext2,204800,0,0,347
44,medium,deepseekv4_attnmhc,wikitext2,204800,0,1,254
44,medium,deepseekv4_attnmhc,wikitext2,204800,0,2,378
44,medium,deepseekv4_attnmhc,wikitext2,204800,0,3,936
44,medium,deepseekv4_attnmhc,wikitext2,204800,0,4,427
44,medium,deepseekv4_attnmhc,wikitext2,204800,0,5,667
44,medium,deepseekv4_attnmhc,wikitext2,204800,0,6,240
44,medium,deepseekv4_attnmhc,wikitext2,204800,0,7,847
44,medium,deepseekv4_attnmhc,wikitext2,204800,1,0,316
44,medium,deepseekv4_attnmhc,wikitext2,204800,1,1,392
44,medium,deepseekv4_attnmhc,wikitext2,204800,1,2,1068
44,medium,deepseekv4_attnmhc,wikitext2,204800,1,3,596
44,medium,deepseekv4_attnmhc,wikitext2,204800,1,4,621
44,medium,deepseekv4_attnmhc,wikitext2,204800,1,5,245
44,medium,deepseekv4_attnmhc,wikitext2,204800,1,6,464
44,medium,deepseekv4_attnmhc,wikitext2,204800,1,7,394
44,medium,deepseekv4_attnmhc,wikitext2,204800,2,0,634
44,medium,deepseekv4_attnmhc,wikitext2,204800,2,1,500
44,medium,deepseekv4_attnmhc,wikitext2,204800,2,2,466
44,medium,deepseekv4_attnmhc,wikitext2,204800,2,3,476
44,medium,deepseekv4_attnmhc,wikitext2,204800,2,4,573
44,medium,deepseekv4_attnmhc,wikitext2,204800,2,5,520
44,medium,deepseekv4_attnmhc,wikitext2,204800,2,6,574
44,medium,deepseekv4_attnmhc,wikitext2,204800,2,7,353
44,medium,deepseekv4_attnmhc,wikitext2,204800,3,0,612
44,medium,deepseekv4_attnmhc,wikitext2,204800,3,1,464
44,medium,deepseekv4_attnmhc,wikitext2,204800,3,2,644
44,medium,deepseekv4_attnmhc,wikitext2,204800,3,3,538
44,medium,deepseekv4_attnmhc,wikitext2,204800,3,4,413
44,medium,deepseekv4_attnmhc,wikitext2,204800,3,5,718
44,medium,deepseekv4_attnmhc,wikitext2,204800,3,6,399
44,medium,deepseekv4_attnmhc,wikitext2,204800,3,7,308
44,medium,deepseekv4_attnmhc,wikitext2,204800,4,0,474
44,medium,deepseekv4_attnmhc,wikitext2,204800,4,1,509
44,medium,deepseekv4_attnmhc,wikitext2,204800,4,2,471
44,medium,deepseekv4_attnmhc,wikitext2,204800,4,3,498
44,medium,deepseekv4_attnmhc,wikitext2,204800,4,4,474
44,medium,deepseekv4_attnmhc,wikitext2,204800,4,5,686
44,medium,deepseekv4_attnmhc,wikitext2,204800,4,6,460
44,medium,deepseekv4_attnmhc,wikitext2,204800,4,7,524
44,medium,deepseekv4_attnmhc,wikitext2,204800,5,0,739
44,medium,deepseekv4_attnmhc,wikitext2,204800,5,1,384
44,medium,deepseekv4_attnmhc,wikitext2,204800,5,2,418
44,medium,deepseekv4_attnmhc,wikitext2,204800,5,3,415
44,medium,deepseekv4_attnmhc,wikitext2,204800,5,4,529
44,medium,deepseekv4_attnmhc,wikitext2,204800,5,5,523
44,medium,deepseekv4_attnmhc,wikitext2,204800,5,6,686
44,medium,deepseekv4_attnmhc,wikitext2,204800,5,7,402
44,medium,deepseekv4_attnmhc,wikitext2,409600,0,0,318
44,medium,deepseekv4_attnmhc,wikitext2,409600,0,1,242
44,medium,deepseekv4_attnmhc,wikitext2,409600,0,2,376
44,medium,deepseekv4_attnmhc,wikitext2,409600,0,3,953
44,medium,deepseekv4_attnmhc,wikitext2,409600,0,4,396
44,medium,deepseekv4_attnmhc,wikitext2,409600,0,5,676
44,medium,deepseekv4_attnmhc,wikitext2,409600,0,6,250
44,medium,deepseekv4_attnmhc,wikitext2,409600,0,7,885
44,medium,deepseekv4_attnmhc,wikitext2,409600,1,0,294
44,medium,deepseekv4_attnmhc,wikitext2,409600,1,1,374
44,medium,deepseekv4_attnmhc,wikitext2,409600,1,2,1052
44,medium,deepseekv4_attnmhc,wikitext2,409600,1,3,624
44,medium,deepseekv4_attnmhc,wikitext2,409600,1,4,608
44,medium,deepseekv4_attnmhc,wikitext2,409600,1,5,283
44,medium,deepseekv4_attnmhc,wikitext2,409600,1,6,477
44,medium,deepseekv4_attnmhc,wikitext2,409600,1,7,384
44,medium,deepseekv4_attnmhc,wikitext2,409600,2,0,475
44,medium,deepseekv4_attnmhc,wikitext2,409600,2,1,524
44,medium,deepseekv4_attnmhc,wikitext2,409600,2,2,555
44,medium,deepseekv4_attnmhc,wikitext2,409600,2,3,498
44,medium,deepseekv4_attnmhc,wikitext2,409600,2,4,502
44,medium,deepseekv4_attnmhc,wikitext2,409600,2,5,499
44,medium,deepseekv4_attnmhc,wikitext2,409600,2,6,497
44,medium,deepseekv4_attnmhc,wikitext2,409600,2,7,546
44,medium,deepseekv4_attnmhc,wikitext2,409600,3,0,345
44,medium,deepseekv4_attnmhc,wikitext2,409600,3,1,520
44,medium,deepseekv4_attnmhc,wikitext2,409600,3,2,493
44,medium,deepseekv4_attnmhc,wikitext2,409600,3,3,544
44,medium,deepseekv4_attnmhc,wikitext2,409600,3,4,542
44,medium,deepseekv4_attnmhc,wikitext2,409600,3,5,545
44,medium,deepseekv4_attnmhc,wikitext2,409600,3,6,525
44,medium,deepseekv4_attnmhc,wikitext2,409600,3,7,582
44,medium,deepseekv4_attnmhc,wikitext2,409600,4,0,513
44,medium,deepseekv4_attnmhc,wikitext2,409600,4,1,529
44,medium,deepseekv4_attnmhc,wikitext2,409600,4,2,524
44,medium,deepseekv4_attnmhc,wikitext2,409600,4,3,459
44,medium,deepseekv4_attnmhc,wikitext2,409600,4,4,450
44,medium,deepseekv4_attnmhc,wikitext2,409600,4,5,520
44,medium,deepseekv4_attnmhc,wikitext2,409600,4,6,530
44,medium,deepseekv4_attnmhc,wikitext2,409600,4,7,571
44,medium,deepseekv4_attnmhc,wikitext2,409600,5,0,589
44,medium,deepseekv4_attnmhc,wikitext2,409600,5,1,599
44,medium,deepseekv4_attnmhc,wikitext2,409600,5,2,407
44,medium,deepseekv4_attnmhc,wikitext2,409600,5,3,535
44,medium,deepseekv4_attnmhc,wikitext2,409600,5,4,390
44,medium,deepseekv4_attnmhc,wikitext2,409600,5,5,545
44,medium,deepseekv4_attnmhc,wikitext2,409600,5,6,524
44,medium,deepseekv4_attnmhc,wikitext2,409600,5,7,507
44,medium,deepseekv4_attnmhc,wikitext2,614400,0,0,318
44,medium,deepseekv4_attnmhc,wikitext2,614400,0,1,264
44,medium,deepseekv4_attnmhc,wikitext2,614400,0,2,388
44,medium,deepseekv4_attnmhc,wikitext2,614400,0,3,945
44,medium,deepseekv4_attnmhc,wikitext2,614400,0,4,392
44,medium,deepseekv4_attnmhc,wikitext2,614400,0,5,650
44,medium,deepseekv4_attnmhc,wikitext2,614400,0,6,258
44,medium,deepseekv4_attnmhc,wikitext2,614400,0,7,881
44,medium,deepseekv4_attnmhc,wikitext2,614400,1,0,304
44,medium,deepseekv4_attnmhc,wikitext2,614400,1,1,402
44,medium,deepseekv4_attnmhc,wikitext2,614400,1,2,1059
44,medium,deepseekv4_attnmhc,wikitext2,614400,1,3,608
44,medium,deepseekv4_attnmhc,wikitext2,614400,1,4,648
44,medium,deepseekv4_attnmhc,wikitext2,614400,1,5,262
44,medium,deepseekv4_attnmhc,wikitext2,614400,1,6,450
44,medium,deepseekv4_attnmhc,wikitext2,614400,1,7,363
44,medium,deepseekv4_attnmhc,wikitext2,614400,2,0,486
44,medium,deepseekv4_attnmhc,wikitext2,614400,2,1,489
44,medium,deepseekv4_attnmhc,wikitext2,614400,2,2,539
44,medium,deepseekv4_attnmhc,wikitext2,614400,2,3,543
44,medium,deepseekv4_attnmhc,wikitext2,614400,2,4,520
44,medium,deepseekv4_attnmhc,wikitext2,614400,2,5,468
44,medium,deepseekv4_attnmhc,wikitext2,614400,2,6,525
44,medium,deepseekv4_attnmhc,wikitext2,614400,2,7,526
44,medium,deepseekv4_attnmhc,wikitext2,614400,3,0,475
44,medium,deepseekv4_attnmhc,wikitext2,614400,3,1,524
44,medium,deepseekv4_attnmhc,wikitext2,614400,3,2,461
44,medium,deepseekv4_attnmhc,wikitext2,614400,3,3,525
44,medium,deepseekv4_attnmhc,wikitext2,614400,3,4,532
44,medium,deepseekv4_attnmhc,wikitext2,614400,3,5,539
44,medium,deepseekv4_attnmhc,wikitext2,614400,3,6,469
44,medium,deepseekv4_attnmhc,wikitext2,614400,3,7,571
44,medium,deepseekv4_attnmhc,wikitext2,614400,4,0,578
44,medium,deepseekv4_attnmhc,wikitext2,614400,4,1,491
44,medium,deepseekv4_attnmhc,wikitext2,614400,4,2,427
44,medium,deepseekv4_attnmhc,wikitext2,614400,4,3,529
44,medium,deepseekv4_attnmhc,wikitext2,614400,4,4,497
44,medium,deepseekv4_attnmhc,wikitext2,614400,4,5,515
44,medium,deepseekv4_attnmhc,wikitext2,614400,4,6,535
44,medium,deepseekv4_attnmhc,wikitext2,614400,4,7,524
44,medium,deepseekv4_attnmhc,wikitext2,614400,5,0,475
44,medium,deepseekv4_attnmhc,wikitext2,614400,5,1,523
44,medium,deepseekv4_attnmhc,wikitext2,614400,5,2,490
44,medium,deepseekv4_attnmhc,wikitext2,614400,5,3,500
44,medium,deepseekv4_attnmhc,wikitext2,614400,5,4,481
44,medium,deepseekv4_attnmhc,wikitext2,614400,5,5,544
44,medium,deepseekv4_attnmhc,wikitext2,614400,5,6,520
44,medium,deepseekv4_attnmhc,wikitext2,614400,5,7,563
44,medium,deepseekv4_attnmhc,wikitext2,819200,0,0,354
44,medium,deepseekv4_attnmhc,wikitext2,819200,0,1,236
44,medium,deepseekv4_attnmhc,wikitext2,819200,0,2,359
44,medium,deepseekv4_attnmhc,wikitext2,819200,0,3,960
44,medium,deepseekv4_attnmhc,wikitext2,819200,0,4,400
44,medium,deepseekv4_attnmhc,wikitext2,819200,0,5,678
44,medium,deepseekv4_attnmhc,wikitext2,819200,0,6,243
44,medium,deepseekv4_attnmhc,wikitext2,819200,0,7,866
44,medium,deepseekv4_attnmhc,wikitext2,819200,1,0,332
44,medium,deepseekv4_attnmhc,wikitext2,819200,1,1,372
44,medium,deepseekv4_attnmhc,wikitext2,819200,1,2,1070
44,medium,deepseekv4_attnmhc,wikitext2,819200,1,3,604
44,medium,deepseekv4_attnmhc,wikitext2,819200,1,4,628
44,medium,deepseekv4_attnmhc,wikitext2,819200,1,5,260
44,medium,deepseekv4_attnmhc,wikitext2,819200,1,6,446
44,medium,deepseekv4_attnmhc,wikitext2,819200,1,7,384
44,medium,deepseekv4_attnmhc,wikitext2,819200,2,0,492
44,medium,deepseekv4_attnmhc,wikitext2,819200,2,1,500
44,medium,deepseekv4_attnmhc,wikitext2,819200,2,2,468
44,medium,deepseekv4_attnmhc,wikitext2,819200,2,3,512
44,medium,deepseekv4_attnmhc,wikitext2,819200,2,4,544
44,medium,deepseekv4_attnmhc,wikitext2,819200,2,5,542
44,medium,deepseekv4_attnmhc,wikitext2,819200,2,6,503
44,medium,deepseekv4_attnmhc,wikitext2,819200,2,7,535
44,medium,deepseekv4_attnmhc,wikitext2,819200,3,0,444
44,medium,deepseekv4_attnmhc,wikitext2,819200,3,1,541
44,medium,deepseekv4_attnmhc,wikitext2,819200,3,2,488
44,medium,deepseekv4_attnmhc,wikitext2,819200,3,3,537
44,medium,deepseekv4_attnmhc,wikitext2,819200,3,4,478
44,medium,deepseekv4_attnmhc,wikitext2,819200,3,5,535
44,medium,deepseekv4_attnmhc,wikitext2,819200,3,6,528
44,medium,deepseekv4_attnmhc,wikitext2,819200,3,7,545
44,medium,deepseekv4_attnmhc,wikitext2,819200,4,0,558
44,medium,deepseekv4_attnmhc,wikitext2,819200,4,1,513
44,medium,deepseekv4_attnmhc,wikitext2,819200,4,2,528
44,medium,deepseekv4_attnmhc,wikitext2,819200,4,3,497
44,medium,deepseekv4_attnmhc,wikitext2,819200,4,4,517
44,medium,deepseekv4_attnmhc,wikitext2,819200,4,5,500
44,medium,deepseekv4_attnmhc,wikitext2,819200,4,6,512
44,medium,deepseekv4_attnmhc,wikitext2,819200,4,7,471
44,medium,deepseekv4_attnmhc,wikitext2,819200,5,0,507
44,medium,deepseekv4_attnmhc,wikitext2,819200,5,1,596
44,medium,deepseekv4_attnmhc,wikitext2,819200,5,2,497
44,medium,deepseekv4_attnmhc,wikitext2,819200,5,3,504
44,medium,deepseekv4_attnmhc,wikitext2,819200,5,4,449
44,medium,deepseekv4_attnmhc,wikitext2,819200,5,5,545
44,medium,deepseekv4_attnmhc,wikitext2,819200,5,6,456
44,medium,deepseekv4_attnmhc,wikitext2,819200,5,7,542
44,medium,deepseekv4_attnmhc,wikitext2,1024000,0,0,308
44,medium,deepseekv4_attnmhc,wikitext2,1024000,0,1,236
44,medium,deepseekv4_attnmhc,wikitext2,1024000,0,2,389
44,medium,deepseekv4_attnmhc,wikitext2,1024000,0,3,969
44,medium,deepseekv4_attnmhc,wikitext2,1024000,0,4,409
44,medium,deepseekv4_attnmhc,wikitext2,1024000,0,5,645
44,medium,deepseekv4_attnmhc,wikitext2,1024000,0,6,245
44,medium,deepseekv4_attnmhc,wikitext2,1024000,0,7,895
44,medium,deepseekv4_attnmhc,wikitext2,1024000,1,0,334
44,medium,deepseekv4_attnmhc,wikitext2,1024000,1,1,386
44,medium,deepseekv4_attnmhc,wikitext2,1024000,1,2,1066
44,medium,deepseekv4_attnmhc,wikitext2,1024000,1,3,598
44,medium,deepseekv4_attnmhc,wikitext2,1024000,1,4,602
44,medium,deepseekv4_attnmhc,wikitext2,1024000,1,5,290
44,medium,deepseekv4_attnmhc,wikitext2,1024000,1,6,437
44,medium,deepseekv4_attnmhc,wikitext2,1024000,1,7,383
44,medium,deepseekv4_attnmhc,wikitext2,1024000,2,0,551
44,medium,deepseekv4_attnmhc,wikitext2,1024000,2,1,466
44,medium,deepseekv4_attnmhc,wikitext2,1024000,2,2,484
44,medium,deepseekv4_attnmhc,wikitext2,1024000,2,3,504
44,medium,deepseekv4_attnmhc,wikitext2,1024000,2,4,508
44,medium,deepseekv4_attnmhc,wikitext2,1024000,2,5,543
44,medium,deepseekv4_attnmhc,wikitext2,1024000,2,6,498
44,medium,deepseekv4_attnmhc,wikitext2,1024000,2,7,542
44,medium,deepseekv4_attnmhc,wikitext2,1024000,3,0,482
44,medium,deepseekv4_attnmhc,wikitext2,1024000,3,1,475
44,medium,deepseekv4_attnmhc,wikitext2,1024000,3,2,572
44,medium,deepseekv4_attnmhc,wikitext2,1024000,3,3,511
44,medium,deepseekv4_attnmhc,wikitext2,1024000,3,4,494
44,medium,deepseekv4_attnmhc,wikitext2,1024000,3,5,540
44,medium,deepseekv4_attnmhc,wikitext2,1024000,3,6,537
44,medium,deepseekv4_attnmhc,wikitext2,1024000,3,7,485
44,medium,deepseekv4_attnmhc,wikitext2,1024000,4,0,482
44,medium,deepseekv4_attnmhc,wikitext2,1024000,4,1,552
44,medium,deepseekv4_attnmhc,wikitext2,1024000,4,2,448
44,medium,deepseekv4_attnmhc,wikitext2,1024000,4,3,518
44,medium,deepseekv4_attnmhc,wikitext2,1024000,4,4,547
44,medium,deepseekv4_attnmhc,wikitext2,1024000,4,5,493
44,medium,deepseekv4_attnmhc,wikitext2,1024000,4,6,550
44,medium,deepseekv4_attnmhc,wikitext2,1024000,4,7,506
44,medium,deepseekv4_attnmhc,wikitext2,1024000,5,0,485
44,medium,deepseekv4_attnmhc,wikitext2,1024000,5,1,479
44,medium,deepseekv4_attnmhc,wikitext2,1024000,5,2,533
44,medium,deepseekv4_attnmhc,wikitext2,1024000,5,3,492
44,medium,deepseekv4_attnmhc,wikitext2,1024000,5,4,508
44,medium,deepseekv4_attnmhc,wikitext2,1024000,5,5,536
44,medium,deepseekv4_attnmhc,wikitext2,1024000,5,6,499
44,medium,deepseekv4_attnmhc,wikitext2,1024000,5,7,564
44,medium,deepseekv4_attnmhc,wikitext2,1228800,0,0,322
44,medium,deepseekv4_attnmhc,wikitext2,1228800,0,1,220
44,medium,deepseekv4_attnmhc,wikitext2,1228800,0,2,387
44,medium,deepseekv4_attnmhc,wikitext2,1228800,0,3,934
44,medium,deepseekv4_attnmhc,wikitext2,1228800,0,4,400
44,medium,deepseekv4_attnmhc,wikitext2,1228800,0,5,652
44,medium,deepseekv4_attnmhc,wikitext2,1228800,0,6,255
44,medium,deepseekv4_attnmhc,wikitext2,1228800,0,7,926
44,medium,deepseekv4_attnmhc,wikitext2,1228800,1,0,347
44,medium,deepseekv4_attnmhc,wikitext2,1228800,1,1,389
44,medium,deepseekv4_attnmhc,wikitext2,1228800,1,2,1048
44,medium,deepseekv4_attnmhc,wikitext2,1228800,1,3,600
44,medium,deepseekv4_attnmhc,wikitext2,1228800,1,4,569
44,medium,deepseekv4_attnmhc,wikitext2,1228800,1,5,275
44,medium,deepseekv4_attnmhc,wikitext2,1228800,1,6,461
44,medium,deepseekv4_attnmhc,wikitext2,1228800,1,7,407
44,medium,deepseekv4_attnmhc,wikitext2,1228800,2,0,477
44,medium,deepseekv4_attnmhc,wikitext2,1228800,2,1,522
44,medium,deepseekv4_attnmhc,wikitext2,1228800,2,2,526
44,medium,deepseekv4_attnmhc,wikitext2,1228800,2,3,517
44,medium,deepseekv4_attnmhc,wikitext2,1228800,2,4,530
44,medium,deepseekv4_attnmhc,wikitext2,1228800,2,5,475
44,medium,deepseekv4_attnmhc,wikitext2,1228800,2,6,497
44,medium,deepseekv4_attnmhc,wikitext2,1228800,2,7,552
44,medium,deepseekv4_attnmhc,wikitext2,1228800,3,0,598
44,medium,deepseekv4_attnmhc,wikitext2,1228800,3,1,462
44,medium,deepseekv4_attnmhc,wikitext2,1228800,3,2,534
44,medium,deepseekv4_attnmhc,wikitext2,1228800,3,3,497
44,medium,deepseekv4_attnmhc,wikitext2,1228800,3,4,520
44,medium,deepseekv4_attnmhc,wikitext2,1228800,3,5,478
44,medium,deepseekv4_attnmhc,wikitext2,1228800,3,6,495
44,medium,deepseekv4_attnmhc,wikitext2,1228800,3,7,512
44,medium,deepseekv4_attnmhc,wikitext2,1228800,4,0,501
44,medium,deepseekv4_attnmhc,wikitext2,1228800,4,1,495
44,medium,deepseekv4_attnmhc,wikitext2,1228800,4,2,575
44,medium,deepseekv4_attnmhc,wikitext2,1228800,4,3,501
44,medium,deepseekv4_attnmhc,wikitext2,1228800,4,4,446
44,medium,deepseekv4_attnmhc,wikitext2,1228800,4,5,523
44,medium,deepseekv4_attnmhc,wikitext2,1228800,4,6,549
44,medium,deepseekv4_attnmhc,wikitext2,1228800,4,7,506
44,medium,deepseekv4_attnmhc,wikitext2,1228800,5,0,512
44,medium,deepseekv4_attnmhc,wikitext2,1228800,5,1,494
44,medium,deepseekv4_attnmhc,wikitext2,1228800,5,2,538
44,medium,deepseekv4_attnmhc,wikitext2,1228800,5,3,526
44,medium,deepseekv4_attnmhc,wikitext2,1228800,5,4,549
44,medium,deepseekv4_attnmhc,wikitext2,1228800,5,5,455
44,medium,deepseekv4_attnmhc,wikitext2,1228800,5,6,522
44,medium,deepseekv4_attnmhc,wikitext2,1228800,5,7,500
44,medium,deepseekv4_attnmhc,wikitext2,1433600,0,0,324
44,medium,deepseekv4_attnmhc,wikitext2,1433600,0,1,262
44,medium,deepseekv4_attnmhc,wikitext2,1433600,0,2,364
44,medium,deepseekv4_attnmhc,wikitext2,1433600,0,3,959
44,medium,deepseekv4_attnmhc,wikitext2,1433600,0,4,382
44,medium,deepseekv4_attnmhc,wikitext2,1433600,0,5,673
44,medium,deepseekv4_attnmhc,wikitext2,1433600,0,6,240
44,medium,deepseekv4_attnmhc,wikitext2,1433600,0,7,892
44,medium,deepseekv4_attnmhc,wikitext2,1433600,1,0,320
44,medium,deepseekv4_attnmhc,wikitext2,1433600,1,1,414
44,medium,deepseekv4_attnmhc,wikitext2,1433600,1,2,1043
44,medium,deepseekv4_attnmhc,wikitext2,1433600,1,3,582
44,medium,deepseekv4_attnmhc,wikitext2,1433600,1,4,625
44,medium,deepseekv4_attnmhc,wikitext2,1433600,1,5,245
44,medium,deepseekv4_attnmhc,wikitext2,1433600,1,6,461
44,medium,deepseekv4_attnmhc,wikitext2,1433600,1,7,406
44,medium,deepseekv4_attnmhc,wikitext2,1433600,2,0,517
44,medium,deepseekv4_attnmhc,wikitext2,1433600,2,1,539
44,medium,deepseekv4_attnmhc,wikitext2,1433600,2,2,471
44,medium,deepseekv4_attnmhc,wikitext2,1433600,2,3,538
44,medium,deepseekv4_attnmhc,wikitext2,1433600,2,4,500
44,medium,deepseekv4_attnmhc,wikitext2,1433600,2,5,542
44,medium,deepseekv4_attnmhc,wikitext2,1433600,2,6,472
44,medium,deepseekv4_attnmhc,wikitext2,1433600,2,7,517
44,medium,deepseekv4_attnmhc,wikitext2,1433600,3,0,530
44,medium,deepseekv4_attnmhc,wikitext2,1433600,3,1,492
44,medium,deepseekv4_attnmhc,wikitext2,1433600,3,2,460
44,medium,deepseekv4_attnmhc,wikitext2,1433600,3,3,497
44,medium,deepseekv4_attnmhc,wikitext2,1433600,3,4,509
44,medium,deepseekv4_attnmhc,wikitext2,1433600,3,5,522
44,medium,deepseekv4_attnmhc,wikitext2,1433600,3,6,562
44,medium,deepseekv4_attnmhc,wikitext2,1433600,3,7,524
44,medium,deepseekv4_attnmhc,wikitext2,1433600,4,0,413
44,medium,deepseekv4_attnmhc,wikitext2,1433600,4,1,511
44,medium,deepseekv4_attnmhc,wikitext2,1433600,4,2,470
44,medium,deepseekv4_attnmhc,wikitext2,1433600,4,3,498
44,medium,deepseekv4_attnmhc,wikitext2,1433600,4,4,558
44,medium,deepseekv4_attnmhc,wikitext2,1433600,4,5,526
44,medium,deepseekv4_attnmhc,wikitext2,1433600,4,6,514
44,medium,deepseekv4_attnmhc,wikitext2,1433600,4,7,606
44,medium,deepseekv4_attnmhc,wikitext2,1433600,5,0,498
44,medium,deepseekv4_attnmhc,wikitext2,1433600,5,1,562
44,medium,deepseekv4_attnmhc,wikitext2,1433600,5,2,518
44,medium,deepseekv4_attnmhc,wikitext2,1433600,5,3,497
44,medium,deepseekv4_attnmhc,wikitext2,1433600,5,4,491
44,medium,deepseekv4_attnmhc,wikitext2,1433600,5,5,517
44,medium,deepseekv4_attnmhc,wikitext2,1433600,5,6,498
44,medium,deepseekv4_attnmhc,wikitext2,1433600,5,7,515
44,medium,deepseekv4_attnmhc,wikitext2,1638400,0,0,326
44,medium,deepseekv4_attnmhc,wikitext2,1638400,0,1,221
44,medium,deepseekv4_attnmhc,wikitext2,1638400,0,2,351
44,medium,deepseekv4_attnmhc,wikitext2,1638400,0,3,977
44,medium,deepseekv4_attnmhc,wikitext2,1638400,0,4,368
44,medium,deepseekv4_attnmhc,wikitext2,1638400,0,5,728
44,medium,deepseekv4_attnmhc,wikitext2,1638400,0,6,230
44,medium,deepseekv4_attnmhc,wikitext2,1638400,0,7,895
44,medium,deepseekv4_attnmhc,wikitext2,1638400,1,0,314
44,medium,deepseekv4_attnmhc,wikitext2,1638400,1,1,352
44,medium,deepseekv4_attnmhc,wikitext2,1638400,1,2,1046
44,medium,deepseekv4_attnmhc,wikitext2,1638400,1,3,573
44,medium,deepseekv4_attnmhc,wikitext2,1638400,1,4,661
44,medium,deepseekv4_attnmhc,wikitext2,1638400,1,5,240
44,medium,deepseekv4_attnmhc,wikitext2,1638400,1,6,497
44,medium,deepseekv4_attnmhc,wikitext2,1638400,1,7,413
44,medium,deepseekv4_attnmhc,wikitext2,1638400,2,0,489
44,medium,deepseekv4_attnmhc,wikitext2,1638400,2,1,445
44,medium,deepseekv4_attnmhc,wikitext2,1638400,2,2,532
44,medium,deepseekv4_attnmhc,wikitext2,1638400,2,3,564
44,medium,deepseekv4_attnmhc,wikitext2,1638400,2,4,479
44,medium,deepseekv4_attnmhc,wikitext2,1638400,2,5,545
44,medium,deepseekv4_attnmhc,wikitext2,1638400,2,6,494
44,medium,deepseekv4_attnmhc,wikitext2,1638400,2,7,548
44,medium,deepseekv4_attnmhc,wikitext2,1638400,3,0,491
44,medium,deepseekv4_attnmhc,wikitext2,1638400,3,1,546
44,medium,deepseekv4_attnmhc,wikitext2,1638400,3,2,548
44,medium,deepseekv4_attnmhc,wikitext2,1638400,3,3,528
44,medium,deepseekv4_attnmhc,wikitext2,1638400,3,4,510
44,medium,deepseekv4_attnmhc,wikitext2,1638400,3,5,534
44,medium,deepseekv4_attnmhc,wikitext2,1638400,3,6,489
44,medium,deepseekv4_attnmhc,wikitext2,1638400,3,7,450
44,medium,deepseekv4_attnmhc,wikitext2,1638400,4,0,498
44,medium,deepseekv4_attnmhc,wikitext2,1638400,4,1,506
44,medium,deepseekv4_attnmhc,wikitext2,1638400,4,2,489
44,medium,deepseekv4_attnmhc,wikitext2,1638400,4,3,490
44,medium,deepseekv4_attnmhc,wikitext2,1638400,4,4,510
44,medium,deepseekv4_attnmhc,wikitext2,1638400,4,5,515
44,medium,deepseekv4_attnmhc,wikitext2,1638400,4,6,529
44,medium,deepseekv4_attnmhc,wikitext2,1638400,4,7,559
44,medium,deepseekv4_attnmhc,wikitext2,1638400,5,0,494
44,medium,deepseekv4_attnmhc,wikitext2,1638400,5,1,566
44,medium,deepseekv4_attnmhc,wikitext2,1638400,5,2,496
44,medium,deepseekv4_attnmhc,wikitext2,1638400,5,3,530
44,medium,deepseekv4_attnmhc,wikitext2,1638400,5,4,508
44,medium,deepseekv4_attnmhc,wikitext2,1638400,5,5,500
44,medium,deepseekv4_attnmhc,wikitext2,1638400,5,6,559
44,medium,deepseekv4_attnmhc,wikitext2,1638400,5,7,443
44,medium,deepseekv4_attnmhc,wikitext2,1843200,0,0,313
44,medium,deepseekv4_attnmhc,wikitext2,1843200,0,1,226
44,medium,deepseekv4_attnmhc,wikitext2,1843200,0,2,414
44,medium,deepseekv4_attnmhc,wikitext2,1843200,0,3,936
44,medium,deepseekv4_attnmhc,wikitext2,1843200,0,4,435
44,medium,deepseekv4_attnmhc,wikitext2,1843200,0,5,590
44,medium,deepseekv4_attnmhc,wikitext2,1843200,0,6,274
44,medium,deepseekv4_attnmhc,wikitext2,1843200,0,7,908
44,medium,deepseekv4_attnmhc,wikitext2,1843200,1,0,331
44,medium,deepseekv4_attnmhc,wikitext2,1843200,1,1,372
44,medium,deepseekv4_attnmhc,wikitext2,1843200,1,2,1100
44,medium,deepseekv4_attnmhc,wikitext2,1843200,1,3,635
44,medium,deepseekv4_attnmhc,wikitext2,1843200,1,4,647
44,medium,deepseekv4_attnmhc,wikitext2,1843200,1,5,260
44,medium,deepseekv4_attnmhc,wikitext2,1843200,1,6,425
44,medium,deepseekv4_attnmhc,wikitext2,1843200,1,7,326
44,medium,deepseekv4_attnmhc,wikitext2,1843200,2,0,519
44,medium,deepseekv4_attnmhc,wikitext2,1843200,2,1,546
44,medium,deepseekv4_attnmhc,wikitext2,1843200,2,2,526
44,medium,deepseekv4_attnmhc,wikitext2,1843200,2,3,500
44,medium,deepseekv4_attnmhc,wikitext2,1843200,2,4,502
44,medium,deepseekv4_attnmhc,wikitext2,1843200,2,5,463
44,medium,deepseekv4_attnmhc,wikitext2,1843200,2,6,532
44,medium,deepseekv4_attnmhc,wikitext2,1843200,2,7,508
44,medium,deepseekv4_attnmhc,wikitext2,1843200,3,0,536
44,medium,deepseekv4_attnmhc,wikitext2,1843200,3,1,491
44,medium,deepseekv4_attnmhc,wikitext2,1843200,3,2,519
44,medium,deepseekv4_attnmhc,wikitext2,1843200,3,3,488
44,medium,deepseekv4_attnmhc,wikitext2,1843200,3,4,555
44,medium,deepseekv4_attnmhc,wikitext2,1843200,3,5,460
44,medium,deepseekv4_attnmhc,wikitext2,1843200,3,6,545
44,medium,deepseekv4_attnmhc,wikitext2,1843200,3,7,502
44,medium,deepseekv4_attnmhc,wikitext2,1843200,4,0,487
44,medium,deepseekv4_attnmhc,wikitext2,1843200,4,1,530
44,medium,deepseekv4_attnmhc,wikitext2,1843200,4,2,507
44,medium,deepseekv4_attnmhc,wikitext2,1843200,4,3,546
44,medium,deepseekv4_attnmhc,wikitext2,1843200,4,4,533
44,medium,deepseekv4_attnmhc,wikitext2,1843200,4,5,534
44,medium,deepseekv4_attnmhc,wikitext2,1843200,4,6,463
44,medium,deepseekv4_attnmhc,wikitext2,1843200,4,7,496
44,medium,deepseekv4_attnmhc,wikitext2,1843200,5,0,520
44,medium,deepseekv4_attnmhc,wikitext2,1843200,5,1,470
44,medium,deepseekv4_attnmhc,wikitext2,1843200,5,2,471
44,medium,deepseekv4_attnmhc,wikitext2,1843200,5,3,548
44,medium,deepseekv4_attnmhc,wikitext2,1843200,5,4,533
44,medium,deepseekv4_attnmhc,wikitext2,1843200,5,5,511
44,medium,deepseekv4_attnmhc,wikitext2,1843200,5,6,582
44,medium,deepseekv4_attnmhc,wikitext2,1843200,5,7,461
44,medium,deepseekv4_attnmhc,wikitext2,2048000,0,0,314
44,medium,deepseekv4_attnmhc,wikitext2,2048000,0,1,265
44,medium,deepseekv4_attnmhc,wikitext2,2048000,0,2,366
44,medium,deepseekv4_attnmhc,wikitext2,2048000,0,3,968
44,medium,deepseekv4_attnmhc,wikitext2,2048000,0,4,419
44,medium,deepseekv4_attnmhc,wikitext2,2048000,0,5,675
44,medium,deepseekv4_attnmhc,wikitext2,2048000,0,6,211
44,medium,deepseekv4_attnmhc,wikitext2,2048000,0,7,878
44,medium,deepseekv4_attnmhc,wikitext2,2048000,1,0,332
44,medium,deepseekv4_attnmhc,wikitext2,2048000,1,1,373
44,medium,deepseekv4_attnmhc,wikitext2,2048000,1,2,1080
44,medium,deepseekv4_attnmhc,wikitext2,2048000,1,3,584
44,medium,deepseekv4_attnmhc,wikitext2,2048000,1,4,638
44,medium,deepseekv4_attnmhc,wikitext2,2048000,1,5,236
44,medium,deepseekv4_attnmhc,wikitext2,2048000,1,6,443
44,medium,deepseekv4_attnmhc,wikitext2,2048000,1,7,410
44,medium,deepseekv4_attnmhc,wikitext2,2048000,2,0,566
44,medium,deepseekv4_attnmhc,wikitext2,2048000,2,1,479
44,medium,deepseekv4_attnmhc,wikitext2,2048000,2,2,514
44,medium,deepseekv4_attnmhc,wikitext2,2048000,2,3,485
44,medium,deepseekv4_attnmhc,wikitext2,2048000,2,4,492
44,medium,deepseekv4_attnmhc,wikitext2,2048000,2,5,533
44,medium,deepseekv4_attnmhc,wikitext2,2048000,2,6,511
44,medium,deepseekv4_attnmhc,wikitext2,2048000,2,7,516
44,medium,deepseekv4_attnmhc,wikitext2,2048000,3,0,518
44,medium,deepseekv4_attnmhc,wikitext2,2048000,3,1,565
44,medium,deepseekv4_attnmhc,wikitext2,2048000,3,2,492
44,medium,deepseekv4_attnmhc,wikitext2,2048000,3,3,522
44,medium,deepseekv4_attnmhc,wikitext2,2048000,3,4,507
44,medium,deepseekv4_attnmhc,wikitext2,2048000,3,5,512
44,medium,deepseekv4_attnmhc,wikitext2,2048000,3,6,505
44,medium,deepseekv4_attnmhc,wikitext2,2048000,3,7,475
44,medium,deepseekv4_attnmhc,wikitext2,2048000,4,0,552
44,medium,deepseekv4_attnmhc,wikitext2,2048000,4,1,548
44,medium,deepseekv4_attnmhc,wikitext2,2048000,4,2,483
44,medium,deepseekv4_attnmhc,wikitext2,2048000,4,3,511
44,medium,deepseekv4_attnmhc,wikitext2,2048000,4,4,551
44,medium,deepseekv4_attnmhc,wikitext2,2048000,4,5,533
44,medium,deepseekv4_attnmhc,wikitext2,2048000,4,6,459
44,medium,deepseekv4_attnmhc,wikitext2,2048000,4,7,459
44,medium,deepseekv4_attnmhc,wikitext2,2048000,5,0,497
44,medium,deepseekv4_attnmhc,wikitext2,2048000,5,1,509
44,medium,deepseekv4_attnmhc,wikitext2,2048000,5,2,512
44,medium,deepseekv4_attnmhc,wikitext2,2048000,5,3,499
44,medium,deepseekv4_attnmhc,wikitext2,2048000,5,4,515
44,medium,deepseekv4_attnmhc,wikitext2,2048000,5,5,434
44,medium,deepseekv4_attnmhc,wikitext2,2048000,5,6,537
44,medium,deepseekv4_attnmhc,wikitext2,2048000,5,7,593
44,medium,deepseekv4_attnmhc_2h,wikitext2,2048,0,0,327
44,medium,deepseekv4_attnmhc_2h,wikitext2,2048,0,1,224
44,medium,deepseekv4_attnmhc_2h,wikitext2,2048,0,2,359
44,medium,deepseekv4_attnmhc_2h,wikitext2,2048,0,3,957
44,medium,deepseekv4_attnmhc_2h,wikitext2,2048,0,4,400
44,medium,deepseekv4_attnmhc_2h,wikitext2,2048,0,5,689
44,medium,deepseekv4_attnmhc_2h,wikitext2,2048,0,6,239
44,medium,deepseekv4_attnmhc_2h,wikitext2,2048,0,7,901
44,medium,deepseekv4_attnmhc_2h,wikitext2,2048,1,0,322
44,medium,deepseekv4_attnmhc_2h,wikitext2,2048,1,1,373
44,medium,deepseekv4_attnmhc_2h,wikitext2,2048,1,2,1040
44,medium,deepseekv4_attnmhc_2h,wikitext2,2048,1,3,618
44,medium,deepseekv4_attnmhc_2h,wikitext2,2048,1,4,615
44,medium,deepseekv4_attnmhc_2h,wikitext2,2048,1,5,274
44,medium,deepseekv4_attnmhc_2h,wikitext2,2048,1,6,471
44,medium,deepseekv4_attnmhc_2h,wikitext2,2048,1,7,383
44,medium,deepseekv4_attnmhc_2h,wikitext2,2048,2,0,832
44,medium,deepseekv4_attnmhc_2h,wikitext2,2048,2,1,686
44,medium,deepseekv4_attnmhc_2h,wikitext2,2048,2,2,413
44,medium,deepseekv4_attnmhc_2h,wikitext2,2048,2,3,462
44,medium,deepseekv4_attnmhc_2h,wikitext2,2048,2,4,165
44,medium,deepseekv4_attnmhc_2h,wikitext2,2048,2,5,238
44,medium,deepseekv4_attnmhc_2h,wikitext2,2048,2,6,526
44,medium,deepseekv4_attnmhc_2h,wikitext2,2048,2,7,774
44,medium,deepseekv4_attnmhc_2h,wikitext2,2048,3,0,361
44,medium,deepseekv4_attnmhc_2h,wikitext2,2048,3,1,404
44,medium,deepseekv4_attnmhc_2h,wikitext2,2048,3,2,372
44,medium,deepseekv4_attnmhc_2h,wikitext2,2048,3,3,528
44,medium,deepseekv4_attnmhc_2h,wikitext2,2048,3,4,430
44,medium,deepseekv4_attnmhc_2h,wikitext2,2048,3,5,879
44,medium,deepseekv4_attnmhc_2h,wikitext2,2048,3,6,154
44,medium,deepseekv4_attnmhc_2h,wikitext2,2048,3,7,968
44,medium,deepseekv4_attnmhc_2h,wikitext2,2048,4,0,442
44,medium,deepseekv4_attnmhc_2h,wikitext2,2048,4,1,472
44,medium,deepseekv4_attnmhc_2h,wikitext2,2048,4,2,514
44,medium,deepseekv4_attnmhc_2h,wikitext2,2048,4,3,462
44,medium,deepseekv4_attnmhc_2h,wikitext2,2048,4,4,476
44,medium,deepseekv4_attnmhc_2h,wikitext2,2048,4,5,585
44,medium,deepseekv4_attnmhc_2h,wikitext2,2048,4,6,679
44,medium,deepseekv4_attnmhc_2h,wikitext2,2048,4,7,466
44,medium,deepseekv4_attnmhc_2h,wikitext2,2048,5,0,420
44,medium,deepseekv4_attnmhc_2h,wikitext2,2048,5,1,739
44,medium,deepseekv4_attnmhc_2h,wikitext2,2048,5,2,512
44,medium,deepseekv4_attnmhc_2h,wikitext2,2048,5,3,557
44,medium,deepseekv4_attnmhc_2h,wikitext2,2048,5,4,681
44,medium,deepseekv4_attnmhc_2h,wikitext2,2048,5,5,467
44,medium,deepseekv4_attnmhc_2h,wikitext2,2048,5,6,342
44,medium,deepseekv4_attnmhc_2h,wikitext2,2048,5,7,378
44,medium,deepseekv4_attnmhc_2h,wikitext2,204800,0,0,347
44,medium,deepseekv4_attnmhc_2h,wikitext2,204800,0,1,254
44,medium,deepseekv4_attnmhc_2h,wikitext2,204800,0,2,378
44,medium,deepseekv4_attnmhc_2h,wikitext2,204800,0,3,936
44,medium,deepseekv4_attnmhc_2h,wikitext2,204800,0,4,427
44,medium,deepseekv4_attnmhc_2h,wikitext2,204800,0,5,667
44,medium,deepseekv4_attnmhc_2h,wikitext2,204800,0,6,240
44,medium,deepseekv4_attnmhc_2h,wikitext2,204800,0,7,847
44,medium,deepseekv4_attnmhc_2h,wikitext2,204800,1,0,316
44,medium,deepseekv4_attnmhc_2h,wikitext2,204800,1,1,392
44,medium,deepseekv4_attnmhc_2h,wikitext2,204800,1,2,1068
44,medium,deepseekv4_attnmhc_2h,wikitext2,204800,1,3,596
44,medium,deepseekv4_attnmhc_2h,wikitext2,204800,1,4,621
44,medium,deepseekv4_attnmhc_2h,wikitext2,204800,1,5,245
44,medium,deepseekv4_attnmhc_2h,wikitext2,204800,1,6,464
44,medium,deepseekv4_attnmhc_2h,wikitext2,204800,1,7,394
44,medium,deepseekv4_attnmhc_2h,wikitext2,204800,2,0,453
44,medium,deepseekv4_attnmhc_2h,wikitext2,204800,2,1,760
44,medium,deepseekv4_attnmhc_2h,wikitext2,204800,2,2,417
44,medium,deepseekv4_attnmhc_2h,wikitext2,204800,2,3,495
44,medium,deepseekv4_attnmhc_2h,wikitext2,204800,2,4,732
44,medium,deepseekv4_attnmhc_2h,wikitext2,204800,2,5,260
44,medium,deepseekv4_attnmhc_2h,wikitext2,204800,2,6,437
44,medium,deepseekv4_attnmhc_2h,wikitext2,204800,2,7,542
44,medium,deepseekv4_attnmhc_2h,wikitext2,204800,3,0,634
44,medium,deepseekv4_attnmhc_2h,wikitext2,204800,3,1,439
44,medium,deepseekv4_attnmhc_2h,wikitext2,204800,3,2,458
44,medium,deepseekv4_attnmhc_2h,wikitext2,204800,3,3,322
44,medium,deepseekv4_attnmhc_2h,wikitext2,204800,3,4,557
44,medium,deepseekv4_attnmhc_2h,wikitext2,204800,3,5,406
44,medium,deepseekv4_attnmhc_2h,wikitext2,204800,3,6,610
44,medium,deepseekv4_attnmhc_2h,wikitext2,204800,3,7,670
44,medium,deepseekv4_attnmhc_2h,wikitext2,204800,4,0,601
44,medium,deepseekv4_attnmhc_2h,wikitext2,204800,4,1,722
44,medium,deepseekv4_attnmhc_2h,wikitext2,204800,4,2,332
44,medium,deepseekv4_attnmhc_2h,wikitext2,204800,4,3,590
44,medium,deepseekv4_attnmhc_2h,wikitext2,204800,4,4,437
44,medium,deepseekv4_attnmhc_2h,wikitext2,204800,4,5,529
44,medium,deepseekv4_attnmhc_2h,wikitext2,204800,4,6,287
44,medium,deepseekv4_attnmhc_2h,wikitext2,204800,4,7,598
44,medium,deepseekv4_attnmhc_2h,wikitext2,204800,5,0,625
44,medium,deepseekv4_attnmhc_2h,wikitext2,204800,5,1,452
44,medium,deepseekv4_attnmhc_2h,wikitext2,204800,5,2,501
44,medium,deepseekv4_attnmhc_2h,wikitext2,204800,5,3,423
44,medium,deepseekv4_attnmhc_2h,wikitext2,204800,5,4,415
44,medium,deepseekv4_attnmhc_2h,wikitext2,204800,5,5,516
44,medium,deepseekv4_attnmhc_2h,wikitext2,204800,5,6,836
44,medium,deepseekv4_attnmhc_2h,wikitext2,204800,5,7,328
44,medium,deepseekv4_attnmhc_2h,wikitext2,409600,0,0,318
44,medium,deepseekv4_attnmhc_2h,wikitext2,409600,0,1,242
44,medium,deepseekv4_attnmhc_2h,wikitext2,409600,0,2,376
44,medium,deepseekv4_attnmhc_2h,wikitext2,409600,0,3,953
44,medium,deepseekv4_attnmhc_2h,wikitext2,409600,0,4,396
44,medium,deepseekv4_attnmhc_2h,wikitext2,409600,0,5,676
44,medium,deepseekv4_attnmhc_2h,wikitext2,409600,0,6,250
44,medium,deepseekv4_attnmhc_2h,wikitext2,409600,0,7,885
44,medium,deepseekv4_attnmhc_2h,wikitext2,409600,1,0,294
44,medium,deepseekv4_attnmhc_2h,wikitext2,409600,1,1,374
44,medium,deepseekv4_attnmhc_2h,wikitext2,409600,1,2,1052
44,medium,deepseekv4_attnmhc_2h,wikitext2,409600,1,3,624
44,medium,deepseekv4_attnmhc_2h,wikitext2,409600,1,4,608
44,medium,deepseekv4_attnmhc_2h,wikitext2,409600,1,5,283
44,medium,deepseekv4_attnmhc_2h,wikitext2,409600,1,6,477
44,medium,deepseekv4_attnmhc_2h,wikitext2,409600,1,7,384
44,medium,deepseekv4_attnmhc_2h,wikitext2,409600,2,0,528
44,medium,deepseekv4_attnmhc_2h,wikitext2,409600,2,1,523
44,medium,deepseekv4_attnmhc_2h,wikitext2,409600,2,2,552
44,medium,deepseekv4_attnmhc_2h,wikitext2,409600,2,3,630
44,medium,deepseekv4_attnmhc_2h,wikitext2,409600,2,4,562
44,medium,deepseekv4_attnmhc_2h,wikitext2,409600,2,5,293
44,medium,deepseekv4_attnmhc_2h,wikitext2,409600,2,6,655
44,medium,deepseekv4_attnmhc_2h,wikitext2,409600,2,7,353
44,medium,deepseekv4_attnmhc_2h,wikitext2,409600,3,0,478
44,medium,deepseekv4_attnmhc_2h,wikitext2,409600,3,1,435
44,medium,deepseekv4_attnmhc_2h,wikitext2,409600,3,2,567
44,medium,deepseekv4_attnmhc_2h,wikitext2,409600,3,3,447
44,medium,deepseekv4_attnmhc_2h,wikitext2,409600,3,4,588
44,medium,deepseekv4_attnmhc_2h,wikitext2,409600,3,5,550
44,medium,deepseekv4_attnmhc_2h,wikitext2,409600,3,6,638
44,medium,deepseekv4_attnmhc_2h,wikitext2,409600,3,7,393
44,medium,deepseekv4_attnmhc_2h,wikitext2,409600,4,0,522
44,medium,deepseekv4_attnmhc_2h,wikitext2,409600,4,1,498
44,medium,deepseekv4_attnmhc_2h,wikitext2,409600,4,2,494
44,medium,deepseekv4_attnmhc_2h,wikitext2,409600,4,3,440
44,medium,deepseekv4_attnmhc_2h,wikitext2,409600,4,4,578
44,medium,deepseekv4_attnmhc_2h,wikitext2,409600,4,5,499
44,medium,deepseekv4_attnmhc_2h,wikitext2,409600,4,6,329
44,medium,deepseekv4_attnmhc_2h,wikitext2,409600,4,7,736
44,medium,deepseekv4_attnmhc_2h,wikitext2,409600,5,0,422
44,medium,deepseekv4_attnmhc_2h,wikitext2,409600,5,1,652
44,medium,deepseekv4_attnmhc_2h,wikitext2,409600,5,2,518
44,medium,deepseekv4_attnmhc_2h,wikitext2,409600,5,3,319
44,medium,deepseekv4_attnmhc_2h,wikitext2,409600,5,4,493
44,medium,deepseekv4_attnmhc_2h,wikitext2,409600,5,5,551
44,medium,deepseekv4_attnmhc_2h,wikitext2,409600,5,6,651
44,medium,deepseekv4_attnmhc_2h,wikitext2,409600,5,7,490
44,medium,deepseekv4_attnmhc_2h,wikitext2,614400,0,0,318
44,medium,deepseekv4_attnmhc_2h,wikitext2,614400,0,1,264
44,medium,deepseekv4_attnmhc_2h,wikitext2,614400,0,2,388
44,medium,deepseekv4_attnmhc_2h,wikitext2,614400,0,3,945
44,medium,deepseekv4_attnmhc_2h,wikitext2,614400,0,4,392
44,medium,deepseekv4_attnmhc_2h,wikitext2,614400,0,5,650
44,medium,deepseekv4_attnmhc_2h,wikitext2,614400,0,6,258
44,medium,deepseekv4_attnmhc_2h,wikitext2,614400,0,7,881
44,medium,deepseekv4_attnmhc_2h,wikitext2,614400,1,0,304
44,medium,deepseekv4_attnmhc_2h,wikitext2,614400,1,1,402
44,medium,deepseekv4_attnmhc_2h,wikitext2,614400,1,2,1059
44,medium,deepseekv4_attnmhc_2h,wikitext2,614400,1,3,608
44,medium,deepseekv4_attnmhc_2h,wikitext2,614400,1,4,648
44,medium,deepseekv4_attnmhc_2h,wikitext2,614400,1,5,262
44,medium,deepseekv4_attnmhc_2h,wikitext2,614400,1,6,450
44,medium,deepseekv4_attnmhc_2h,wikitext2,614400,1,7,363
44,medium,deepseekv4_attnmhc_2h,wikitext2,614400,2,0,483
44,medium,deepseekv4_attnmhc_2h,wikitext2,614400,2,1,591
44,medium,deepseekv4_attnmhc_2h,wikitext2,614400,2,2,481
44,medium,deepseekv4_attnmhc_2h,wikitext2,614400,2,3,496
44,medium,deepseekv4_attnmhc_2h,wikitext2,614400,2,4,510
44,medium,deepseekv4_attnmhc_2h,wikitext2,614400,2,5,445
44,medium,deepseekv4_attnmhc_2h,wikitext2,614400,2,6,590
44,medium,deepseekv4_attnmhc_2h,wikitext2,614400,2,7,500
44,medium,deepseekv4_attnmhc_2h,wikitext2,614400,3,0,442
44,medium,deepseekv4_attnmhc_2h,wikitext2,614400,3,1,450
44,medium,deepseekv4_attnmhc_2h,wikitext2,614400,3,2,529
44,medium,deepseekv4_attnmhc_2h,wikitext2,614400,3,3,456
44,medium,deepseekv4_attnmhc_2h,wikitext2,614400,3,4,524
44,medium,deepseekv4_attnmhc_2h,wikitext2,614400,3,5,507
44,medium,deepseekv4_attnmhc_2h,wikitext2,614400,3,6,666
44,medium,deepseekv4_attnmhc_2h,wikitext2,614400,3,7,522
44,medium,deepseekv4_attnmhc_2h,wikitext2,614400,4,0,478
44,medium,deepseekv4_attnmhc_2h,wikitext2,614400,4,1,553
44,medium,deepseekv4_attnmhc_2h,wikitext2,614400,4,2,561
44,medium,deepseekv4_attnmhc_2h,wikitext2,614400,4,3,557
44,medium,deepseekv4_attnmhc_2h,wikitext2,614400,4,4,548
44,medium,deepseekv4_attnmhc_2h,wikitext2,614400,4,5,473
44,medium,deepseekv4_attnmhc_2h,wikitext2,614400,4,6,284
44,medium,deepseekv4_attnmhc_2h,wikitext2,614400,4,7,642
44,medium,deepseekv4_attnmhc_2h,wikitext2,614400,5,0,479
44,medium,deepseekv4_attnmhc_2h,wikitext2,614400,5,1,542
44,medium,deepseekv4_attnmhc_2h,wikitext2,614400,5,2,414
44,medium,deepseekv4_attnmhc_2h,wikitext2,614400,5,3,424
44,medium,deepseekv4_attnmhc_2h,wikitext2,614400,5,4,536
44,medium,deepseekv4_attnmhc_2h,wikitext2,614400,5,5,516
44,medium,deepseekv4_attnmhc_2h,wikitext2,614400,5,6,580
44,medium,deepseekv4_attnmhc_2h,wikitext2,614400,5,7,605
44,medium,deepseekv4_attnmhc_2h,wikitext2,819200,0,0,354
44,medium,deepseekv4_attnmhc_2h,wikitext2,819200,0,1,236
44,medium,deepseekv4_attnmhc_2h,wikitext2,819200,0,2,359
44,medium,deepseekv4_attnmhc_2h,wikitext2,819200,0,3,960
44,medium,deepseekv4_attnmhc_2h,wikitext2,819200,0,4,400
44,medium,deepseekv4_attnmhc_2h,wikitext2,819200,0,5,678
44,medium,deepseekv4_attnmhc_2h,wikitext2,819200,0,6,243
44,medium,deepseekv4_attnmhc_2h,wikitext2,819200,0,7,866
44,medium,deepseekv4_attnmhc_2h,wikitext2,819200,1,0,332
44,medium,deepseekv4_attnmhc_2h,wikitext2,819200,1,1,372
44,medium,deepseekv4_attnmhc_2h,wikitext2,819200,1,2,1070
44,medium,deepseekv4_attnmhc_2h,wikitext2,819200,1,3,604
44,medium,deepseekv4_attnmhc_2h,wikitext2,819200,1,4,628
44,medium,deepseekv4_attnmhc_2h,wikitext2,819200,1,5,260
44,medium,deepseekv4_attnmhc_2h,wikitext2,819200,1,6,446
44,medium,deepseekv4_attnmhc_2h,wikitext2,819200,1,7,384
44,medium,deepseekv4_attnmhc_2h,wikitext2,819200,2,0,502
44,medium,deepseekv4_attnmhc_2h,wikitext2,819200,2,1,654
44,medium,deepseekv4_attnmhc_2h,wikitext2,819200,2,2,590
44,medium,deepseekv4_attnmhc_2h,wikitext2,819200,2,3,511
44,medium,deepseekv4_attnmhc_2h,wikitext2,819200,2,4,449
44,medium,deepseekv4_attnmhc_2h,wikitext2,819200,2,5,435
44,medium,deepseekv4_attnmhc_2h,wikitext2,819200,2,6,516
44,medium,deepseekv4_attnmhc_2h,wikitext2,819200,2,7,439
44,medium,deepseekv4_attnmhc_2h,wikitext2,819200,3,0,436
44,medium,deepseekv4_attnmhc_2h,wikitext2,819200,3,1,488
44,medium,deepseekv4_attnmhc_2h,wikitext2,819200,3,2,552
44,medium,deepseekv4_attnmhc_2h,wikitext2,819200,3,3,615
44,medium,deepseekv4_attnmhc_2h,wikitext2,819200,3,4,541
44,medium,deepseekv4_attnmhc_2h,wikitext2,819200,3,5,472
44,medium,deepseekv4_attnmhc_2h,wikitext2,819200,3,6,533
44,medium,deepseekv4_attnmhc_2h,wikitext2,819200,3,7,459
44,medium,deepseekv4_attnmhc_2h,wikitext2,819200,4,0,589
44,medium,deepseekv4_attnmhc_2h,wikitext2,819200,4,1,499
44,medium,deepseekv4_attnmhc_2h,wikitext2,819200,4,2,478
44,medium,deepseekv4_attnmhc_2h,wikitext2,819200,4,3,444
44,medium,deepseekv4_attnmhc_2h,wikitext2,819200,4,4,482
44,medium,deepseekv4_attnmhc_2h,wikitext2,819200,4,5,570
44,medium,deepseekv4_attnmhc_2h,wikitext2,819200,4,6,558
44,medium,deepseekv4_attnmhc_2h,wikitext2,819200,4,7,476
44,medium,deepseekv4_attnmhc_2h,wikitext2,819200,5,0,482
44,medium,deepseekv4_attnmhc_2h,wikitext2,819200,5,1,507
44,medium,deepseekv4_attnmhc_2h,wikitext2,819200,5,2,557
44,medium,deepseekv4_attnmhc_2h,wikitext2,819200,5,3,421
44,medium,deepseekv4_attnmhc_2h,wikitext2,819200,5,4,540
44,medium,deepseekv4_attnmhc_2h,wikitext2,819200,5,5,464
44,medium,deepseekv4_attnmhc_2h,wikitext2,819200,5,6,557
44,medium,deepseekv4_attnmhc_2h,wikitext2,819200,5,7,568
44,medium,deepseekv4_attnmhc_2h,wikitext2,1024000,0,0,308
44,medium,deepseekv4_attnmhc_2h,wikitext2,1024000,0,1,236
44,medium,deepseekv4_attnmhc_2h,wikitext2,1024000,0,2,389
44,medium,deepseekv4_attnmhc_2h,wikitext2,1024000,0,3,969
44,medium,deepseekv4_attnmhc_2h,wikitext2,1024000,0,4,409
44,medium,deepseekv4_attnmhc_2h,wikitext2,1024000,0,5,645
44,medium,deepseekv4_attnmhc_2h,wikitext2,1024000,0,6,245
44,medium,deepseekv4_attnmhc_2h,wikitext2,1024000,0,7,895
44,medium,deepseekv4_attnmhc_2h,wikitext2,1024000,1,0,334
44,medium,deepseekv4_attnmhc_2h,wikitext2,1024000,1,1,386
44,medium,deepseekv4_attnmhc_2h,wikitext2,1024000,1,2,1066
44,medium,deepseekv4_attnmhc_2h,wikitext2,1024000,1,3,598
44,medium,deepseekv4_attnmhc_2h,wikitext2,1024000,1,4,602
44,medium,deepseekv4_attnmhc_2h,wikitext2,1024000,1,5,290
44,medium,deepseekv4_attnmhc_2h,wikitext2,1024000,1,6,437
44,medium,deepseekv4_attnmhc_2h,wikitext2,1024000,1,7,383
44,medium,deepseekv4_attnmhc_2h,wikitext2,1024000,2,0,526
44,medium,deepseekv4_attnmhc_2h,wikitext2,1024000,2,1,620
44,medium,deepseekv4_attnmhc_2h,wikitext2,1024000,2,2,544
44,medium,deepseekv4_attnmhc_2h,wikitext2,1024000,2,3,493
44,medium,deepseekv4_attnmhc_2h,wikitext2,1024000,2,4,449
44,medium,deepseekv4_attnmhc_2h,wikitext2,1024000,2,5,418
44,medium,deepseekv4_attnmhc_2h,wikitext2,1024000,2,6,504
44,medium,deepseekv4_attnmhc_2h,wikitext2,1024000,2,7,542
44,medium,deepseekv4_attnmhc_2h,wikitext2,1024000,3,0,586
44,medium,deepseekv4_attnmhc_2h,wikitext2,1024000,3,1,458
44,medium,deepseekv4_attnmhc_2h,wikitext2,1024000,3,2,483
44,medium,deepseekv4_attnmhc_2h,wikitext2,1024000,3,3,601
44,medium,deepseekv4_attnmhc_2h,wikitext2,1024000,3,4,503
44,medium,deepseekv4_attnmhc_2h,wikitext2,1024000,3,5,518
44,medium,deepseekv4_attnmhc_2h,wikitext2,1024000,3,6,569
44,medium,deepseekv4_attnmhc_2h,wikitext2,1024000,3,7,378
44,medium,deepseekv4_attnmhc_2h,wikitext2,1024000,4,0,513
44,medium,deepseekv4_attnmhc_2h,wikitext2,1024000,4,1,475
44,medium,deepseekv4_attnmhc_2h,wikitext2,1024000,4,2,475
44,medium,deepseekv4_attnmhc_2h,wikitext2,1024000,4,3,570
44,medium,deepseekv4_attnmhc_2h,wikitext2,1024000,4,4,480
44,medium,deepseekv4_attnmhc_2h,wikitext2,1024000,4,5,519
44,medium,deepseekv4_attnmhc_2h,wikitext2,1024000,4,6,517
44,medium,deepseekv4_attnmhc_2h,wikitext2,1024000,4,7,547
44,medium,deepseekv4_attnmhc_2h,wikitext2,1024000,5,0,538
44,medium,deepseekv4_attnmhc_2h,wikitext2,1024000,5,1,526
44,medium,deepseekv4_attnmhc_2h,wikitext2,1024000,5,2,480
44,medium,deepseekv4_attnmhc_2h,wikitext2,1024000,5,3,515
44,medium,deepseekv4_attnmhc_2h,wikitext2,1024000,5,4,517
44,medium,deepseekv4_attnmhc_2h,wikitext2,1024000,5,5,525
44,medium,deepseekv4_attnmhc_2h,wikitext2,1024000,5,6,513
44,medium,deepseekv4_attnmhc_2h,wikitext2,1024000,5,7,482
44,medium,deepseekv4_attnmhc_2h,wikitext2,1228800,0,0,322
44,medium,deepseekv4_attnmhc_2h,wikitext2,1228800,0,1,220
44,medium,deepseekv4_attnmhc_2h,wikitext2,1228800,0,2,387
44,medium,deepseekv4_attnmhc_2h,wikitext2,1228800,0,3,934
44,medium,deepseekv4_attnmhc_2h,wikitext2,1228800,0,4,400
44,medium,deepseekv4_attnmhc_2h,wikitext2,1228800,0,5,652
44,medium,deepseekv4_attnmhc_2h,wikitext2,1228800,0,6,255
44,medium,deepseekv4_attnmhc_2h,wikitext2,1228800,0,7,926
44,medium,deepseekv4_attnmhc_2h,wikitext2,1228800,1,0,347
44,medium,deepseekv4_attnmhc_2h,wikitext2,1228800,1,1,389
44,medium,deepseekv4_attnmhc_2h,wikitext2,1228800,1,2,1048
44,medium,deepseekv4_attnmhc_2h,wikitext2,1228800,1,3,600
44,medium,deepseekv4_attnmhc_2h,wikitext2,1228800,1,4,569
44,medium,deepseekv4_attnmhc_2h,wikitext2,1228800,1,5,275
44,medium,deepseekv4_attnmhc_2h,wikitext2,1228800,1,6,461
44,medium,deepseekv4_attnmhc_2h,wikitext2,1228800,1,7,407
44,medium,deepseekv4_attnmhc_2h,wikitext2,1228800,2,0,470
44,medium,deepseekv4_attnmhc_2h,wikitext2,1228800,2,1,558
44,medium,deepseekv4_attnmhc_2h,wikitext2,1228800,2,2,447
44,medium,deepseekv4_attnmhc_2h,wikitext2,1228800,2,3,511
44,medium,deepseekv4_attnmhc_2h,wikitext2,1228800,2,4,497
44,medium,deepseekv4_attnmhc_2h,wikitext2,1228800,2,5,491
44,medium,deepseekv4_attnmhc_2h,wikitext2,1228800,2,6,480
44,medium,deepseekv4_attnmhc_2h,wikitext2,1228800,2,7,642
44,medium,deepseekv4_attnmhc_2h,wikitext2,1228800,3,0,463
44,medium,deepseekv4_attnmhc_2h,wikitext2,1228800,3,1,442
44,medium,deepseekv4_attnmhc_2h,wikitext2,1228800,3,2,664
44,medium,deepseekv4_attnmhc_2h,wikitext2,1228800,3,3,533
44,medium,deepseekv4_attnmhc_2h,wikitext2,1228800,3,4,515
44,medium,deepseekv4_attnmhc_2h,wikitext2,1228800,3,5,525
44,medium,deepseekv4_attnmhc_2h,wikitext2,1228800,3,6,482
44,medium,deepseekv4_attnmhc_2h,wikitext2,1228800,3,7,472
44,medium,deepseekv4_attnmhc_2h,wikitext2,1228800,4,0,450
44,medium,deepseekv4_attnmhc_2h,wikitext2,1228800,4,1,526
44,medium,deepseekv4_attnmhc_2h,wikitext2,1228800,4,2,573
44,medium,deepseekv4_attnmhc_2h,wikitext2,1228800,4,3,552
44,medium,deepseekv4_attnmhc_2h,wikitext2,1228800,4,4,518
44,medium,deepseekv4_attnmhc_2h,wikitext2,1228800,4,5,467
44,medium,deepseekv4_attnmhc_2h,wikitext2,1228800,4,6,490
44,medium,deepseekv4_attnmhc_2h,wikitext2,1228800,4,7,520
44,medium,deepseekv4_attnmhc_2h,wikitext2,1228800,5,0,530
44,medium,deepseekv4_attnmhc_2h,wikitext2,1228800,5,1,586
44,medium,deepseekv4_attnmhc_2h,wikitext2,1228800,5,2,490
44,medium,deepseekv4_attnmhc_2h,wikitext2,1228800,5,3,521
44,medium,deepseekv4_attnmhc_2h,wikitext2,1228800,5,4,480
44,medium,deepseekv4_attnmhc_2h,wikitext2,1228800,5,5,605
44,medium,deepseekv4_attnmhc_2h,wikitext2,1228800,5,6,423
44,medium,deepseekv4_attnmhc_2h,wikitext2,1228800,5,7,461
44,medium,deepseekv4_attnmhc_2h,wikitext2,1433600,0,0,324
44,medium,deepseekv4_attnmhc_2h,wikitext2,1433600,0,1,262
44,medium,deepseekv4_attnmhc_2h,wikitext2,1433600,0,2,364
44,medium,deepseekv4_attnmhc_2h,wikitext2,1433600,0,3,959
44,medium,deepseekv4_attnmhc_2h,wikitext2,1433600,0,4,382
44,medium,deepseekv4_attnmhc_2h,wikitext2,1433600,0,5,673
44,medium,deepseekv4_attnmhc_2h,wikitext2,1433600,0,6,240
44,medium,deepseekv4_attnmhc_2h,wikitext2,1433600,0,7,892
44,medium,deepseekv4_attnmhc_2h,wikitext2,1433600,1,0,320
44,medium,deepseekv4_attnmhc_2h,wikitext2,1433600,1,1,414
44,medium,deepseekv4_attnmhc_2h,wikitext2,1433600,1,2,1043
44,medium,deepseekv4_attnmhc_2h,wikitext2,1433600,1,3,582
44,medium,deepseekv4_attnmhc_2h,wikitext2,1433600,1,4,625
44,medium,deepseekv4_attnmhc_2h,wikitext2,1433600,1,5,245
44,medium,deepseekv4_attnmhc_2h,wikitext2,1433600,1,6,461
44,medium,deepseekv4_attnmhc_2h,wikitext2,1433600,1,7,406
44,medium,deepseekv4_attnmhc_2h,wikitext2,1433600,2,0,508
44,medium,deepseekv4_attnmhc_2h,wikitext2,1433600,2,1,520
44,medium,deepseekv4_attnmhc_2h,wikitext2,1433600,2,2,539
44,medium,deepseekv4_attnmhc_2h,wikitext2,1433600,2,3,573
44,medium,deepseekv4_attnmhc_2h,wikitext2,1433600,2,4,455
44,medium,deepseekv4_attnmhc_2h,wikitext2,1433600,2,5,477
44,medium,deepseekv4_attnmhc_2h,wikitext2,1433600,2,6,513
44,medium,deepseekv4_attnmhc_2h,wikitext2,1433600,2,7,511
44,medium,deepseekv4_attnmhc_2h,wikitext2,1433600,3,0,433
44,medium,deepseekv4_attnmhc_2h,wikitext2,1433600,3,1,512
44,medium,deepseekv4_attnmhc_2h,wikitext2,1433600,3,2,498
44,medium,deepseekv4_attnmhc_2h,wikitext2,1433600,3,3,492
44,medium,deepseekv4_attnmhc_2h,wikitext2,1433600,3,4,451
44,medium,deepseekv4_attnmhc_2h,wikitext2,1433600,3,5,524
44,medium,deepseekv4_attnmhc_2h,wikitext2,1433600,3,6,621
44,medium,deepseekv4_attnmhc_2h,wikitext2,1433600,3,7,565
44,medium,deepseekv4_attnmhc_2h,wikitext2,1433600,4,0,501
44,medium,deepseekv4_attnmhc_2h,wikitext2,1433600,4,1,580
44,medium,deepseekv4_attnmhc_2h,wikitext2,1433600,4,2,502
44,medium,deepseekv4_attnmhc_2h,wikitext2,1433600,4,3,500
44,medium,deepseekv4_attnmhc_2h,wikitext2,1433600,4,4,523
44,medium,deepseekv4_attnmhc_2h,wikitext2,1433600,4,5,521
44,medium,deepseekv4_attnmhc_2h,wikitext2,1433600,4,6,496
44,medium,deepseekv4_attnmhc_2h,wikitext2,1433600,4,7,473
44,medium,deepseekv4_attnmhc_2h,wikitext2,1433600,5,0,596
44,medium,deepseekv4_attnmhc_2h,wikitext2,1433600,5,1,588
44,medium,deepseekv4_attnmhc_2h,wikitext2,1433600,5,2,440
44,medium,deepseekv4_attnmhc_2h,wikitext2,1433600,5,3,446
44,medium,deepseekv4_attnmhc_2h,wikitext2,1433600,5,4,495
44,medium,deepseekv4_attnmhc_2h,wikitext2,1433600,5,5,486
44,medium,deepseekv4_attnmhc_2h,wikitext2,1433600,5,6,475
44,medium,deepseekv4_attnmhc_2h,wikitext2,1433600,5,7,570
44,medium,deepseekv4_attnmhc_2h,wikitext2,1638400,0,0,326
44,medium,deepseekv4_attnmhc_2h,wikitext2,1638400,0,1,221
44,medium,deepseekv4_attnmhc_2h,wikitext2,1638400,0,2,351
44,medium,deepseekv4_attnmhc_2h,wikitext2,1638400,0,3,977
44,medium,deepseekv4_attnmhc_2h,wikitext2,1638400,0,4,368
44,medium,deepseekv4_attnmhc_2h,wikitext2,1638400,0,5,728
44,medium,deepseekv4_attnmhc_2h,wikitext2,1638400,0,6,230
44,medium,deepseekv4_attnmhc_2h,wikitext2,1638400,0,7,895
44,medium,deepseekv4_attnmhc_2h,wikitext2,1638400,1,0,314
44,medium,deepseekv4_attnmhc_2h,wikitext2,1638400,1,1,352
44,medium,deepseekv4_attnmhc_2h,wikitext2,1638400,1,2,1046
44,medium,deepseekv4_attnmhc_2h,wikitext2,1638400,1,3,573
44,medium,deepseekv4_attnmhc_2h,wikitext2,1638400,1,4,661
44,medium,deepseekv4_attnmhc_2h,wikitext2,1638400,1,5,240
44,medium,deepseekv4_attnmhc_2h,wikitext2,1638400,1,6,497
44,medium,deepseekv4_attnmhc_2h,wikitext2,1638400,1,7,413
44,medium,deepseekv4_attnmhc_2h,wikitext2,1638400,2,0,519
44,medium,deepseekv4_attnmhc_2h,wikitext2,1638400,2,1,520
44,medium,deepseekv4_attnmhc_2h,wikitext2,1638400,2,2,512
44,medium,deepseekv4_attnmhc_2h,wikitext2,1638400,2,3,497
44,medium,deepseekv4_attnmhc_2h,wikitext2,1638400,2,4,504
44,medium,deepseekv4_attnmhc_2h,wikitext2,1638400,2,5,367
44,medium,deepseekv4_attnmhc_2h,wikitext2,1638400,2,6,549
44,medium,deepseekv4_attnmhc_2h,wikitext2,1638400,2,7,628
44,medium,deepseekv4_attnmhc_2h,wikitext2,1638400,3,0,463
44,medium,deepseekv4_attnmhc_2h,wikitext2,1638400,3,1,479
44,medium,deepseekv4_attnmhc_2h,wikitext2,1638400,3,2,489
44,medium,deepseekv4_attnmhc_2h,wikitext2,1638400,3,3,639
44,medium,deepseekv4_attnmhc_2h,wikitext2,1638400,3,4,437
44,medium,deepseekv4_attnmhc_2h,wikitext2,1638400,3,5,484
44,medium,deepseekv4_attnmhc_2h,wikitext2,1638400,3,6,531
44,medium,deepseekv4_attnmhc_2h,wikitext2,1638400,3,7,574
44,medium,deepseekv4_attnmhc_2h,wikitext2,1638400,4,0,585
44,medium,deepseekv4_attnmhc_2h,wikitext2,1638400,4,1,575
44,medium,deepseekv4_attnmhc_2h,wikitext2,1638400,4,2,459
44,medium,deepseekv4_attnmhc_2h,wikitext2,1638400,4,3,508
44,medium,deepseekv4_attnmhc_2h,wikitext2,1638400,4,4,527
44,medium,deepseekv4_attnmhc_2h,wikitext2,1638400,4,5,486
44,medium,deepseekv4_attnmhc_2h,wikitext2,1638400,4,6,516
44,medium,deepseekv4_attnmhc_2h,wikitext2,1638400,4,7,440
44,medium,deepseekv4_attnmhc_2h,wikitext2,1638400,5,0,579
44,medium,deepseekv4_attnmhc_2h,wikitext2,1638400,5,1,468
44,medium,deepseekv4_attnmhc_2h,wikitext2,1638400,5,2,546
44,medium,deepseekv4_attnmhc_2h,wikitext2,1638400,5,3,437
44,medium,deepseekv4_attnmhc_2h,wikitext2,1638400,5,4,481
44,medium,deepseekv4_attnmhc_2h,wikitext2,1638400,5,5,530
44,medium,deepseekv4_attnmhc_2h,wikitext2,1638400,5,6,511
44,medium,deepseekv4_attnmhc_2h,wikitext2,1638400,5,7,544
44,medium,deepseekv4_attnmhc_2h,wikitext2,1843200,0,0,313
44,medium,deepseekv4_attnmhc_2h,wikitext2,1843200,0,1,226
44,medium,deepseekv4_attnmhc_2h,wikitext2,1843200,0,2,414
44,medium,deepseekv4_attnmhc_2h,wikitext2,1843200,0,3,936
44,medium,deepseekv4_attnmhc_2h,wikitext2,1843200,0,4,435
44,medium,deepseekv4_attnmhc_2h,wikitext2,1843200,0,5,590
44,medium,deepseekv4_attnmhc_2h,wikitext2,1843200,0,6,274
44,medium,deepseekv4_attnmhc_2h,wikitext2,1843200,0,7,908
44,medium,deepseekv4_attnmhc_2h,wikitext2,1843200,1,0,331
44,medium,deepseekv4_attnmhc_2h,wikitext2,1843200,1,1,372
44,medium,deepseekv4_attnmhc_2h,wikitext2,1843200,1,2,1100
44,medium,deepseekv4_attnmhc_2h,wikitext2,1843200,1,3,635
44,medium,deepseekv4_attnmhc_2h,wikitext2,1843200,1,4,647
44,medium,deepseekv4_attnmhc_2h,wikitext2,1843200,1,5,260
44,medium,deepseekv4_attnmhc_2h,wikitext2,1843200,1,6,425
44,medium,deepseekv4_attnmhc_2h,wikitext2,1843200,1,7,326
44,medium,deepseekv4_attnmhc_2h,wikitext2,1843200,2,0,555
44,medium,deepseekv4_attnmhc_2h,wikitext2,1843200,2,1,540
44,medium,deepseekv4_attnmhc_2h,wikitext2,1843200,2,2,470
44,medium,deepseekv4_attnmhc_2h,wikitext2,1843200,2,3,491
44,medium,deepseekv4_attnmhc_2h,wikitext2,1843200,2,4,587
44,medium,deepseekv4_attnmhc_2h,wikitext2,1843200,2,5,422
44,medium,deepseekv4_attnmhc_2h,wikitext2,1843200,2,6,500
44,medium,deepseekv4_attnmhc_2h,wikitext2,1843200,2,7,531
44,medium,deepseekv4_attnmhc_2h,wikitext2,1843200,3,0,368
44,medium,deepseekv4_attnmhc_2h,wikitext2,1843200,3,1,657
44,medium,deepseekv4_attnmhc_2h,wikitext2,1843200,3,2,584
44,medium,deepseekv4_attnmhc_2h,wikitext2,1843200,3,3,588
44,medium,deepseekv4_attnmhc_2h,wikitext2,1843200,3,4,432
44,medium,deepseekv4_attnmhc_2h,wikitext2,1843200,3,5,577
44,medium,deepseekv4_attnmhc_2h,wikitext2,1843200,3,6,468
44,medium,deepseekv4_attnmhc_2h,wikitext2,1843200,3,7,422
44,medium,deepseekv4_attnmhc_2h,wikitext2,1843200,4,0,370
44,medium,deepseekv4_attnmhc_2h,wikitext2,1843200,4,1,527
44,medium,deepseekv4_attnmhc_2h,wikitext2,1843200,4,2,540
44,medium,deepseekv4_attnmhc_2h,wikitext2,1843200,4,3,528
44,medium,deepseekv4_attnmhc_2h,wikitext2,1843200,4,4,531
44,medium,deepseekv4_attnmhc_2h,wikitext2,1843200,4,5,537
44,medium,deepseekv4_attnmhc_2h,wikitext2,1843200,4,6,579
44,medium,deepseekv4_attnmhc_2h,wikitext2,1843200,4,7,484
44,medium,deepseekv4_attnmhc_2h,wikitext2,1843200,5,0,509
44,medium,deepseekv4_attnmhc_2h,wikitext2,1843200,5,1,508
44,medium,deepseekv4_attnmhc_2h,wikitext2,1843200,5,2,460
44,medium,deepseekv4_attnmhc_2h,wikitext2,1843200,5,3,612
44,medium,deepseekv4_attnmhc_2h,wikitext2,1843200,5,4,541
44,medium,deepseekv4_attnmhc_2h,wikitext2,1843200,5,5,495
44,medium,deepseekv4_attnmhc_2h,wikitext2,1843200,5,6,475
44,medium,deepseekv4_attnmhc_2h,wikitext2,1843200,5,7,496
44,medium,deepseekv4_attnmhc_2h,wikitext2,2048000,0,0,314
44,medium,deepseekv4_attnmhc_2h,wikitext2,2048000,0,1,265
44,medium,deepseekv4_attnmhc_2h,wikitext2,2048000,0,2,366
44,medium,deepseekv4_attnmhc_2h,wikitext2,2048000,0,3,968
44,medium,deepseekv4_attnmhc_2h,wikitext2,2048000,0,4,419
44,medium,deepseekv4_attnmhc_2h,wikitext2,2048000,0,5,675
44,medium,deepseekv4_attnmhc_2h,wikitext2,2048000,0,6,211
44,medium,deepseekv4_attnmhc_2h,wikitext2,2048000,0,7,878
44,medium,deepseekv4_attnmhc_2h,wikitext2,2048000,1,0,332
44,medium,deepseekv4_attnmhc_2h,wikitext2,2048000,1,1,373
44,medium,deepseekv4_attnmhc_2h,wikitext2,2048000,1,2,1080
44,medium,deepseekv4_attnmhc_2h,wikitext2,2048000,1,3,584
44,medium,deepseekv4_attnmhc_2h,wikitext2,2048000,1,4,638
44,medium,deepseekv4_attnmhc_2h,wikitext2,2048000,1,5,236
44,medium,deepseekv4_attnmhc_2h,wikitext2,2048000,1,6,443
44,medium,deepseekv4_attnmhc_2h,wikitext2,2048000,1,7,410
44,medium,deepseekv4_attnmhc_2h,wikitext2,2048000,2,0,477
44,medium,deepseekv4_attnmhc_2h,wikitext2,2048000,2,1,572
44,medium,deepseekv4_attnmhc_2h,wikitext2,2048000,2,2,501
44,medium,deepseekv4_attnmhc_2h,wikitext2,2048000,2,3,487
44,medium,deepseekv4_attnmhc_2h,wikitext2,2048000,2,4,552
44,medium,deepseekv4_attnmhc_2h,wikitext2,2048000,2,5,506
44,medium,deepseekv4_attnmhc_2h,wikitext2,2048000,2,6,475
44,medium,deepseekv4_attnmhc_2h,wikitext2,2048000,2,7,526
44,medium,deepseekv4_attnmhc_2h,wikitext2,2048000,3,0,545
44,medium,deepseekv4_attnmhc_2h,wikitext2,2048000,3,1,586
44,medium,deepseekv4_attnmhc_2h,wikitext2,2048000,3,2,499
44,medium,deepseekv4_attnmhc_2h,wikitext2,2048000,3,3,449
44,medium,deepseekv4_attnmhc_2h,wikitext2,2048000,3,4,532
44,medium,deepseekv4_attnmhc_2h,wikitext2,2048000,3,5,524
44,medium,deepseekv4_attnmhc_2h,wikitext2,2048000,3,6,480
44,medium,deepseekv4_attnmhc_2h,wikitext2,2048000,3,7,481
44,medium,deepseekv4_attnmhc_2h,wikitext2,2048000,4,0,515
44,medium,deepseekv4_attnmhc_2h,wikitext2,2048000,4,1,531
44,medium,deepseekv4_attnmhc_2h,wikitext2,2048000,4,2,454
44,medium,deepseekv4_attnmhc_2h,wikitext2,2048000,4,3,524
44,medium,deepseekv4_attnmhc_2h,wikitext2,2048000,4,4,514
44,medium,deepseekv4_attnmhc_2h,wikitext2,2048000,4,5,525
44,medium,deepseekv4_attnmhc_2h,wikitext2,2048000,4,6,561
44,medium,deepseekv4_attnmhc_2h,wikitext2,2048000,4,7,472
44,medium,deepseekv4_attnmhc_2h,wikitext2,2048000,5,0,481
44,medium,deepseekv4_attnmhc_2h,wikitext2,2048000,5,1,472
44,medium,deepseekv4_attnmhc_2h,wikitext2,2048000,5,2,578
44,medium,deepseekv4_attnmhc_2h,wikitext2,2048000,5,3,528
44,medium,deepseekv4_attnmhc_2h,wikitext2,2048000,5,4,488
44,medium,deepseekv4_attnmhc_2h,wikitext2,2048000,5,5,501
44,medium,deepseekv4_attnmhc_2h,wikitext2,2048000,5,6,552
44,medium,deepseekv4_attnmhc_2h,wikitext2,2048000,5,7,496
44,medium,deepseekv4_attnmhc_dnd,wikitext2,2048,0,0,327
44,medium,deepseekv4_attnmhc_dnd,wikitext2,2048,0,1,224
44,medium,deepseekv4_attnmhc_dnd,wikitext2,2048,0,2,359
44,medium,deepseekv4_attnmhc_dnd,wikitext2,2048,0,3,957
44,medium,deepseekv4_attnmhc_dnd,wikitext2,2048,0,4,400
44,medium,deepseekv4_attnmhc_dnd,wikitext2,2048,0,5,689
44,medium,deepseekv4_attnmhc_dnd,wikitext2,2048,0,6,239
44,medium,deepseekv4_attnmhc_dnd,wikitext2,2048,0,7,901
44,medium,deepseekv4_attnmhc_dnd,wikitext2,2048,1,0,322
44,medium,deepseekv4_attnmhc_dnd,wikitext2,2048,1,1,373
44,medium,deepseekv4_attnmhc_dnd,wikitext2,2048,1,2,1040
44,medium,deepseekv4_attnmhc_dnd,wikitext2,2048,1,3,618
44,medium,deepseekv4_attnmhc_dnd,wikitext2,2048,1,4,615
44,medium,deepseekv4_attnmhc_dnd,wikitext2,2048,1,5,274
44,medium,deepseekv4_attnmhc_dnd,wikitext2,2048,1,6,471
44,medium,deepseekv4_attnmhc_dnd,wikitext2,2048,1,7,383
44,medium,deepseekv4_attnmhc_dnd,wikitext2,2048,2,0,739
44,medium,deepseekv4_attnmhc_dnd,wikitext2,2048,2,1,466
44,medium,deepseekv4_attnmhc_dnd,wikitext2,2048,2,2,321
44,medium,deepseekv4_attnmhc_dnd,wikitext2,2048,2,3,604
44,medium,deepseekv4_attnmhc_dnd,wikitext2,2048,2,4,196
44,medium,deepseekv4_attnmhc_dnd,wikitext2,2048,2,5,718
44,medium,deepseekv4_attnmhc_dnd,wikitext2,2048,2,6,426
44,medium,deepseekv4_attnmhc_dnd,wikitext2,2048,2,7,626
44,medium,deepseekv4_attnmhc_dnd,wikitext2,2048,3,0,210
44,medium,deepseekv4_attnmhc_dnd,wikitext2,2048,3,1,228
44,medium,deepseekv4_attnmhc_dnd,wikitext2,2048,3,2,753
44,medium,deepseekv4_attnmhc_dnd,wikitext2,2048,3,3,337
44,medium,deepseekv4_attnmhc_dnd,wikitext2,2048,3,4,1212
44,medium,deepseekv4_attnmhc_dnd,wikitext2,2048,3,5,696
44,medium,deepseekv4_attnmhc_dnd,wikitext2,2048,3,6,288
44,medium,deepseekv4_attnmhc_dnd,wikitext2,2048,3,7,372
44,medium,deepseekv4_attnmhc_dnd,wikitext2,2048,4,0,785
44,medium,deepseekv4_attnmhc_dnd,wikitext2,2048,4,1,604
44,medium,deepseekv4_attnmhc_dnd,wikitext2,2048,4,2,445
44,medium,deepseekv4_attnmhc_dnd,wikitext2,2048,4,3,576
44,medium,deepseekv4_attnmhc_dnd,wikitext2,2048,4,4,182
44,medium,deepseekv4_attnmhc_dnd,wikitext2,2048,4,5,317
44,medium,deepseekv4_attnmhc_dnd,wikitext2,2048,4,6,775
44,medium,deepseekv4_attnmhc_dnd,wikitext2,2048,4,7,412
44,medium,deepseekv4_attnmhc_dnd,wikitext2,2048,5,0,344
44,medium,deepseekv4_attnmhc_dnd,wikitext2,2048,5,1,724
44,medium,deepseekv4_attnmhc_dnd,wikitext2,2048,5,2,156
44,medium,deepseekv4_attnmhc_dnd,wikitext2,2048,5,3,429
44,medium,deepseekv4_attnmhc_dnd,wikitext2,2048,5,4,932
44,medium,deepseekv4_attnmhc_dnd,wikitext2,2048,5,5,831
44,medium,deepseekv4_attnmhc_dnd,wikitext2,2048,5,6,316
44,medium,deepseekv4_attnmhc_dnd,wikitext2,2048,5,7,364
44,medium,deepseekv4_attnmhc_dnd,wikitext2,204800,0,0,347
44,medium,deepseekv4_attnmhc_dnd,wikitext2,204800,0,1,254
44,medium,deepseekv4_attnmhc_dnd,wikitext2,204800,0,2,378
44,medium,deepseekv4_attnmhc_dnd,wikitext2,204800,0,3,936
44,medium,deepseekv4_attnmhc_dnd,wikitext2,204800,0,4,427
44,medium,deepseekv4_attnmhc_dnd,wikitext2,204800,0,5,667
44,medium,deepseekv4_attnmhc_dnd,wikitext2,204800,0,6,240
44,medium,deepseekv4_attnmhc_dnd,wikitext2,204800,0,7,847
44,medium,deepseekv4_attnmhc_dnd,wikitext2,204800,1,0,316
44,medium,deepseekv4_attnmhc_dnd,wikitext2,204800,1,1,392
44,medium,deepseekv4_attnmhc_dnd,wikitext2,204800,1,2,1068
44,medium,deepseekv4_attnmhc_dnd,wikitext2,204800,1,3,596
44,medium,deepseekv4_attnmhc_dnd,wikitext2,204800,1,4,621
44,medium,deepseekv4_attnmhc_dnd,wikitext2,204800,1,5,245
44,medium,deepseekv4_attnmhc_dnd,wikitext2,204800,1,6,464
44,medium,deepseekv4_attnmhc_dnd,wikitext2,204800,1,7,394
44,medium,deepseekv4_attnmhc_dnd,wikitext2,204800,2,0,376
44,medium,deepseekv4_attnmhc_dnd,wikitext2,204800,2,1,462
44,medium,deepseekv4_attnmhc_dnd,wikitext2,204800,2,2,582
44,medium,deepseekv4_attnmhc_dnd,wikitext2,204800,2,3,555
44,medium,deepseekv4_attnmhc_dnd,wikitext2,204800,2,4,623
44,medium,deepseekv4_attnmhc_dnd,wikitext2,204800,2,5,524
44,medium,deepseekv4_attnmhc_dnd,wikitext2,204800,2,6,457
44,medium,deepseekv4_attnmhc_dnd,wikitext2,204800,2,7,517
44,medium,deepseekv4_attnmhc_dnd,wikitext2,204800,3,0,520
44,medium,deepseekv4_attnmhc_dnd,wikitext2,204800,3,1,520
44,medium,deepseekv4_attnmhc_dnd,wikitext2,204800,3,2,534
44,medium,deepseekv4_attnmhc_dnd,wikitext2,204800,3,3,361
44,medium,deepseekv4_attnmhc_dnd,wikitext2,204800,3,4,517
44,medium,deepseekv4_attnmhc_dnd,wikitext2,204800,3,5,581
44,medium,deepseekv4_attnmhc_dnd,wikitext2,204800,3,6,605
44,medium,deepseekv4_attnmhc_dnd,wikitext2,204800,3,7,458
44,medium,deepseekv4_attnmhc_dnd,wikitext2,204800,4,0,693
44,medium,deepseekv4_attnmhc_dnd,wikitext2,204800,4,1,568
44,medium,deepseekv4_attnmhc_dnd,wikitext2,204800,4,2,342
44,medium,deepseekv4_attnmhc_dnd,wikitext2,204800,4,3,660
44,medium,deepseekv4_attnmhc_dnd,wikitext2,204800,4,4,371
44,medium,deepseekv4_attnmhc_dnd,wikitext2,204800,4,5,632
44,medium,deepseekv4_attnmhc_dnd,wikitext2,204800,4,6,485
44,medium,deepseekv4_attnmhc_dnd,wikitext2,204800,4,7,345
44,medium,deepseekv4_attnmhc_dnd,wikitext2,204800,5,0,608
44,medium,deepseekv4_attnmhc_dnd,wikitext2,204800,5,1,527
44,medium,deepseekv4_attnmhc_dnd,wikitext2,204800,5,2,279
44,medium,deepseekv4_attnmhc_dnd,wikitext2,204800,5,3,723
44,medium,deepseekv4_attnmhc_dnd,wikitext2,204800,5,4,564
44,medium,deepseekv4_attnmhc_dnd,wikitext2,204800,5,5,319
44,medium,deepseekv4_attnmhc_dnd,wikitext2,204800,5,6,424
44,medium,deepseekv4_attnmhc_dnd,wikitext2,204800,5,7,652
44,medium,deepseekv4_attnmhc_dnd,wikitext2,409600,0,0,318
44,medium,deepseekv4_attnmhc_dnd,wikitext2,409600,0,1,242
44,medium,deepseekv4_attnmhc_dnd,wikitext2,409600,0,2,376
44,medium,deepseekv4_attnmhc_dnd,wikitext2,409600,0,3,953
44,medium,deepseekv4_attnmhc_dnd,wikitext2,409600,0,4,396
44,medium,deepseekv4_attnmhc_dnd,wikitext2,409600,0,5,676
44,medium,deepseekv4_attnmhc_dnd,wikitext2,409600,0,6,250
44,medium,deepseekv4_attnmhc_dnd,wikitext2,409600,0,7,885
44,medium,deepseekv4_attnmhc_dnd,wikitext2,409600,1,0,294
44,medium,deepseekv4_attnmhc_dnd,wikitext2,409600,1,1,374
44,medium,deepseekv4_attnmhc_dnd,wikitext2,409600,1,2,1052
44,medium,deepseekv4_attnmhc_dnd,wikitext2,409600,1,3,624
44,medium,deepseekv4_attnmhc_dnd,wikitext2,409600,1,4,608
44,medium,deepseekv4_attnmhc_dnd,wikitext2,409600,1,5,283
44,medium,deepseekv4_attnmhc_dnd,wikitext2,409600,1,6,477
44,medium,deepseekv4_attnmhc_dnd,wikitext2,409600,1,7,384
44,medium,deepseekv4_attnmhc_dnd,wikitext2,409600,2,0,465
44,medium,deepseekv4_attnmhc_dnd,wikitext2,409600,2,1,516
44,medium,deepseekv4_attnmhc_dnd,wikitext2,409600,2,2,533
44,medium,deepseekv4_attnmhc_dnd,wikitext2,409600,2,3,484
44,medium,deepseekv4_attnmhc_dnd,wikitext2,409600,2,4,513
44,medium,deepseekv4_attnmhc_dnd,wikitext2,409600,2,5,499
44,medium,deepseekv4_attnmhc_dnd,wikitext2,409600,2,6,563
44,medium,deepseekv4_attnmhc_dnd,wikitext2,409600,2,7,523
44,medium,deepseekv4_attnmhc_dnd,wikitext2,409600,3,0,538
44,medium,deepseekv4_attnmhc_dnd,wikitext2,409600,3,1,529
44,medium,deepseekv4_attnmhc_dnd,wikitext2,409600,3,2,484
44,medium,deepseekv4_attnmhc_dnd,wikitext2,409600,3,3,473
44,medium,deepseekv4_attnmhc_dnd,wikitext2,409600,3,4,537
44,medium,deepseekv4_attnmhc_dnd,wikitext2,409600,3,5,620
44,medium,deepseekv4_attnmhc_dnd,wikitext2,409600,3,6,474
44,medium,deepseekv4_attnmhc_dnd,wikitext2,409600,3,7,441
44,medium,deepseekv4_attnmhc_dnd,wikitext2,409600,4,0,421
44,medium,deepseekv4_attnmhc_dnd,wikitext2,409600,4,1,502
44,medium,deepseekv4_attnmhc_dnd,wikitext2,409600,4,2,585
44,medium,deepseekv4_attnmhc_dnd,wikitext2,409600,4,3,573
44,medium,deepseekv4_attnmhc_dnd,wikitext2,409600,4,4,565
44,medium,deepseekv4_attnmhc_dnd,wikitext2,409600,4,5,519
44,medium,deepseekv4_attnmhc_dnd,wikitext2,409600,4,6,365
44,medium,deepseekv4_attnmhc_dnd,wikitext2,409600,4,7,566
44,medium,deepseekv4_attnmhc_dnd,wikitext2,409600,5,0,657
44,medium,deepseekv4_attnmhc_dnd,wikitext2,409600,5,1,571
44,medium,deepseekv4_attnmhc_dnd,wikitext2,409600,5,2,420
44,medium,deepseekv4_attnmhc_dnd,wikitext2,409600,5,3,356
44,medium,deepseekv4_attnmhc_dnd,wikitext2,409600,5,4,517
44,medium,deepseekv4_attnmhc_dnd,wikitext2,409600,5,5,533
44,medium,deepseekv4_attnmhc_dnd,wikitext2,409600,5,6,621
44,medium,deepseekv4_attnmhc_dnd,wikitext2,409600,5,7,421
44,medium,deepseekv4_attnmhc_dnd,wikitext2,614400,0,0,318
44,medium,deepseekv4_attnmhc_dnd,wikitext2,614400,0,1,264
44,medium,deepseekv4_attnmhc_dnd,wikitext2,614400,0,2,388
44,medium,deepseekv4_attnmhc_dnd,wikitext2,614400,0,3,945
44,medium,deepseekv4_attnmhc_dnd,wikitext2,614400,0,4,392
44,medium,deepseekv4_attnmhc_dnd,wikitext2,614400,0,5,650
44,medium,deepseekv4_attnmhc_dnd,wikitext2,614400,0,6,258
44,medium,deepseekv4_attnmhc_dnd,wikitext2,614400,0,7,881
44,medium,deepseekv4_attnmhc_dnd,wikitext2,614400,1,0,304
44,medium,deepseekv4_attnmhc_dnd,wikitext2,614400,1,1,402
44,medium,deepseekv4_attnmhc_dnd,wikitext2,614400,1,2,1059
44,medium,deepseekv4_attnmhc_dnd,wikitext2,614400,1,3,608
44,medium,deepseekv4_attnmhc_dnd,wikitext2,614400,1,4,648
44,medium,deepseekv4_attnmhc_dnd,wikitext2,614400,1,5,262
44,medium,deepseekv4_attnmhc_dnd,wikitext2,614400,1,6,450
44,medium,deepseekv4_attnmhc_dnd,wikitext2,614400,1,7,363
44,medium,deepseekv4_attnmhc_dnd,wikitext2,614400,2,0,474
44,medium,deepseekv4_attnmhc_dnd,wikitext2,614400,2,1,541
44,medium,deepseekv4_attnmhc_dnd,wikitext2,614400,2,2,570
44,medium,deepseekv4_attnmhc_dnd,wikitext2,614400,2,3,485
44,medium,deepseekv4_attnmhc_dnd,wikitext2,614400,2,4,495
44,medium,deepseekv4_attnmhc_dnd,wikitext2,614400,2,5,438
44,medium,deepseekv4_attnmhc_dnd,wikitext2,614400,2,6,568
44,medium,deepseekv4_attnmhc_dnd,wikitext2,614400,2,7,525
44,medium,deepseekv4_attnmhc_dnd,wikitext2,614400,3,0,519
44,medium,deepseekv4_attnmhc_dnd,wikitext2,614400,3,1,526
44,medium,deepseekv4_attnmhc_dnd,wikitext2,614400,3,2,479
44,medium,deepseekv4_attnmhc_dnd,wikitext2,614400,3,3,460
44,medium,deepseekv4_attnmhc_dnd,wikitext2,614400,3,4,605
44,medium,deepseekv4_attnmhc_dnd,wikitext2,614400,3,5,587
44,medium,deepseekv4_attnmhc_dnd,wikitext2,614400,3,6,444
44,medium,deepseekv4_attnmhc_dnd,wikitext2,614400,3,7,476
44,medium,deepseekv4_attnmhc_dnd,wikitext2,614400,4,0,542
44,medium,deepseekv4_attnmhc_dnd,wikitext2,614400,4,1,477
44,medium,deepseekv4_attnmhc_dnd,wikitext2,614400,4,2,518
44,medium,deepseekv4_attnmhc_dnd,wikitext2,614400,4,3,525
44,medium,deepseekv4_attnmhc_dnd,wikitext2,614400,4,4,482
44,medium,deepseekv4_attnmhc_dnd,wikitext2,614400,4,5,589
44,medium,deepseekv4_attnmhc_dnd,wikitext2,614400,4,6,422
44,medium,deepseekv4_attnmhc_dnd,wikitext2,614400,4,7,541
44,medium,deepseekv4_attnmhc_dnd,wikitext2,614400,5,0,540
44,medium,deepseekv4_attnmhc_dnd,wikitext2,614400,5,1,562
44,medium,deepseekv4_attnmhc_dnd,wikitext2,614400,5,2,610
44,medium,deepseekv4_attnmhc_dnd,wikitext2,614400,5,3,394
44,medium,deepseekv4_attnmhc_dnd,wikitext2,614400,5,4,562
44,medium,deepseekv4_attnmhc_dnd,wikitext2,614400,5,5,515
44,medium,deepseekv4_attnmhc_dnd,wikitext2,614400,5,6,530
44,medium,deepseekv4_attnmhc_dnd,wikitext2,614400,5,7,383
44,medium,deepseekv4_attnmhc_dnd,wikitext2,819200,0,0,354
44,medium,deepseekv4_attnmhc_dnd,wikitext2,819200,0,1,236
44,medium,deepseekv4_attnmhc_dnd,wikitext2,819200,0,2,359
44,medium,deepseekv4_attnmhc_dnd,wikitext2,819200,0,3,960
44,medium,deepseekv4_attnmhc_dnd,wikitext2,819200,0,4,400
44,medium,deepseekv4_attnmhc_dnd,wikitext2,819200,0,5,678
44,medium,deepseekv4_attnmhc_dnd,wikitext2,819200,0,6,243
44,medium,deepseekv4_attnmhc_dnd,wikitext2,819200,0,7,866
44,medium,deepseekv4_attnmhc_dnd,wikitext2,819200,1,0,332
44,medium,deepseekv4_attnmhc_dnd,wikitext2,819200,1,1,372
44,medium,deepseekv4_attnmhc_dnd,wikitext2,819200,1,2,1070
44,medium,deepseekv4_attnmhc_dnd,wikitext2,819200,1,3,604
44,medium,deepseekv4_attnmhc_dnd,wikitext2,819200,1,4,628
44,medium,deepseekv4_attnmhc_dnd,wikitext2,819200,1,5,260
44,medium,deepseekv4_attnmhc_dnd,wikitext2,819200,1,6,446
44,medium,deepseekv4_attnmhc_dnd,wikitext2,819200,1,7,384
44,medium,deepseekv4_attnmhc_dnd,wikitext2,819200,2,0,534
44,medium,deepseekv4_attnmhc_dnd,wikitext2,819200,2,1,510
44,medium,deepseekv4_attnmhc_dnd,wikitext2,819200,2,2,506
44,medium,deepseekv4_attnmhc_dnd,wikitext2,819200,2,3,463
44,medium,deepseekv4_attnmhc_dnd,wikitext2,819200,2,4,562
44,medium,deepseekv4_attnmhc_dnd,wikitext2,819200,2,5,509
44,medium,deepseekv4_attnmhc_dnd,wikitext2,819200,2,6,504
44,medium,deepseekv4_attnmhc_dnd,wikitext2,819200,2,7,508
44,medium,deepseekv4_attnmhc_dnd,wikitext2,819200,3,0,493
44,medium,deepseekv4_attnmhc_dnd,wikitext2,819200,3,1,514
44,medium,deepseekv4_attnmhc_dnd,wikitext2,819200,3,2,574
44,medium,deepseekv4_attnmhc_dnd,wikitext2,819200,3,3,509
44,medium,deepseekv4_attnmhc_dnd,wikitext2,819200,3,4,556
44,medium,deepseekv4_attnmhc_dnd,wikitext2,819200,3,5,494
44,medium,deepseekv4_attnmhc_dnd,wikitext2,819200,3,6,490
44,medium,deepseekv4_attnmhc_dnd,wikitext2,819200,3,7,466
44,medium,deepseekv4_attnmhc_dnd,wikitext2,819200,4,0,472
44,medium,deepseekv4_attnmhc_dnd,wikitext2,819200,4,1,480
44,medium,deepseekv4_attnmhc_dnd,wikitext2,819200,4,2,586
44,medium,deepseekv4_attnmhc_dnd,wikitext2,819200,4,3,467
44,medium,deepseekv4_attnmhc_dnd,wikitext2,819200,4,4,518
44,medium,deepseekv4_attnmhc_dnd,wikitext2,819200,4,5,534
44,medium,deepseekv4_attnmhc_dnd,wikitext2,819200,4,6,482
44,medium,deepseekv4_attnmhc_dnd,wikitext2,819200,4,7,557
44,medium,deepseekv4_attnmhc_dnd,wikitext2,819200,5,0,549
44,medium,deepseekv4_attnmhc_dnd,wikitext2,819200,5,1,508
44,medium,deepseekv4_attnmhc_dnd,wikitext2,819200,5,2,496
44,medium,deepseekv4_attnmhc_dnd,wikitext2,819200,5,3,520
44,medium,deepseekv4_attnmhc_dnd,wikitext2,819200,5,4,554
44,medium,deepseekv4_attnmhc_dnd,wikitext2,819200,5,5,540
44,medium,deepseekv4_attnmhc_dnd,wikitext2,819200,5,6,468
44,medium,deepseekv4_attnmhc_dnd,wikitext2,819200,5,7,461
44,medium,deepseekv4_attnmhc_dnd,wikitext2,1024000,0,0,308
44,medium,deepseekv4_attnmhc_dnd,wikitext2,1024000,0,1,236
44,medium,deepseekv4_attnmhc_dnd,wikitext2,1024000,0,2,389
44,medium,deepseekv4_attnmhc_dnd,wikitext2,1024000,0,3,969
44,medium,deepseekv4_attnmhc_dnd,wikitext2,1024000,0,4,409
44,medium,deepseekv4_attnmhc_dnd,wikitext2,1024000,0,5,645
44,medium,deepseekv4_attnmhc_dnd,wikitext2,1024000,0,6,245
44,medium,deepseekv4_attnmhc_dnd,wikitext2,1024000,0,7,895
44,medium,deepseekv4_attnmhc_dnd,wikitext2,1024000,1,0,334
44,medium,deepseekv4_attnmhc_dnd,wikitext2,1024000,1,1,386
44,medium,deepseekv4_attnmhc_dnd,wikitext2,1024000,1,2,1066
44,medium,deepseekv4_attnmhc_dnd,wikitext2,1024000,1,3,598
44,medium,deepseekv4_attnmhc_dnd,wikitext2,1024000,1,4,602
44,medium,deepseekv4_attnmhc_dnd,wikitext2,1024000,1,5,290
44,medium,deepseekv4_attnmhc_dnd,wikitext2,1024000,1,6,437
44,medium,deepseekv4_attnmhc_dnd,wikitext2,1024000,1,7,383
44,medium,deepseekv4_attnmhc_dnd,wikitext2,1024000,2,0,464
44,medium,deepseekv4_attnmhc_dnd,wikitext2,1024000,2,1,532
44,medium,deepseekv4_attnmhc_dnd,wikitext2,1024000,2,2,500
44,medium,deepseekv4_attnmhc_dnd,wikitext2,1024000,2,3,535
44,medium,deepseekv4_attnmhc_dnd,wikitext2,1024000,2,4,528
44,medium,deepseekv4_attnmhc_dnd,wikitext2,1024000,2,5,527
44,medium,deepseekv4_attnmhc_dnd,wikitext2,1024000,2,6,517
44,medium,deepseekv4_attnmhc_dnd,wikitext2,1024000,2,7,493
44,medium,deepseekv4_attnmhc_dnd,wikitext2,1024000,3,0,515
44,medium,deepseekv4_attnmhc_dnd,wikitext2,1024000,3,1,527
44,medium,deepseekv4_attnmhc_dnd,wikitext2,1024000,3,2,506
44,medium,deepseekv4_attnmhc_dnd,wikitext2,1024000,3,3,504
44,medium,deepseekv4_attnmhc_dnd,wikitext2,1024000,3,4,467
44,medium,deepseekv4_attnmhc_dnd,wikitext2,1024000,3,5,594
44,medium,deepseekv4_attnmhc_dnd,wikitext2,1024000,3,6,555
44,medium,deepseekv4_attnmhc_dnd,wikitext2,1024000,3,7,428
44,medium,deepseekv4_attnmhc_dnd,wikitext2,1024000,4,0,562
44,medium,deepseekv4_attnmhc_dnd,wikitext2,1024000,4,1,492
44,medium,deepseekv4_attnmhc_dnd,wikitext2,1024000,4,2,545
44,medium,deepseekv4_attnmhc_dnd,wikitext2,1024000,4,3,448
44,medium,deepseekv4_attnmhc_dnd,wikitext2,1024000,4,4,561
44,medium,deepseekv4_attnmhc_dnd,wikitext2,1024000,4,5,526
44,medium,deepseekv4_attnmhc_dnd,wikitext2,1024000,4,6,476
44,medium,deepseekv4_attnmhc_dnd,wikitext2,1024000,4,7,486
44,medium,deepseekv4_attnmhc_dnd,wikitext2,1024000,5,0,501
44,medium,deepseekv4_attnmhc_dnd,wikitext2,1024000,5,1,539
44,medium,deepseekv4_attnmhc_dnd,wikitext2,1024000,5,2,452
44,medium,deepseekv4_attnmhc_dnd,wikitext2,1024000,5,3,521
44,medium,deepseekv4_attnmhc_dnd,wikitext2,1024000,5,4,507
44,medium,deepseekv4_attnmhc_dnd,wikitext2,1024000,5,5,489
44,medium,deepseekv4_attnmhc_dnd,wikitext2,1024000,5,6,568
44,medium,deepseekv4_attnmhc_dnd,wikitext2,1024000,5,7,519
44,medium,deepseekv4_attnmhc_dnd,wikitext2,1228800,0,0,322
44,medium,deepseekv4_attnmhc_dnd,wikitext2,1228800,0,1,220
44,medium,deepseekv4_attnmhc_dnd,wikitext2,1228800,0,2,387
44,medium,deepseekv4_attnmhc_dnd,wikitext2,1228800,0,3,934
44,medium,deepseekv4_attnmhc_dnd,wikitext2,1228800,0,4,400
44,medium,deepseekv4_attnmhc_dnd,wikitext2,1228800,0,5,652
44,medium,deepseekv4_attnmhc_dnd,wikitext2,1228800,0,6,255
44,medium,deepseekv4_attnmhc_dnd,wikitext2,1228800,0,7,926
44,medium,deepseekv4_attnmhc_dnd,wikitext2,1228800,1,0,347
44,medium,deepseekv4_attnmhc_dnd,wikitext2,1228800,1,1,389
44,medium,deepseekv4_attnmhc_dnd,wikitext2,1228800,1,2,1048
44,medium,deepseekv4_attnmhc_dnd,wikitext2,1228800,1,3,600
44,medium,deepseekv4_attnmhc_dnd,wikitext2,1228800,1,4,569
44,medium,deepseekv4_attnmhc_dnd,wikitext2,1228800,1,5,275
44,medium,deepseekv4_attnmhc_dnd,wikitext2,1228800,1,6,461
44,medium,deepseekv4_attnmhc_dnd,wikitext2,1228800,1,7,407
44,medium,deepseekv4_attnmhc_dnd,wikitext2,1228800,2,0,512
44,medium,deepseekv4_attnmhc_dnd,wikitext2,1228800,2,1,510
44,medium,deepseekv4_attnmhc_dnd,wikitext2,1228800,2,2,549
44,medium,deepseekv4_attnmhc_dnd,wikitext2,1228800,2,3,538
44,medium,deepseekv4_attnmhc_dnd,wikitext2,1228800,2,4,478
44,medium,deepseekv4_attnmhc_dnd,wikitext2,1228800,2,5,530
44,medium,deepseekv4_attnmhc_dnd,wikitext2,1228800,2,6,485
44,medium,deepseekv4_attnmhc_dnd,wikitext2,1228800,2,7,494
44,medium,deepseekv4_attnmhc_dnd,wikitext2,1228800,3,0,482
44,medium,deepseekv4_attnmhc_dnd,wikitext2,1228800,3,1,491
44,medium,deepseekv4_attnmhc_dnd,wikitext2,1228800,3,2,551
44,medium,deepseekv4_attnmhc_dnd,wikitext2,1228800,3,3,504
44,medium,deepseekv4_attnmhc_dnd,wikitext2,1228800,3,4,511
44,medium,deepseekv4_attnmhc_dnd,wikitext2,1228800,3,5,490
44,medium,deepseekv4_attnmhc_dnd,wikitext2,1228800,3,6,493
44,medium,deepseekv4_attnmhc_dnd,wikitext2,1228800,3,7,574
44,medium,deepseekv4_attnmhc_dnd,wikitext2,1228800,4,0,456
44,medium,deepseekv4_attnmhc_dnd,wikitext2,1228800,4,1,493
44,medium,deepseekv4_attnmhc_dnd,wikitext2,1228800,4,2,538
44,medium,deepseekv4_attnmhc_dnd,wikitext2,1228800,4,3,527
44,medium,deepseekv4_attnmhc_dnd,wikitext2,1228800,4,4,571
44,medium,deepseekv4_attnmhc_dnd,wikitext2,1228800,4,5,477
44,medium,deepseekv4_attnmhc_dnd,wikitext2,1228800,4,6,475
44,medium,deepseekv4_attnmhc_dnd,wikitext2,1228800,4,7,559
44,medium,deepseekv4_attnmhc_dnd,wikitext2,1228800,5,0,481
44,medium,deepseekv4_attnmhc_dnd,wikitext2,1228800,5,1,516
44,medium,deepseekv4_attnmhc_dnd,wikitext2,1228800,5,2,470
44,medium,deepseekv4_attnmhc_dnd,wikitext2,1228800,5,3,555
44,medium,deepseekv4_attnmhc_dnd,wikitext2,1228800,5,4,532
44,medium,deepseekv4_attnmhc_dnd,wikitext2,1228800,5,5,523
44,medium,deepseekv4_attnmhc_dnd,wikitext2,1228800,5,6,506
44,medium,deepseekv4_attnmhc_dnd,wikitext2,1228800,5,7,513
44,medium,deepseekv4_attnmhc_dnd,wikitext2,1433600,0,0,324
44,medium,deepseekv4_attnmhc_dnd,wikitext2,1433600,0,1,262
44,medium,deepseekv4_attnmhc_dnd,wikitext2,1433600,0,2,364
44,medium,deepseekv4_attnmhc_dnd,wikitext2,1433600,0,3,959
44,medium,deepseekv4_attnmhc_dnd,wikitext2,1433600,0,4,382
44,medium,deepseekv4_attnmhc_dnd,wikitext2,1433600,0,5,673
44,medium,deepseekv4_attnmhc_dnd,wikitext2,1433600,0,6,240
44,medium,deepseekv4_attnmhc_dnd,wikitext2,1433600,0,7,892
44,medium,deepseekv4_attnmhc_dnd,wikitext2,1433600,1,0,320
44,medium,deepseekv4_attnmhc_dnd,wikitext2,1433600,1,1,414
44,medium,deepseekv4_attnmhc_dnd,wikitext2,1433600,1,2,1043
44,medium,deepseekv4_attnmhc_dnd,wikitext2,1433600,1,3,582
44,medium,deepseekv4_attnmhc_dnd,wikitext2,1433600,1,4,625
44,medium,deepseekv4_attnmhc_dnd,wikitext2,1433600,1,5,245
44,medium,deepseekv4_attnmhc_dnd,wikitext2,1433600,1,6,461
44,medium,deepseekv4_attnmhc_dnd,wikitext2,1433600,1,7,406
44,medium,deepseekv4_attnmhc_dnd,wikitext2,1433600,2,0,539
44,medium,deepseekv4_attnmhc_dnd,wikitext2,1433600,2,1,478
44,medium,deepseekv4_attnmhc_dnd,wikitext2,1433600,2,2,502
44,medium,deepseekv4_attnmhc_dnd,wikitext2,1433600,2,3,514
44,medium,deepseekv4_attnmhc_dnd,wikitext2,1433600,2,4,534
44,medium,deepseekv4_attnmhc_dnd,wikitext2,1433600,2,5,507
44,medium,deepseekv4_attnmhc_dnd,wikitext2,1433600,2,6,516
44,medium,deepseekv4_attnmhc_dnd,wikitext2,1433600,2,7,506
44,medium,deepseekv4_attnmhc_dnd,wikitext2,1433600,3,0,517
44,medium,deepseekv4_attnmhc_dnd,wikitext2,1433600,3,1,526
44,medium,deepseekv4_attnmhc_dnd,wikitext2,1433600,3,2,531
44,medium,deepseekv4_attnmhc_dnd,wikitext2,1433600,3,3,466
44,medium,deepseekv4_attnmhc_dnd,wikitext2,1433600,3,4,484
44,medium,deepseekv4_attnmhc_dnd,wikitext2,1433600,3,5,552
44,medium,deepseekv4_attnmhc_dnd,wikitext2,1433600,3,6,514
44,medium,deepseekv4_attnmhc_dnd,wikitext2,1433600,3,7,506
44,medium,deepseekv4_attnmhc_dnd,wikitext2,1433600,4,0,458
44,medium,deepseekv4_attnmhc_dnd,wikitext2,1433600,4,1,506
44,medium,deepseekv4_attnmhc_dnd,wikitext2,1433600,4,2,513
44,medium,deepseekv4_attnmhc_dnd,wikitext2,1433600,4,3,491
44,medium,deepseekv4_attnmhc_dnd,wikitext2,1433600,4,4,538
44,medium,deepseekv4_attnmhc_dnd,wikitext2,1433600,4,5,548
44,medium,deepseekv4_attnmhc_dnd,wikitext2,1433600,4,6,511
44,medium,deepseekv4_attnmhc_dnd,wikitext2,1433600,4,7,531
44,medium,deepseekv4_attnmhc_dnd,wikitext2,1433600,5,0,490
44,medium,deepseekv4_attnmhc_dnd,wikitext2,1433600,5,1,498
44,medium,deepseekv4_attnmhc_dnd,wikitext2,1433600,5,2,559
44,medium,deepseekv4_attnmhc_dnd,wikitext2,1433600,5,3,507
44,medium,deepseekv4_attnmhc_dnd,wikitext2,1433600,5,4,472
44,medium,deepseekv4_attnmhc_dnd,wikitext2,1433600,5,5,491
44,medium,deepseekv4_attnmhc_dnd,wikitext2,1433600,5,6,476
44,medium,deepseekv4_attnmhc_dnd,wikitext2,1433600,5,7,603
44,medium,deepseekv4_attnmhc_dnd,wikitext2,1638400,0,0,326
44,medium,deepseekv4_attnmhc_dnd,wikitext2,1638400,0,1,221
44,medium,deepseekv4_attnmhc_dnd,wikitext2,1638400,0,2,351
44,medium,deepseekv4_attnmhc_dnd,wikitext2,1638400,0,3,977
44,medium,deepseekv4_attnmhc_dnd,wikitext2,1638400,0,4,368
44,medium,deepseekv4_attnmhc_dnd,wikitext2,1638400,0,5,728
44,medium,deepseekv4_attnmhc_dnd,wikitext2,1638400,0,6,230
44,medium,deepseekv4_attnmhc_dnd,wikitext2,1638400,0,7,895
44,medium,deepseekv4_attnmhc_dnd,wikitext2,1638400,1,0,314
44,medium,deepseekv4_attnmhc_dnd,wikitext2,1638400,1,1,352
44,medium,deepseekv4_attnmhc_dnd,wikitext2,1638400,1,2,1046
44,medium,deepseekv4_attnmhc_dnd,wikitext2,1638400,1,3,573
44,medium,deepseekv4_attnmhc_dnd,wikitext2,1638400,1,4,661
44,medium,deepseekv4_attnmhc_dnd,wikitext2,1638400,1,5,240
44,medium,deepseekv4_attnmhc_dnd,wikitext2,1638400,1,6,497
44,medium,deepseekv4_attnmhc_dnd,wikitext2,1638400,1,7,413
44,medium,deepseekv4_attnmhc_dnd,wikitext2,1638400,2,0,452
44,medium,deepseekv4_attnmhc_dnd,wikitext2,1638400,2,1,540
44,medium,deepseekv4_attnmhc_dnd,wikitext2,1638400,2,2,534
44,medium,deepseekv4_attnmhc_dnd,wikitext2,1638400,2,3,520
44,medium,deepseekv4_attnmhc_dnd,wikitext2,1638400,2,4,510
44,medium,deepseekv4_attnmhc_dnd,wikitext2,1638400,2,5,519
44,medium,deepseekv4_attnmhc_dnd,wikitext2,1638400,2,6,501
44,medium,deepseekv4_attnmhc_dnd,wikitext2,1638400,2,7,520
44,medium,deepseekv4_attnmhc_dnd,wikitext2,1638400,3,0,489
44,medium,deepseekv4_attnmhc_dnd,wikitext2,1638400,3,1,490
44,medium,deepseekv4_attnmhc_dnd,wikitext2,1638400,3,2,546
44,medium,deepseekv4_attnmhc_dnd,wikitext2,1638400,3,3,547
44,medium,deepseekv4_attnmhc_dnd,wikitext2,1638400,3,4,529
44,medium,deepseekv4_attnmhc_dnd,wikitext2,1638400,3,5,492
44,medium,deepseekv4_attnmhc_dnd,wikitext2,1638400,3,6,478
44,medium,deepseekv4_attnmhc_dnd,wikitext2,1638400,3,7,525
44,medium,deepseekv4_attnmhc_dnd,wikitext2,1638400,4,0,584
44,medium,deepseekv4_attnmhc_dnd,wikitext2,1638400,4,1,510
44,medium,deepseekv4_attnmhc_dnd,wikitext2,1638400,4,2,510
44,medium,deepseekv4_attnmhc_dnd,wikitext2,1638400,4,3,482
44,medium,deepseekv4_attnmhc_dnd,wikitext2,1638400,4,4,445
44,medium,deepseekv4_attnmhc_dnd,wikitext2,1638400,4,5,515
44,medium,deepseekv4_attnmhc_dnd,wikitext2,1638400,4,6,561
44,medium,deepseekv4_attnmhc_dnd,wikitext2,1638400,4,7,489
44,medium,deepseekv4_attnmhc_dnd,wikitext2,1638400,5,0,569
44,medium,deepseekv4_attnmhc_dnd,wikitext2,1638400,5,1,498
44,medium,deepseekv4_attnmhc_dnd,wikitext2,1638400,5,2,501
44,medium,deepseekv4_attnmhc_dnd,wikitext2,1638400,5,3,464
44,medium,deepseekv4_attnmhc_dnd,wikitext2,1638400,5,4,505
44,medium,deepseekv4_attnmhc_dnd,wikitext2,1638400,5,5,502
44,medium,deepseekv4_attnmhc_dnd,wikitext2,1638400,5,6,499
44,medium,deepseekv4_attnmhc_dnd,wikitext2,1638400,5,7,558
44,medium,deepseekv4_attnmhc_dnd,wikitext2,1843200,0,0,313
44,medium,deepseekv4_attnmhc_dnd,wikitext2,1843200,0,1,226
44,medium,deepseekv4_attnmhc_dnd,wikitext2,1843200,0,2,414
44,medium,deepseekv4_attnmhc_dnd,wikitext2,1843200,0,3,936
44,medium,deepseekv4_attnmhc_dnd,wikitext2,1843200,0,4,435
44,medium,deepseekv4_attnmhc_dnd,wikitext2,1843200,0,5,590
44,medium,deepseekv4_attnmhc_dnd,wikitext2,1843200,0,6,274
44,medium,deepseekv4_attnmhc_dnd,wikitext2,1843200,0,7,908
44,medium,deepseekv4_attnmhc_dnd,wikitext2,1843200,1,0,331
44,medium,deepseekv4_attnmhc_dnd,wikitext2,1843200,1,1,372
44,medium,deepseekv4_attnmhc_dnd,wikitext2,1843200,1,2,1100
44,medium,deepseekv4_attnmhc_dnd,wikitext2,1843200,1,3,635
44,medium,deepseekv4_attnmhc_dnd,wikitext2,1843200,1,4,647
44,medium,deepseekv4_attnmhc_dnd,wikitext2,1843200,1,5,260
44,medium,deepseekv4_attnmhc_dnd,wikitext2,1843200,1,6,425
44,medium,deepseekv4_attnmhc_dnd,wikitext2,1843200,1,7,326
44,medium,deepseekv4_attnmhc_dnd,wikitext2,1843200,2,0,522
44,medium,deepseekv4_attnmhc_dnd,wikitext2,1843200,2,1,497
44,medium,deepseekv4_attnmhc_dnd,wikitext2,1843200,2,2,494
44,medium,deepseekv4_attnmhc_dnd,wikitext2,1843200,2,3,478
44,medium,deepseekv4_attnmhc_dnd,wikitext2,1843200,2,4,486
44,medium,deepseekv4_attnmhc_dnd,wikitext2,1843200,2,5,557
44,medium,deepseekv4_attnmhc_dnd,wikitext2,1843200,2,6,556
44,medium,deepseekv4_attnmhc_dnd,wikitext2,1843200,2,7,506
44,medium,deepseekv4_attnmhc_dnd,wikitext2,1843200,3,0,547
44,medium,deepseekv4_attnmhc_dnd,wikitext2,1843200,3,1,472
44,medium,deepseekv4_attnmhc_dnd,wikitext2,1843200,3,2,460
44,medium,deepseekv4_attnmhc_dnd,wikitext2,1843200,3,3,566
44,medium,deepseekv4_attnmhc_dnd,wikitext2,1843200,3,4,502
44,medium,deepseekv4_attnmhc_dnd,wikitext2,1843200,3,5,526
44,medium,deepseekv4_attnmhc_dnd,wikitext2,1843200,3,6,486
44,medium,deepseekv4_attnmhc_dnd,wikitext2,1843200,3,7,537
44,medium,deepseekv4_attnmhc_dnd,wikitext2,1843200,4,0,462
44,medium,deepseekv4_attnmhc_dnd,wikitext2,1843200,4,1,524
44,medium,deepseekv4_attnmhc_dnd,wikitext2,1843200,4,2,503
44,medium,deepseekv4_attnmhc_dnd,wikitext2,1843200,4,3,543
44,medium,deepseekv4_attnmhc_dnd,wikitext2,1843200,4,4,561
44,medium,deepseekv4_attnmhc_dnd,wikitext2,1843200,4,5,501
44,medium,deepseekv4_attnmhc_dnd,wikitext2,1843200,4,6,501
44,medium,deepseekv4_attnmhc_dnd,wikitext2,1843200,4,7,501
44,medium,deepseekv4_attnmhc_dnd,wikitext2,1843200,5,0,529
44,medium,deepseekv4_attnmhc_dnd,wikitext2,1843200,5,1,516
44,medium,deepseekv4_attnmhc_dnd,wikitext2,1843200,5,2,497
44,medium,deepseekv4_attnmhc_dnd,wikitext2,1843200,5,3,539
44,medium,deepseekv4_attnmhc_dnd,wikitext2,1843200,5,4,528
44,medium,deepseekv4_attnmhc_dnd,wikitext2,1843200,5,5,510
44,medium,deepseekv4_attnmhc_dnd,wikitext2,1843200,5,6,484
44,medium,deepseekv4_attnmhc_dnd,wikitext2,1843200,5,7,493
44,medium,deepseekv4_attnmhc_dnd,wikitext2,2048000,0,0,314
44,medium,deepseekv4_attnmhc_dnd,wikitext2,2048000,0,1,265
44,medium,deepseekv4_attnmhc_dnd,wikitext2,2048000,0,2,366
44,medium,deepseekv4_attnmhc_dnd,wikitext2,2048000,0,3,968
44,medium,deepseekv4_attnmhc_dnd,wikitext2,2048000,0,4,419
44,medium,deepseekv4_attnmhc_dnd,wikitext2,2048000,0,5,675
44,medium,deepseekv4_attnmhc_dnd,wikitext2,2048000,0,6,211
44,medium,deepseekv4_attnmhc_dnd,wikitext2,2048000,0,7,878
44,medium,deepseekv4_attnmhc_dnd,wikitext2,2048000,1,0,332
44,medium,deepseekv4_attnmhc_dnd,wikitext2,2048000,1,1,373
44,medium,deepseekv4_attnmhc_dnd,wikitext2,2048000,1,2,1080
44,medium,deepseekv4_attnmhc_dnd,wikitext2,2048000,1,3,584
44,medium,deepseekv4_attnmhc_dnd,wikitext2,2048000,1,4,638
44,medium,deepseekv4_attnmhc_dnd,wikitext2,2048000,1,5,236
44,medium,deepseekv4_attnmhc_dnd,wikitext2,2048000,1,6,443
44,medium,deepseekv4_attnmhc_dnd,wikitext2,2048000,1,7,410
44,medium,deepseekv4_attnmhc_dnd,wikitext2,2048000,2,0,553
44,medium,deepseekv4_attnmhc_dnd,wikitext2,2048000,2,1,537
44,medium,deepseekv4_attnmhc_dnd,wikitext2,2048000,2,2,491
44,medium,deepseekv4_attnmhc_dnd,wikitext2,2048000,2,3,471
44,medium,deepseekv4_attnmhc_dnd,wikitext2,2048000,2,4,487
44,medium,deepseekv4_attnmhc_dnd,wikitext2,2048000,2,5,543
44,medium,deepseekv4_attnmhc_dnd,wikitext2,2048000,2,6,510
44,medium,deepseekv4_attnmhc_dnd,wikitext2,2048000,2,7,504
44,medium,deepseekv4_attnmhc_dnd,wikitext2,2048000,3,0,489
44,medium,deepseekv4_attnmhc_dnd,wikitext2,2048000,3,1,523
44,medium,deepseekv4_attnmhc_dnd,wikitext2,2048000,3,2,468
44,medium,deepseekv4_attnmhc_dnd,wikitext2,2048000,3,3,563
44,medium,deepseekv4_attnmhc_dnd,wikitext2,2048000,3,4,500
44,medium,deepseekv4_attnmhc_dnd,wikitext2,2048000,3,5,600
44,medium,deepseekv4_attnmhc_dnd,wikitext2,2048000,3,6,514
44,medium,deepseekv4_attnmhc_dnd,wikitext2,2048000,3,7,439
44,medium,deepseekv4_attnmhc_dnd,wikitext2,2048000,4,0,535
44,medium,deepseekv4_attnmhc_dnd,wikitext2,2048000,4,1,526
44,medium,deepseekv4_attnmhc_dnd,wikitext2,2048000,4,2,525
44,medium,deepseekv4_attnmhc_dnd,wikitext2,2048000,4,3,508
44,medium,deepseekv4_attnmhc_dnd,wikitext2,2048000,4,4,509
44,medium,deepseekv4_attnmhc_dnd,wikitext2,2048000,4,5,534
44,medium,deepseekv4_attnmhc_dnd,wikitext2,2048000,4,6,458
44,medium,deepseekv4_attnmhc_dnd,wikitext2,2048000,4,7,501
44,medium,deepseekv4_attnmhc_dnd,wikitext2,2048000,5,0,516
44,medium,deepseekv4_attnmhc_dnd,wikitext2,2048000,5,1,518
44,medium,deepseekv4_attnmhc_dnd,wikitext2,2048000,5,2,531
44,medium,deepseekv4_attnmhc_dnd,wikitext2,2048000,5,3,520
44,medium,deepseekv4_attnmhc_dnd,wikitext2,2048000,5,4,541
44,medium,deepseekv4_attnmhc_dnd,wikitext2,2048000,5,5,501
44,medium,deepseekv4_attnmhc_dnd,wikitext2,2048000,5,6,470
44,medium,deepseekv4_attnmhc_dnd,wikitext2,2048000,5,7,499
